,Date,Close,High,Low,Open,Volume
1,2000-08-31,278.29998779296875,278.29998779296875,274.79998779296875,274.79998779296875,0
2,2000-09-01,277.0,277.0,277.0,277.0,0
3,2000-09-05,275.79998779296875,275.79998779296875,275.79998779296875,275.79998779296875,2
4,2000-09-06,274.20001220703125,274.20001220703125,274.20001220703125,274.20001220703125,0
5,2000-09-07,274.0,274.0,274.0,274.0,125
6,2000-09-08,273.29998779296875,273.29998779296875,273.29998779296875,273.29998779296875,0
7,2000-09-11,273.1000061035156,273.1000061035156,273.1000061035156,273.1000061035156,0
8,2000-09-12,272.8999938964844,272.8999938964844,272.8999938964844,272.8999938964844,0
9,2000-09-13,272.79998779296875,272.79998779296875,272.79998779296875,272.79998779296875,0
10,2000-09-14,272.3999938964844,272.3999938964844,272.3999938964844,272.3999938964844,0
11,2000-09-15,272.29998779296875,272.29998779296875,272.29998779296875,272.29998779296875,0
12,2000-09-18,271.3999938964844,271.3999938964844,271.3999938964844,271.3999938964844,0
13,2000-09-19,271.8999938964844,271.8999938964844,271.8999938964844,271.8999938964844,0
14,2000-09-20,269.0,269.0,269.0,269.0,0
15,2000-09-21,270.29998779296875,270.29998779296875,270.29998779296875,270.29998779296875,0
16,2000-09-22,271.79998779296875,271.79998779296875,271.79998779296875,271.79998779296875,0
17,2000-09-25,274.1000061035156,274.1000061035156,274.1000061035156,274.1000061035156,0
18,2000-09-26,273.8999938964844,273.8999938964844,273.8999938964844,273.8999938964844,0
19,2000-09-27,278.3999938964844,278.3999938964844,278.3999938964844,278.3999938964844,3511
20,2000-09-28,275.6000061035156,277.5,275.1000061035156,277.5,631
21,2000-09-29,273.6000061035156,274.6000061035156,272.0,274.6000061035156,22
22,2000-10-02,273.1000061035156,273.5,272.5,272.79998779296875,161
23,2000-10-03,271.6000061035156,272.79998779296875,271.5,272.1000061035156,25
24,2000-10-04,270.29998779296875,271.0,270.1000061035156,270.5,11
25,2000-10-05,270.6000061035156,270.6000061035156,270.0,270.29998779296875,6
26,2000-10-06,269.29998779296875,270.20001220703125,269.29998779296875,269.79998779296875,2
27,2000-10-09,270.1000061035156,270.1000061035156,269.1000061035156,269.1000061035156,4
28,2000-10-10,272.3999938964844,272.3999938964844,272.3999938964844,272.3999938964844,13
29,2000-10-11,270.5,273.5,270.5,272.5,18
30,2000-10-12,276.3999938964844,276.3999938964844,274.0,274.0,3
31,2000-10-13,272.3999938964844,274.20001220703125,272.3999938964844,274.20001220703125,0
32,2000-10-16,271.5,271.5,271.5,271.5,5
33,2000-10-17,271.1000061035156,271.1000061035156,271.1000061035156,271.1000061035156,0
34,2000-10-18,270.29998779296875,270.29998779296875,270.29998779296875,270.29998779296875,0
35,2000-10-19,270.1000061035156,270.1000061035156,270.1000061035156,270.1000061035156,1
36,2000-10-20,271.20001220703125,271.20001220703125,271.20001220703125,271.20001220703125,32
37,2000-10-23,270.1000061035156,271.70001220703125,270.1000061035156,271.70001220703125,1
38,2000-10-24,270.1000061035156,270.1000061035156,269.79998779296875,269.79998779296875,16
39,2000-10-25,266.20001220703125,267.1000061035156,266.0,266.20001220703125,20
40,2000-10-26,264.8999938964844,267.0,264.8999938964844,266.0,0
41,2000-10-27,264.3999938964844,265.5,264.3999938964844,265.5,1
42,2000-10-30,264.29998779296875,264.29998779296875,264.29998779296875,264.29998779296875,2
43,2000-10-31,264.8999938964844,265.0,264.5,264.5,0
44,2000-11-01,263.8999938964844,263.8999938964844,263.8999938964844,263.8999938964844,0
45,2000-11-02,264.3999938964844,264.3999938964844,264.3999938964844,264.3999938964844,0
46,2000-11-03,264.6000061035156,264.6000061035156,264.6000061035156,264.6000061035156,0
47,2000-11-06,264.5,264.5,264.5,264.5,0
48,2000-11-07,264.29998779296875,264.29998779296875,264.29998779296875,264.29998779296875,0
49,2000-11-08,265.0,265.0,265.0,265.0,0
50,2000-11-09,265.79998779296875,265.79998779296875,265.79998779296875,265.79998779296875,0
51,2000-11-10,264.5,264.5,264.5,264.5,0
52,2000-11-13,264.29998779296875,264.29998779296875,264.29998779296875,264.29998779296875,100
53,2000-11-14,264.8999938964844,264.8999938964844,264.8999938964844,264.8999938964844,0
54,2000-11-15,265.1000061035156,265.1000061035156,265.1000061035156,265.1000061035156,0
55,2000-11-16,265.79998779296875,265.79998779296875,265.79998779296875,265.79998779296875,3
56,2000-11-17,265.70001220703125,265.70001220703125,265.20001220703125,265.20001220703125,7
57,2000-11-20,266.29998779296875,266.29998779296875,266.29998779296875,266.29998779296875,0
58,2000-11-21,265.70001220703125,265.70001220703125,265.70001220703125,265.70001220703125,0
59,2000-11-22,266.29998779296875,266.29998779296875,266.29998779296875,266.29998779296875,0
60,2000-11-27,270.1000061035156,270.1000061035156,270.1000061035156,270.1000061035156,0
61,2000-11-28,269.79998779296875,269.79998779296875,269.79998779296875,269.79998779296875,28696
62,2000-11-29,266.3999938964844,270.1000061035156,265.79998779296875,269.6000061035156,2849
63,2000-11-30,270.1000061035156,270.20001220703125,266.20001220703125,266.3999938964844,810
64,2000-12-01,268.70001220703125,272.0,268.5,269.70001220703125,332
65,2000-12-04,270.70001220703125,272.0,270.0,271.0,137
66,2000-12-05,270.3999938964844,271.0,269.8999938964844,270.8999938964844,407
67,2000-12-06,274.29998779296875,274.29998779296875,270.6000061035156,271.0,81
68,2000-12-07,273.20001220703125,276.0,272.6000061035156,274.29998779296875,36
69,2000-12-08,272.20001220703125,273.0,272.20001220703125,272.70001220703125,120
70,2000-12-11,270.20001220703125,270.70001220703125,269.20001220703125,270.70001220703125,15
71,2000-12-12,270.29998779296875,270.29998779296875,269.5,270.29998779296875,62
72,2000-12-13,268.6000061035156,270.0,268.1000061035156,270.0,30
73,2000-12-14,269.0,269.0,268.0,268.6000061035156,31
74,2000-12-15,270.3999938964844,270.3999938964844,269.20001220703125,269.20001220703125,63
75,2000-12-18,269.70001220703125,270.0,269.70001220703125,270.0,17
76,2000-12-19,269.70001220703125,269.70001220703125,269.0,269.70001220703125,203
77,2000-12-20,272.5,272.5,272.0,272.5,5
78,2000-12-21,273.70001220703125,273.70001220703125,273.0,273.0,110
79,2000-12-22,273.70001220703125,274.0,273.70001220703125,273.70001220703125,13
80,2000-12-26,274.1000061035156,274.79998779296875,273.20001220703125,273.20001220703125,0
81,2000-12-27,275.20001220703125,275.20001220703125,274.5,274.5,1
82,2000-12-28,271.70001220703125,273.20001220703125,271.70001220703125,273.20001220703125,1
83,2000-12-29,272.0,272.0,272.0,272.0,0
84,2001-01-02,268.3999938964844,268.3999938964844,268.3999938964844,268.3999938964844,0
85,2001-01-03,268.0,268.0,268.0,268.0,1
86,2001-01-04,267.29998779296875,267.29998779296875,267.29998779296875,267.29998779296875,1
87,2001-01-05,268.0,268.0,268.0,268.0,0
88,2001-01-08,268.0,268.0,268.0,268.0,0
89,2001-01-09,267.5,267.5,267.5,267.5,0
90,2001-01-10,264.70001220703125,264.70001220703125,264.70001220703125,264.70001220703125,0
91,2001-01-11,264.0,264.0,264.0,264.0,0
92,2001-01-12,263.8999938964844,263.8999938964844,263.8999938964844,263.8999938964844,0
93,2001-01-16,263.29998779296875,263.29998779296875,263.29998779296875,263.29998779296875,0
94,2001-01-17,263.20001220703125,263.20001220703125,263.20001220703125,263.20001220703125,0
95,2001-01-18,264.20001220703125,264.20001220703125,264.20001220703125,264.20001220703125,0
96,2001-01-19,264.29998779296875,264.29998779296875,264.29998779296875,264.29998779296875,0
97,2001-01-22,266.3999938964844,266.3999938964844,266.3999938964844,266.3999938964844,0
98,2001-01-23,266.1000061035156,266.1000061035156,266.1000061035156,266.1000061035156,0
99,2001-01-24,264.29998779296875,264.29998779296875,264.29998779296875,264.29998779296875,0
100,2001-01-25,264.5,264.5,264.5,264.5,0
101,2001-01-26,262.79998779296875,262.79998779296875,262.79998779296875,262.79998779296875,0
102,2001-01-29,262.79998779296875,262.79998779296875,262.79998779296875,262.79998779296875,15489
103,2001-01-30,265.5,266.6000061035156,262.8999938964844,262.8999938964844,1754
104,2001-01-31,265.6000061035156,266.0,263.70001220703125,265.20001220703125,566
105,2001-02-01,268.5,268.8999938964844,266.29998779296875,266.29998779296875,410
106,2001-02-02,267.1000061035156,268.20001220703125,266.5,268.0,107
107,2001-02-05,265.20001220703125,265.79998779296875,265.1000061035156,265.1000061035156,192
108,2001-02-06,263.29998779296875,263.8999938964844,261.79998779296875,263.8999938964844,25
109,2001-02-07,262.79998779296875,263.5,262.3999938964844,262.79998779296875,166
110,2001-02-08,260.1000061035156,263.5,259.79998779296875,263.5,13
111,2001-02-09,259.8999938964844,260.5,259.0,260.5,0
112,2001-02-12,260.70001220703125,262.5,260.1000061035156,262.5,17
113,2001-02-13,260.29998779296875,261.0,261.0,261.0,0
114,2001-02-14,259.3999938964844,260.0,259.3999938964844,260.0,30
115,2001-02-15,255.10000610351562,259.5,255.10000610351562,259.5,23
116,2001-02-16,258.20001220703125,258.5,255.0,255.0,2
117,2001-02-20,256.1000061035156,256.1000061035156,255.0,256.1000061035156,24
118,2001-02-21,258.20001220703125,258.20001220703125,256.6000061035156,256.70001220703125,40
119,2001-02-22,258.5,258.5,257.5,258.5,16
120,2001-02-23,260.8999938964844,260.8999938964844,259.6000061035156,260.0,0
121,2001-02-26,265.79998779296875,265.79998779296875,261.5,262.0,1
122,2001-02-27,267.3999938964844,267.3999938964844,267.0,267.0,0
123,2001-02-28,266.79998779296875,266.79998779296875,266.79998779296875,266.79998779296875,0
124,2001-03-01,265.20001220703125,265.20001220703125,265.20001220703125,265.20001220703125,0
125,2001-03-02,262.1000061035156,262.1000061035156,262.1000061035156,262.1000061035156,0
126,2001-03-05,262.5,262.5,262.5,262.5,11
127,2001-03-06,259.8999938964844,260.0,259.8999938964844,260.0,20
128,2001-03-07,261.3999938964844,261.3999938964844,259.0,259.0,0
129,2001-03-08,265.3999938964844,265.3999938964844,265.3999938964844,265.3999938964844,0
130,2001-03-09,270.79998779296875,270.79998779296875,270.79998779296875,270.79998779296875,0
131,2001-03-12,271.6000061035156,271.6000061035156,271.6000061035156,271.6000061035156,8
132,2001-03-13,266.79998779296875,266.79998779296875,266.79998779296875,266.79998779296875,0
133,2001-03-14,262.5,262.5,262.5,262.5,0
134,2001-03-15,260.0,260.0,260.0,260.0,2
135,2001-03-16,258.1000061035156,258.1000061035156,257.0,257.0,0
136,2001-03-19,259.79998779296875,259.79998779296875,259.79998779296875,259.79998779296875,0
137,2001-03-20,260.5,260.5,260.5,260.5,0
138,2001-03-21,261.8999938964844,261.8999938964844,261.8999938964844,261.8999938964844,0
139,2001-03-22,261.1000061035156,261.1000061035156,261.1000061035156,261.1000061035156,1
140,2001-03-23,261.5,261.5,261.5,261.5,0
141,2001-03-26,261.8999938964844,261.8999938964844,261.8999938964844,261.8999938964844,0
142,2001-03-27,261.0,261.0,261.0,261.0,0
143,2001-03-28,259.70001220703125,259.70001220703125,259.70001220703125,259.70001220703125,22994
144,2001-03-29,258.79998779296875,260.3999938964844,258.20001220703125,259.70001220703125,5646
145,2001-03-30,257.8999938964844,259.29998779296875,256.6000061035156,258.79998779296875,2479
146,2001-04-02,255.60000610351562,257.79998779296875,255.0,257.20001220703125,456
147,2001-04-03,256.79998779296875,258.6000061035156,255.5,255.5,326
148,2001-04-04,258.3999938964844,260.5,258.0,258.29998779296875,175
149,2001-04-05,258.1000061035156,259.1000061035156,257.70001220703125,259.1000061035156,150
150,2001-04-06,260.0,260.20001220703125,257.79998779296875,259.5,86
151,2001-04-09,258.29998779296875,260.5,258.0,260.5,28
152,2001-04-10,257.29998779296875,258.29998779296875,256.6000061035156,258.29998779296875,31
153,2001-04-11,258.70001220703125,260.0,256.5,257.70001220703125,95
154,2001-04-12,260.1000061035156,261.0,259.0,260.1000061035156,20
155,2001-04-16,263.29998779296875,263.79998779296875,260.29998779296875,260.5,71
156,2001-04-17,261.1000061035156,262.3999938964844,260.5,260.5,38
157,2001-04-18,261.29998779296875,262.29998779296875,259.5,260.0,0
158,2001-04-19,265.29998779296875,265.29998779296875,262.29998779296875,263.0,101
159,2001-04-20,264.79998779296875,265.0,263.5,264.70001220703125,16
160,2001-04-23,263.70001220703125,263.70001220703125,262.6000061035156,263.6000061035156,69
161,2001-04-24,264.1000061035156,265.0,264.0,265.0,64
162,2001-04-25,262.3999938964844,264.3999938964844,262.0,263.5,0
163,2001-04-26,264.3999938964844,264.3999938964844,263.5,264.3999938964844,1
164,2001-04-27,263.8999938964844,263.8999938964844,263.8999938964844,263.8999938964844,6
165,2001-04-30,264.0,264.0,264.0,264.0,0
166,2001-05-01,264.3999938964844,264.3999938964844,264.3999938964844,264.3999938964844,0
167,2001-05-02,265.3999938964844,265.3999938964844,265.3999938964844,265.3999938964844,0
168,2001-05-03,266.29998779296875,266.29998779296875,266.29998779296875,266.29998779296875,0
169,2001-05-04,266.1000061035156,266.1000061035156,266.1000061035156,266.1000061035156,0
170,2001-05-07,266.1000061035156,266.1000061035156,266.1000061035156,266.1000061035156,0
171,2001-05-08,265.1000061035156,265.1000061035156,265.1000061035156,265.1000061035156,0
172,2001-05-09,270.0,270.0,270.0,270.0,0
173,2001-05-10,269.1000061035156,269.1000061035156,269.1000061035156,269.1000061035156,0
174,2001-05-11,267.8999938964844,267.8999938964844,267.8999938964844,267.8999938964844,0
175,2001-05-14,268.29998779296875,268.29998779296875,268.29998779296875,268.29998779296875,0
176,2001-05-15,268.1000061035156,268.1000061035156,268.1000061035156,268.1000061035156,0
177,2001-05-16,272.0,272.0,272.0,272.0,0
178,2001-05-17,273.6000061035156,273.6000061035156,273.6000061035156,273.6000061035156,0
179,2001-05-18,287.3999938964844,287.3999938964844,287.3999938964844,287.3999938964844,0
180,2001-05-21,285.3999938964844,285.3999938964844,285.3999938964844,285.3999938964844,0
181,2001-05-22,285.1000061035156,285.1000061035156,285.1000061035156,285.1000061035156,0
182,2001-05-23,283.6000061035156,283.6000061035156,283.6000061035156,283.6000061035156,6
183,2001-05-24,279.1000061035156,279.1000061035156,279.1000061035156,279.1000061035156,6
184,2001-05-25,277.8999938964844,277.8999938964844,277.8999938964844,277.8999938964844,0
185,2001-05-29,273.79998779296875,273.79998779296875,273.79998779296875,273.79998779296875,28775
186,2001-05-30,265.70001220703125,275.0,264.20001220703125,274.3999938964844,2955
187,2001-05-31,265.29998779296875,268.1000061035156,264.79998779296875,265.1000061035156,1108
188,2001-06-01,266.3999938964844,266.8999938964844,264.5,264.70001220703125,251
189,2001-06-04,264.8999938964844,266.8999938964844,264.5,266.8999938964844,122
190,2001-06-05,265.70001220703125,265.8999938964844,264.5,265.0,126
191,2001-06-06,265.70001220703125,267.0,265.20001220703125,266.70001220703125,112
192,2001-06-07,266.0,266.5,265.0,266.29998779296875,119
193,2001-06-08,273.3999938964844,274.20001220703125,266.20001220703125,266.20001220703125,166
194,2001-06-11,267.8999938964844,271.20001220703125,266.5,271.1000061035156,131
195,2001-06-12,271.5,271.5,269.0,270.0,91
196,2001-06-13,272.0,272.5,270.0,271.8999938964844,38
197,2001-06-14,275.29998779296875,276.0,272.0,272.0,76
198,2001-06-15,271.20001220703125,274.70001220703125,271.20001220703125,274.29998779296875,20
199,2001-06-18,272.3999938964844,272.5,271.29998779296875,272.0,31
200,2001-06-19,273.3999938964844,273.3999938964844,273.0,273.0,21
201,2001-06-20,272.3999938964844,272.70001220703125,271.0,272.70001220703125,26
202,2001-06-21,272.6000061035156,272.6000061035156,271.79998779296875,271.79998779296875,12
203,2001-06-22,272.29998779296875,273.6000061035156,272.0,273.6000061035156,0
204,2001-06-25,273.70001220703125,275.0,273.70001220703125,275.0,8
205,2001-06-26,276.20001220703125,277.0,274.0,274.0,0
206,2001-06-27,272.1000061035156,275.70001220703125,272.1000061035156,275.70001220703125,0
207,2001-06-28,269.29998779296875,269.29998779296875,269.29998779296875,269.29998779296875,0
208,2001-06-29,270.6000061035156,270.6000061035156,270.6000061035156,270.6000061035156,0
209,2001-07-02,269.3999938964844,269.3999938964844,269.3999938964844,269.3999938964844,0
210,2001-07-03,267.6000061035156,267.6000061035156,267.6000061035156,267.6000061035156,1
211,2001-07-05,265.1000061035156,265.1000061035156,263.70001220703125,265.1000061035156,1
212,2001-07-06,265.8999938964844,265.8999938964844,265.8999938964844,265.8999938964844,70
213,2001-07-09,266.5,266.5,266.5,266.5,0
214,2001-07-10,266.20001220703125,266.20001220703125,266.20001220703125,266.20001220703125,5
215,2001-07-11,268.29998779296875,268.29998779296875,268.29998779296875,268.29998779296875,0
216,2001-07-12,266.6000061035156,266.6000061035156,266.6000061035156,266.6000061035156,0
217,2001-07-13,267.1000061035156,267.1000061035156,267.1000061035156,267.1000061035156,0
218,2001-07-16,266.8999938964844,266.8999938964844,266.8999938964844,266.8999938964844,0
219,2001-07-17,268.1000061035156,268.1000061035156,268.1000061035156,268.1000061035156,5
220,2001-07-18,270.3999938964844,270.3999938964844,270.3999938964844,270.3999938964844,0
221,2001-07-19,269.3999938964844,269.3999938964844,269.3999938964844,269.3999938964844,5
222,2001-07-20,269.8999938964844,269.8999938964844,269.8999938964844,269.8999938964844,0
223,2001-07-23,268.79998779296875,268.79998779296875,268.79998779296875,268.79998779296875,0
224,2001-07-24,269.70001220703125,269.70001220703125,269.70001220703125,269.70001220703125,0
225,2001-07-25,267.70001220703125,267.70001220703125,267.70001220703125,267.70001220703125,0
226,2001-07-26,266.20001220703125,266.20001220703125,266.20001220703125,266.20001220703125,0
227,2001-07-27,267.3999938964844,267.3999938964844,267.3999938964844,267.3999938964844,17975
228,2001-07-30,264.6000061035156,267.5,264.1000061035156,267.29998779296875,1912
229,2001-07-31,266.20001220703125,266.5,264.3999938964844,264.79998779296875,348
230,2001-08-01,267.3999938964844,268.1000061035156,265.79998779296875,266.20001220703125,284
231,2001-08-02,267.3999938964844,268.0,266.1000061035156,267.0,136
232,2001-08-03,267.8999938964844,268.5,266.5,267.0,234
233,2001-08-06,267.1000061035156,267.79998779296875,267.0,267.79998779296875,156
234,2001-08-07,267.20001220703125,267.20001220703125,265.8999938964844,267.0,291
235,2001-08-08,267.8999938964844,268.0,265.8999938964844,266.1000061035156,436
236,2001-08-09,273.3999938964844,274.0,268.0,268.0,107
237,2001-08-10,273.8999938964844,275.79998779296875,273.0,273.3999938964844,3
238,2001-08-13,275.70001220703125,275.70001220703125,275.20001220703125,275.20001220703125,8
239,2001-08-14,276.29998779296875,276.29998779296875,273.20001220703125,274.79998779296875,10
240,2001-08-15,275.70001220703125,276.0,275.0,275.0,2
241,2001-08-16,275.20001220703125,275.20001220703125,275.0,275.0,6
242,2001-08-17,279.29998779296875,279.29998779296875,277.20001220703125,277.6000061035156,26
243,2001-08-20,276.1000061035156,277.20001220703125,276.1000061035156,277.20001220703125,1
244,2001-08-21,275.0,275.0,275.0,275.0,2
245,2001-08-22,274.8999938964844,274.8999938964844,274.8999938964844,274.8999938964844,0
246,2001-08-23,275.29998779296875,275.29998779296875,275.29998779296875,275.29998779296875,0
247,2001-08-24,272.5,272.5,272.5,272.5,59
248,2001-08-27,272.6000061035156,272.6000061035156,272.3999938964844,272.5,56
249,2001-08-28,272.29998779296875,272.29998779296875,272.29998779296875,272.29998779296875,0
250,2001-08-29,273.70001220703125,274.20001220703125,273.70001220703125,274.20001220703125,0
251,2001-08-30,275.3999938964844,275.3999938964844,275.3999938964844,275.3999938964844,0
252,2001-08-31,274.3999938964844,274.3999938964844,274.3999938964844,274.3999938964844,0
253,2001-09-04,271.6000061035156,271.6000061035156,271.6000061035156,271.6000061035156,0
254,2001-09-05,272.0,272.0,272.0,272.0,0
255,2001-09-06,273.0,273.0,273.0,273.0,0
256,2001-09-07,273.1000061035156,273.1000061035156,273.0,273.1000061035156,0
257,2001-09-10,271.6000061035156,271.6000061035156,271.6000061035156,271.6000061035156,0
258,2001-09-14,290.20001220703125,290.20001220703125,290.20001220703125,290.20001220703125,0
259,2001-09-17,289.79998779296875,289.79998779296875,289.79998779296875,289.79998779296875,0
260,2001-09-18,288.1000061035156,288.1000061035156,288.1000061035156,288.1000061035156,0
261,2001-09-19,291.5,291.5,291.5,291.5,1
262,2001-09-20,289.0,289.5,289.0,289.5,1
263,2001-09-21,291.8999938964844,291.8999938964844,291.8999938964844,291.8999938964844,0
264,2001-09-24,289.70001220703125,289.79998779296875,289.70001220703125,289.79998779296875,0
265,2001-09-25,290.5,290.5,290.5,290.5,0
266,2001-09-26,293.29998779296875,293.29998779296875,293.29998779296875,293.29998779296875,1010
267,2001-09-27,291.70001220703125,293.5,289.0,293.5,942
268,2001-09-28,292.3999938964844,294.0,290.70001220703125,290.70001220703125,1183
269,2001-10-01,292.20001220703125,292.8999938964844,290.5,291.79998779296875,91
270,2001-10-02,289.8999938964844,292.1000061035156,289.8999938964844,292.1000061035156,157
271,2001-10-03,290.5,291.20001220703125,290.1000061035156,291.0,84
272,2001-10-04,290.5,292.0,290.0,290.0,20
273,2001-10-05,291.3999938964844,292.5,291.3999938964844,291.5,10
274,2001-10-08,292.3999938964844,292.5,292.0,292.0,10
275,2001-10-09,288.8999938964844,292.70001220703125,288.8999938964844,292.70001220703125,17
276,2001-10-10,285.70001220703125,287.5,284.0,287.5,71
277,2001-10-11,281.79998779296875,283.5,280.5,283.5,140
278,2001-10-12,284.8999938964844,284.8999938964844,282.20001220703125,282.20001220703125,27
279,2001-10-15,282.1000061035156,282.70001220703125,282.1000061035156,282.70001220703125,51
280,2001-10-16,282.29998779296875,282.79998779296875,281.70001220703125,282.20001220703125,140
281,2001-10-17,283.3999938964844,283.3999938964844,282.20001220703125,282.20001220703125,7
282,2001-10-18,279.20001220703125,282.5,279.20001220703125,282.5,7
283,2001-10-19,280.1000061035156,280.1000061035156,279.0,279.5,4
284,2001-10-22,275.5,275.5,275.5,275.5,4
285,2001-10-23,276.1000061035156,277.0,276.1000061035156,277.0,42
286,2001-10-24,275.8999938964844,275.8999938964844,275.8999938964844,275.8999938964844,1
287,2001-10-25,277.79998779296875,277.79998779296875,277.79998779296875,277.79998779296875,1
288,2001-10-26,277.8999938964844,277.8999938964844,277.8999938964844,277.8999938964844,1
289,2001-10-29,279.1000061035156,279.1000061035156,278.5,278.5,6
290,2001-10-30,280.6000061035156,281.20001220703125,279.5,281.20001220703125,2
291,2001-10-31,279.5,280.5,279.5,279.5,0
292,2001-11-01,279.70001220703125,279.70001220703125,279.70001220703125,279.70001220703125,0
293,2001-11-02,279.79998779296875,279.79998779296875,279.79998779296875,279.79998779296875,0
294,2001-11-05,278.5,278.5,278.5,278.5,0
295,2001-11-06,279.70001220703125,279.70001220703125,279.70001220703125,279.70001220703125,90
296,2001-11-07,281.0,281.0,280.5,280.5,5
297,2001-11-08,276.79998779296875,278.0,276.79998779296875,278.0,1
298,2001-11-09,277.3999938964844,277.3999938964844,277.20001220703125,277.20001220703125,0
299,2001-11-12,278.29998779296875,278.29998779296875,278.29998779296875,278.29998779296875,4
300,2001-11-13,277.79998779296875,277.79998779296875,277.79998779296875,277.79998779296875,0
301,2001-11-14,277.79998779296875,277.79998779296875,277.79998779296875,277.79998779296875,0
302,2001-11-15,275.1000061035156,275.1000061035156,275.1000061035156,275.1000061035156,0
303,2001-11-16,274.70001220703125,274.70001220703125,274.70001220703125,274.70001220703125,0
304,2001-11-19,272.70001220703125,272.70001220703125,272.70001220703125,272.70001220703125,0
305,2001-11-20,273.0,273.0,273.0,273.0,0
306,2001-11-21,272.8999938964844,272.8999938964844,272.8999938964844,272.8999938964844,0
307,2001-11-26,272.29998779296875,272.29998779296875,272.29998779296875,272.29998779296875,0
308,2001-11-27,273.20001220703125,273.20001220703125,273.20001220703125,273.20001220703125,0
309,2001-11-28,274.1000061035156,274.1000061035156,274.1000061035156,274.1000061035156,22395
310,2001-11-29,273.5,275.3999938964844,273.0,274.1000061035156,4710
311,2001-11-30,273.8999938964844,275.5,272.6000061035156,273.20001220703125,744
312,2001-12-03,276.8999938964844,277.5,273.5,273.5,389
313,2001-12-04,275.3999938964844,277.20001220703125,275.0,276.8999938964844,214
314,2001-12-05,273.70001220703125,275.6000061035156,273.0,275.29998779296875,198
315,2001-12-06,274.20001220703125,274.29998779296875,273.1000061035156,274.20001220703125,73
316,2001-12-07,273.8999938964844,274.3999938964844,273.29998779296875,274.1000061035156,478
317,2001-12-10,272.20001220703125,273.20001220703125,271.20001220703125,272.5,357
318,2001-12-11,272.20001220703125,272.5,271.5,272.5,79
319,2001-12-12,273.79998779296875,273.79998779296875,272.5,272.70001220703125,57
320,2001-12-13,273.8999938964844,274.3999938964844,273.5,274.0,44
321,2001-12-14,278.0,278.5,275.0,275.0,51
322,2001-12-17,277.70001220703125,278.20001220703125,277.0,278.20001220703125,17
323,2001-12-18,280.3999938964844,281.29998779296875,278.29998779296875,280.3999938964844,119
324,2001-12-19,275.5,280.0,275.5,280.0,18
325,2001-12-20,276.0,276.5,276.0,276.5,18
326,2001-12-21,278.0,278.6000061035156,276.0,276.0,39
327,2001-12-26,279.70001220703125,280.8999938964844,278.29998779296875,278.29998779296875,0
328,2001-12-27,277.3999938964844,278.5,277.20001220703125,278.0,2
329,2001-12-28,276.5,276.5,276.5,276.5,2
330,2001-12-31,278.70001220703125,278.70001220703125,276.79998779296875,276.79998779296875,2
331,2002-01-02,278.8999938964844,278.8999938964844,278.8999938964844,278.8999938964844,2
332,2002-01-03,278.20001220703125,278.20001220703125,278.20001220703125,278.20001220703125,2
333,2002-01-04,278.8999938964844,278.8999938964844,278.8999938964844,278.8999938964844,2
334,2002-01-07,278.6000061035156,279.0,278.6000061035156,278.6000061035156,1
335,2002-01-08,278.8999938964844,278.8999938964844,278.8999938964844,278.8999938964844,1
336,2002-01-09,283.3999938964844,283.3999938964844,283.3999938964844,283.3999938964844,1
337,2002-01-10,287.1000061035156,287.1000061035156,287.1000061035156,287.1000061035156,2
338,2002-01-11,287.3999938964844,287.3999938964844,287.3999938964844,287.3999938964844,2
339,2002-01-14,285.3999938964844,285.3999938964844,285.3999938964844,285.3999938964844,2
340,2002-01-15,284.3999938964844,284.3999938964844,284.3999938964844,284.3999938964844,2
341,2002-01-16,287.29998779296875,287.29998779296875,287.29998779296875,287.29998779296875,2
342,2002-01-17,284.3999938964844,284.3999938964844,284.3999938964844,284.3999938964844,2
343,2002-01-18,283.1000061035156,283.1000061035156,283.1000061035156,283.1000061035156,2
344,2002-01-22,281.5,281.5,281.5,281.5,2
345,2002-01-23,278.6000061035156,278.6000061035156,278.6000061035156,278.6000061035156,2
346,2002-01-24,278.1000061035156,278.1000061035156,278.1000061035156,278.1000061035156,2
347,2002-01-25,278.79998779296875,278.79998779296875,278.79998779296875,278.79998779296875,2
348,2002-01-28,278.29998779296875,278.29998779296875,278.29998779296875,278.29998779296875,2
349,2002-01-29,281.3999938964844,281.3999938964844,281.3999938964844,281.3999938964844,23818
350,2002-01-30,281.8999938964844,283.20001220703125,280.5,281.8999938964844,3680
351,2002-01-31,282.1000061035156,282.79998779296875,280.79998779296875,281.0,1082
352,2002-02-01,286.0,287.5,282.20001220703125,282.29998779296875,536
353,2002-02-04,289.29998779296875,290.0,285.3999938964844,286.0,336
354,2002-02-05,298.20001220703125,298.20001220703125,290.0,290.0,1043
355,2002-02-06,297.5,308.0,296.20001220703125,297.29998779296875,239
356,2002-02-07,299.70001220703125,301.5,296.20001220703125,297.20001220703125,264
357,2002-02-08,303.5,307.3999938964844,302.79998779296875,304.5,187
358,2002-02-11,300.1000061035156,303.5,297.5,303.5,362
359,2002-02-12,300.70001220703125,300.70001220703125,297.0,299.0,454
360,2002-02-13,299.3999938964844,300.70001220703125,296.70001220703125,300.5,229
361,2002-02-14,299.70001220703125,300.5,299.3999938964844,300.0,20
362,2002-02-15,298.3999938964844,301.6000061035156,298.3999938964844,300.5,62
363,2002-02-19,293.20001220703125,297.29998779296875,293.20001220703125,297.0,35
364,2002-02-20,292.29998779296875,294.20001220703125,290.79998779296875,294.1000061035156,24
365,2002-02-21,293.20001220703125,293.3999938964844,291.79998779296875,291.79998779296875,13
366,2002-02-22,293.20001220703125,293.20001220703125,292.5,293.20001220703125,151
367,2002-02-25,292.70001220703125,293.0,291.5,292.70001220703125,0
368,2002-02-26,298.0,298.0,293.20001220703125,294.0,4
369,2002-02-27,296.29998779296875,296.29998779296875,295.29998779296875,295.29998779296875,5
370,2002-02-28,296.70001220703125,296.70001220703125,296.0,296.0,0
371,2002-03-01,298.0,298.0,298.0,298.0,0
372,2002-03-04,296.70001220703125,296.70001220703125,296.70001220703125,296.70001220703125,5
373,2002-03-05,294.0,298.0,294.0,298.0,0
374,2002-03-06,293.5,293.5,293.3999938964844,293.5,0
375,2002-03-07,290.1000061035156,290.1000061035156,290.1000061035156,290.1000061035156,76
376,2002-03-08,290.1000061035156,290.1000061035156,290.1000061035156,290.1000061035156,0
377,2002-03-11,291.1000061035156,291.1000061035156,291.1000061035156,291.1000061035156,44
378,2002-03-12,293.6000061035156,293.6000061035156,293.6000061035156,293.6000061035156,0
379,2002-03-13,293.6000061035156,293.6000061035156,293.6000061035156,293.6000061035156,0
380,2002-03-14,291.0,291.0,291.0,291.0,0
381,2002-03-15,289.8999938964844,289.8999938964844,289.8999938964844,289.8999938964844,0
382,2002-03-18,292.1000061035156,292.1000061035156,292.1000061035156,292.1000061035156,0
383,2002-03-19,292.79998779296875,292.79998779296875,292.79998779296875,292.79998779296875,0
384,2002-03-20,292.1000061035156,292.1000061035156,292.1000061035156,292.1000061035156,6
385,2002-03-21,292.79998779296875,292.79998779296875,292.79998779296875,292.79998779296875,0
386,2002-03-22,297.29998779296875,297.29998779296875,297.29998779296875,297.29998779296875,0
387,2002-03-25,297.3999938964844,297.3999938964844,297.3999938964844,297.3999938964844,0
388,2002-03-26,296.6000061035156,296.6000061035156,296.6000061035156,296.6000061035156,24896
389,2002-03-27,302.20001220703125,303.1000061035156,296.29998779296875,296.79998779296875,4104
390,2002-03-28,302.6000061035156,304.5,300.5,302.79998779296875,334
391,2002-04-01,303.20001220703125,303.20001220703125,300.70001220703125,302.6000061035156,436
392,2002-04-02,305.8999938964844,306.79998779296875,302.5,303.0,276
393,2002-04-03,302.6000061035156,306.0,302.0,306.0,251
394,2002-04-04,301.1000061035156,302.6000061035156,299.0,302.6000061035156,86
395,2002-04-05,300.1000061035156,302.5,298.70001220703125,300.70001220703125,97
396,2002-04-08,300.5,301.5,299.0,299.0,133
397,2002-04-09,298.79998779296875,300.0,298.5,300.0,66
398,2002-04-10,301.70001220703125,302.5,297.70001220703125,298.0,42
399,2002-04-11,302.20001220703125,303.20001220703125,301.5,301.70001220703125,108
400,2002-04-12,302.1000061035156,302.1000061035156,300.5,301.5,118
401,2002-04-15,300.0,303.29998779296875,299.8999938964844,303.29998779296875,132
402,2002-04-16,298.79998779296875,299.20001220703125,297.5,299.20001220703125,39
403,2002-04-17,302.1000061035156,303.29998779296875,298.79998779296875,298.79998779296875,11
404,2002-04-18,304.5,306.0,303.6000061035156,303.6000061035156,68
405,2002-04-19,302.29998779296875,302.5,301.8999938964844,302.5,30
406,2002-04-22,303.0,304.1000061035156,303.0,304.1000061035156,40
407,2002-04-23,304.0,304.0,302.79998779296875,302.8999938964844,120
408,2002-04-24,304.29998779296875,305.70001220703125,304.29998779296875,305.0,173
409,2002-04-25,308.1000061035156,309.29998779296875,305.3999938964844,305.3999938964844,0
410,2002-04-26,311.6000061035156,312.5,306.5,308.3999938964844,0
411,2002-04-29,311.20001220703125,311.20001220703125,311.20001220703125,311.20001220703125,0
412,2002-04-30,308.8999938964844,308.8999938964844,308.8999938964844,308.8999938964844,0
413,2002-05-01,309.1000061035156,309.1000061035156,309.1000061035156,309.1000061035156,0
414,2002-05-02,308.29998779296875,308.29998779296875,308.29998779296875,308.29998779296875,0
415,2002-05-03,312.20001220703125,312.20001220703125,312.20001220703125,312.20001220703125,0
416,2002-05-06,311.20001220703125,311.20001220703125,311.20001220703125,311.20001220703125,0
417,2002-05-07,311.6000061035156,311.6000061035156,311.6000061035156,311.6000061035156,0
418,2002-05-08,308.20001220703125,308.20001220703125,308.20001220703125,308.20001220703125,2
419,2002-05-09,309.5,309.5,307.5,307.5,0
420,2002-05-10,311.0,311.0,311.0,311.0,0
421,2002-05-13,310.6000061035156,311.0,310.6000061035156,311.0,7
422,2002-05-14,307.29998779296875,307.5,306.79998779296875,307.5,0
423,2002-05-15,308.70001220703125,308.70001220703125,308.70001220703125,308.70001220703125,0
424,2002-05-16,309.79998779296875,309.79998779296875,309.79998779296875,309.79998779296875,0
425,2002-05-17,310.6000061035156,310.6000061035156,310.6000061035156,310.6000061035156,0
426,2002-05-20,315.70001220703125,315.70001220703125,315.70001220703125,315.70001220703125,0
427,2002-05-21,315.79998779296875,315.79998779296875,315.79998779296875,315.79998779296875,0
428,2002-05-22,318.0,318.0,318.0,318.0,0
429,2002-05-23,322.5,322.5,322.5,322.5,0
430,2002-05-24,320.3999938964844,320.3999938964844,320.3999938964844,320.3999938964844,0
431,2002-05-28,323.8999938964844,323.8999938964844,323.8999938964844,323.8999938964844,0
432,2002-05-29,325.3999938964844,325.3999938964844,325.3999938964844,325.3999938964844,22051
433,2002-05-30,325.5,326.70001220703125,323.5,325.3999938964844,6764
434,2002-05-31,326.5,329.0,324.20001220703125,325.0,919
435,2002-06-03,326.70001220703125,328.5,325.0,326.6000061035156,1866
436,2002-06-04,327.79998779296875,330.29998779296875,327.0,327.0,996
437,2002-06-05,321.20001220703125,327.29998779296875,320.1000061035156,327.29998779296875,190
438,2002-06-06,324.8999938964844,326.0,321.1000061035156,321.1000061035156,422
439,2002-06-07,324.6000061035156,327.5,323.8999938964844,325.5,237
440,2002-06-10,318.70001220703125,323.8999938964844,318.0,323.0,171
441,2002-06-11,319.70001220703125,319.70001220703125,316.0,319.29998779296875,602
442,2002-06-12,320.29998779296875,322.29998779296875,318.79998779296875,319.6000061035156,71
443,2002-06-13,317.70001220703125,320.1000061035156,317.0,320.1000061035156,67
444,2002-06-14,319.1000061035156,321.5,319.1000061035156,321.20001220703125,43
445,2002-06-17,317.3999938964844,318.79998779296875,317.29998779296875,318.0,329
446,2002-06-18,319.20001220703125,319.20001220703125,317.0,317.0,19
447,2002-06-19,319.79998779296875,320.6000061035156,319.79998779296875,320.20001220703125,116
448,2002-06-20,323.20001220703125,324.5,321.29998779296875,321.29998779296875,52
449,2002-06-21,324.6000061035156,325.20001220703125,322.20001220703125,322.8999938964844,329
450,2002-06-24,324.29998779296875,327.29998779296875,324.0,326.5,294
451,2002-06-25,320.20001220703125,323.70001220703125,318.0,323.70001220703125,0
452,2002-06-26,320.5,324.0,320.5,322.1000061035156,13
453,2002-06-27,319.20001220703125,320.29998779296875,319.20001220703125,320.29998779296875,0
454,2002-06-28,313.5,313.5,313.5,313.5,0
455,2002-07-01,314.0,314.0,314.0,314.0,20
456,2002-07-02,312.79998779296875,315.29998779296875,312.79998779296875,315.0,0
457,2002-07-03,310.8999938964844,311.0,310.8999938964844,311.0,2
458,2002-07-08,312.1000061035156,313.29998779296875,312.1000061035156,313.29998779296875,10
459,2002-07-09,316.1000061035156,316.1000061035156,312.6000061035156,313.3999938964844,0
460,2002-07-10,314.70001220703125,314.70001220703125,314.70001220703125,314.70001220703125,0
461,2002-07-11,317.20001220703125,317.20001220703125,317.20001220703125,317.20001220703125,0
462,2002-07-12,315.6000061035156,315.6000061035156,315.6000061035156,315.6000061035156,2
463,2002-07-15,319.6000061035156,320.5,319.0,320.5,18
464,2002-07-16,317.20001220703125,318.20001220703125,317.20001220703125,318.20001220703125,0
465,2002-07-17,317.3999938964844,317.3999938964844,317.3999938964844,317.3999938964844,24
466,2002-07-18,317.0,317.0,317.0,317.0,29
467,2002-07-19,323.8999938964844,323.8999938964844,323.8999938964844,323.8999938964844,403
468,2002-07-22,323.6000061035156,323.6000061035156,323.6000061035156,323.6000061035156,0
469,2002-07-23,312.70001220703125,312.70001220703125,312.70001220703125,312.70001220703125,0
470,2002-07-24,311.5,311.5,311.5,311.5,0
471,2002-07-25,309.79998779296875,309.79998779296875,309.79998779296875,309.79998779296875,3
472,2002-07-26,303.3999938964844,303.3999938964844,303.3999938964844,303.3999938964844,0
473,2002-07-29,302.5,302.5,300.79998779296875,302.5,23830
474,2002-07-30,303.70001220703125,305.20001220703125,301.5,301.5,3224
475,2002-07-31,303.20001220703125,305.29998779296875,301.79998779296875,303.70001220703125,965
476,2002-08-01,304.0,304.79998779296875,298.0,303.20001220703125,217
477,2002-08-02,307.0,307.8999938964844,303.6000061035156,303.6000061035156,392
478,2002-08-05,307.79998779296875,309.6000061035156,306.5,307.5,139
479,2002-08-06,305.5,307.5,304.79998779296875,307.5,52
480,2002-08-07,314.29998779296875,315.5,307.8999938964844,308.0,177
481,2002-08-08,310.3999938964844,314.6000061035156,310.29998779296875,314.6000061035156,86
482,2002-08-09,314.20001220703125,315.0,310.0,310.0,29
483,2002-08-12,314.1000061035156,318.0,313.79998779296875,313.79998779296875,8
484,2002-08-13,314.20001220703125,315.0,313.6000061035156,313.6000061035156,68
485,2002-08-14,311.79998779296875,317.0,311.0,317.0,152
486,2002-08-15,314.29998779296875,316.5,311.1000061035156,311.6000061035156,132
487,2002-08-16,313.70001220703125,315.0,312.20001220703125,313.1000061035156,725
488,2002-08-19,306.0,313.1000061035156,305.5,313.1000061035156,118
489,2002-08-20,308.70001220703125,308.70001220703125,306.20001220703125,307.3999938964844,219
490,2002-08-21,307.6000061035156,308.0,306.0,307.5,105
491,2002-08-22,306.6000061035156,306.6000061035156,304.8999938964844,305.79998779296875,378
492,2002-08-23,306.70001220703125,306.70001220703125,305.20001220703125,305.5,53
493,2002-08-26,309.3999938964844,310.5,309.3999938964844,310.5,153
494,2002-08-27,312.29998779296875,312.8999938964844,308.5,308.5,0
495,2002-08-28,309.3999938964844,312.5,309.3999938964844,311.8999938964844,17
496,2002-08-29,312.8999938964844,312.8999938964844,312.0,312.0,0
497,2002-08-30,312.3999938964844,312.3999938964844,312.3999938964844,312.3999938964844,36
498,2002-09-03,313.3999938964844,313.3999938964844,312.5,312.5,0
499,2002-09-04,314.8999938964844,314.8999938964844,314.8999938964844,314.8999938964844,0
500,2002-09-05,318.20001220703125,318.20001220703125,318.20001220703125,318.20001220703125,7
501,2002-09-06,319.8999938964844,320.0,319.8999938964844,320.0,0
502,2002-09-09,321.29998779296875,321.29998779296875,321.29998779296875,321.29998779296875,0
503,2002-09-10,317.8999938964844,317.8999938964844,317.8999938964844,317.8999938964844,0
504,2002-09-11,316.6000061035156,316.6000061035156,316.6000061035156,316.6000061035156,0
505,2002-09-12,318.8999938964844,318.8999938964844,318.8999938964844,318.8999938964844,0
506,2002-09-13,316.6000061035156,319.0,316.6000061035156,319.0,0
507,2002-09-16,317.1000061035156,317.1000061035156,317.1000061035156,317.1000061035156,0
508,2002-09-17,317.0,317.0,317.0,317.0,0
509,2002-09-18,320.6000061035156,320.6000061035156,320.6000061035156,320.6000061035156,0
510,2002-09-19,322.6000061035156,322.6000061035156,322.6000061035156,322.6000061035156,0
511,2002-09-20,321.8999938964844,321.8999938964844,321.8999938964844,321.8999938964844,7
512,2002-09-23,323.0,323.0,323.0,323.0,0
513,2002-09-24,325.8999938964844,325.8999938964844,325.8999938964844,325.8999938964844,0
514,2002-09-25,322.20001220703125,322.20001220703125,322.20001220703125,322.20001220703125,0
515,2002-09-26,320.29998779296875,320.29998779296875,320.29998779296875,320.29998779296875,3485
516,2002-09-27,319.70001220703125,321.20001220703125,319.0,319.6000061035156,858
517,2002-09-30,323.8999938964844,324.20001220703125,320.3999938964844,320.70001220703125,43
518,2002-10-01,320.8999938964844,322.0,320.8999938964844,322.0,2837
519,2002-10-02,321.5,321.5,319.6000061035156,319.6000061035156,41
520,2002-10-03,321.1000061035156,322.8999938964844,321.0,321.0,9
521,2002-10-04,322.1000061035156,322.1000061035156,321.3999938964844,321.3999938964844,117
522,2002-10-07,321.8999938964844,322.20001220703125,321.8999938964844,322.0,12
523,2002-10-08,318.20001220703125,319.70001220703125,318.20001220703125,319.0,5
524,2002-10-09,319.6000061035156,319.6000061035156,318.20001220703125,318.20001220703125,35
525,2002-10-10,316.5,319.29998779296875,316.5,319.0,10
526,2002-10-11,316.29998779296875,317.0,316.29998779296875,316.70001220703125,18
527,2002-10-14,317.79998779296875,318.0,317.79998779296875,318.0,6
528,2002-10-15,312.6000061035156,315.5,312.6000061035156,315.5,31
529,2002-10-16,314.0,314.5,314.0,314.5,539
530,2002-10-17,311.6000061035156,314.0,311.5,314.0,17
531,2002-10-18,312.70001220703125,313.20001220703125,311.79998779296875,312.20001220703125,17
532,2002-10-21,310.8999938964844,313.0,310.8999938964844,310.8999938964844,12
533,2002-10-22,313.0,313.29998779296875,312.29998779296875,313.29998779296875,12
534,2002-10-23,312.0,313.29998779296875,312.0,313.29998779296875,80
535,2002-10-24,310.70001220703125,311.70001220703125,309.79998779296875,311.70001220703125,10
536,2002-10-25,313.3999938964844,314.0,312.79998779296875,314.0,26
537,2002-10-28,315.20001220703125,315.20001220703125,314.0,314.0,0
538,2002-10-29,317.70001220703125,317.70001220703125,316.0,317.70001220703125,13
539,2002-10-30,316.5,316.5,316.0,316.5,2
540,2002-10-31,318.0,318.0,318.0,318.0,0
541,2002-11-01,318.79998779296875,318.79998779296875,318.79998779296875,318.79998779296875,0
542,2002-11-04,318.29998779296875,318.29998779296875,318.29998779296875,318.29998779296875,0
543,2002-11-05,318.20001220703125,318.20001220703125,318.20001220703125,318.20001220703125,0
544,2002-11-06,317.5,317.5,317.5,317.5,0
545,2002-11-07,320.5,320.5,320.5,320.5,2
546,2002-11-08,321.29998779296875,321.5,321.29998779296875,321.5,0
547,2002-11-11,321.20001220703125,321.20001220703125,321.20001220703125,321.20001220703125,0
548,2002-11-12,324.5,324.5,324.5,324.5,4
549,2002-11-13,318.70001220703125,318.70001220703125,317.5,318.70001220703125,0
550,2002-11-14,317.8999938964844,318.79998779296875,317.8999938964844,318.79998779296875,0
551,2002-11-15,320.70001220703125,320.70001220703125,320.70001220703125,320.70001220703125,0
552,2002-11-18,319.20001220703125,319.20001220703125,319.20001220703125,319.20001220703125,0
553,2002-11-19,318.6000061035156,318.6000061035156,318.6000061035156,318.6000061035156,0
554,2002-11-20,317.3999938964844,317.3999938964844,317.3999938964844,317.3999938964844,0
555,2002-11-21,317.3999938964844,317.3999938964844,317.3999938964844,317.3999938964844,2
556,2002-11-22,320.70001220703125,320.70001220703125,317.20001220703125,317.3999938964844,4
557,2002-11-25,317.79998779296875,317.79998779296875,316.5,316.5,50896
558,2002-11-26,317.70001220703125,318.8999938964844,317.1000061035156,318.1000061035156,0
559,2002-11-27,316.79998779296875,318.5,316.70001220703125,318.0,3643
560,2002-12-02,317.6000061035156,318.5,315.5,318.1000061035156,750
561,2002-12-03,320.20001220703125,321.20001220703125,317.1000061035156,317.3999938964844,628
562,2002-12-04,322.20001220703125,323.0,319.79998779296875,319.79998779296875,395
563,2002-12-05,324.79998779296875,324.79998779296875,321.0,321.70001220703125,859
564,2002-12-06,326.29998779296875,328.0,324.29998779296875,324.29998779296875,134
565,2002-12-09,325.79998779296875,326.6000061035156,324.79998779296875,325.70001220703125,124
566,2002-12-10,323.5,326.20001220703125,323.0,326.0,274
567,2002-12-11,324.79998779296875,325.0,323.20001220703125,323.20001220703125,224
568,2002-12-12,331.3999938964844,333.0,326.5,333.0,234
569,2002-12-13,333.20001220703125,336.0,330.29998779296875,331.0,64
570,2002-12-16,337.0,337.0,332.5,334.0,175
571,2002-12-17,337.3999938964844,342.0,336.5,337.5,27
572,2002-12-18,342.1000061035156,342.5,337.0,337.29998779296875,84
573,2002-12-19,345.8999938964844,349.20001220703125,342.5,344.3999938964844,48
574,2002-12-20,340.5,346.0,340.0,346.0,57
575,2002-12-23,345.1000061035156,345.1000061035156,342.0,344.5,227
576,2002-12-24,346.79998779296875,347.70001220703125,346.0,346.1000061035156,43
577,2002-12-26,348.8999938964844,350.3999938964844,346.0,346.0,0
578,2002-12-27,349.20001220703125,350.5,347.20001220703125,348.79998779296875,95
579,2002-12-30,343.3999938964844,350.3999938964844,343.3999938964844,350.3999938964844,11
580,2002-12-31,347.6000061035156,347.6000061035156,341.0,343.6000061035156,0
581,2003-01-02,346.1000061035156,346.1000061035156,346.1000061035156,346.1000061035156,3
582,2003-01-03,351.20001220703125,351.20001220703125,345.20001220703125,345.20001220703125,0
583,2003-01-06,351.70001220703125,351.70001220703125,351.1000061035156,351.70001220703125,2
584,2003-01-07,347.29998779296875,349.29998779296875,347.29998779296875,349.29998779296875,4
585,2003-01-08,353.8999938964844,353.8999938964844,346.29998779296875,346.79998779296875,0
586,2003-01-09,353.29998779296875,353.29998779296875,353.29998779296875,353.29998779296875,2
587,2003-01-10,354.5,354.5,354.20001220703125,354.20001220703125,1
588,2003-01-13,354.70001220703125,354.70001220703125,352.0,352.0,0
589,2003-01-14,352.0,352.0,352.0,352.0,1
590,2003-01-15,350.70001220703125,350.70001220703125,350.0,350.0,0
591,2003-01-16,357.70001220703125,357.70001220703125,357.70001220703125,357.70001220703125,0
592,2003-01-17,356.6000061035156,356.6000061035156,356.6000061035156,356.6000061035156,0
593,2003-01-21,357.29998779296875,357.29998779296875,356.20001220703125,357.29998779296875,20
594,2003-01-22,359.70001220703125,360.5,359.0,360.5,0
595,2003-01-23,364.5,364.5,364.5,364.5,1
596,2003-01-24,368.20001220703125,368.20001220703125,367.0,368.20001220703125,44
597,2003-01-27,369.3999938964844,372.0,369.3999938964844,371.0,28
598,2003-01-28,370.0,370.0,369.0,369.0,0
599,2003-01-29,366.29998779296875,366.29998779296875,366.29998779296875,366.29998779296875,834
600,2003-01-30,368.6000061035156,370.0,362.6000061035156,366.0,6537
601,2003-01-31,368.29998779296875,371.5,367.0,368.79998779296875,821
602,2003-02-03,370.79998779296875,372.0,368.0,368.0,1358
603,2003-02-04,379.0,379.5,371.20001220703125,371.3999938964844,833
604,2003-02-05,376.3999938964844,388.8999938964844,374.0,379.0,730
605,2003-02-06,370.1000061035156,377.0,368.3999938964844,370.0,179
606,2003-02-07,369.8999938964844,374.5,367.5,370.5,572
607,2003-02-10,363.70001220703125,372.0,363.70001220703125,370.3999938964844,611
608,2003-02-11,362.5,365.3999938964844,361.79998779296875,363.20001220703125,801
609,2003-02-12,352.6000061035156,364.6000061035156,352.6000061035156,363.79998779296875,221
610,2003-02-13,357.3999938964844,359.0,349.0,352.3999938964844,207
611,2003-02-14,351.8999938964844,357.6000061035156,349.8999938964844,354.8999938964844,518
612,2003-02-18,344.20001220703125,348.0,342.0,347.79998779296875,319
613,2003-02-19,349.8999938964844,350.0,344.0,344.0,160
614,2003-02-20,353.1000061035156,355.0,350.0,351.70001220703125,202
615,2003-02-21,351.79998779296875,353.79998779296875,351.79998779296875,352.5,83
616,2003-02-24,356.29998779296875,358.0,353.0,353.8999938964844,115
617,2003-02-25,352.29998779296875,359.0,352.0,357.3999938964844,0
618,2003-02-26,354.0,356.0,351.5,353.0,3
619,2003-02-27,346.1000061035156,346.1000061035156,346.1000061035156,346.1000061035156,0
620,2003-02-28,350.20001220703125,350.20001220703125,350.20001220703125,350.20001220703125,16
621,2003-03-03,349.20001220703125,349.20001220703125,349.20001220703125,349.20001220703125,0
622,2003-03-04,353.20001220703125,353.20001220703125,353.20001220703125,353.20001220703125,0
623,2003-03-05,353.1000061035156,353.1000061035156,353.1000061035156,353.1000061035156,0
624,2003-03-06,356.79998779296875,356.79998779296875,356.79998779296875,356.79998779296875,0
625,2003-03-07,350.79998779296875,350.79998779296875,350.79998779296875,350.79998779296875,0
626,2003-03-10,354.70001220703125,354.70001220703125,354.70001220703125,354.70001220703125,0
627,2003-03-11,350.5,350.5,350.5,350.5,0
628,2003-03-12,346.5,346.5,346.5,346.5,1
629,2003-03-13,335.8999938964844,342.70001220703125,335.8999938964844,342.70001220703125,1
630,2003-03-14,336.5,336.5,336.5,336.5,4
631,2003-03-17,337.1000061035156,343.0,337.1000061035156,343.0,24
632,2003-03-18,337.6000061035156,340.1000061035156,336.0,336.0,5
633,2003-03-19,336.1000061035156,336.1000061035156,336.1000061035156,336.1000061035156,0
634,2003-03-20,332.8999938964844,332.8999938964844,332.8999938964844,332.8999938964844,0
635,2003-03-21,326.0,326.0,326.0,326.0,0
636,2003-03-24,329.5,329.5,329.5,329.5,5
637,2003-03-25,328.3999938964844,328.3999938964844,328.3999938964844,328.3999938964844,13
638,2003-03-26,330.29998779296875,330.29998779296875,330.29998779296875,330.29998779296875,0
639,2003-03-27,328.70001220703125,328.70001220703125,328.70001220703125,328.70001220703125,0
640,2003-03-28,328.70001220703125,331.5,328.70001220703125,331.5,4021
641,2003-03-31,335.8999938964844,336.3999938964844,331.6000061035156,331.6000061035156,2026
642,2003-04-01,334.29998779296875,338.3999938964844,333.79998779296875,336.0,434
643,2003-04-02,329.6000061035156,335.70001220703125,327.5,334.3999938964844,293
644,2003-04-03,324.8999938964844,329.70001220703125,323.20001220703125,329.70001220703125,636
645,2003-04-04,325.29998779296875,325.5,323.0,324.70001220703125,154
646,2003-04-07,321.5,323.5,319.29998779296875,321.0,55
647,2003-04-08,322.20001220703125,323.8999938964844,321.5,322.29998779296875,860
648,2003-04-09,325.6000061035156,327.0,322.0,323.0,163
649,2003-04-10,326.70001220703125,327.29998779296875,324.3999938964844,327.0,45
650,2003-04-11,327.8999938964844,327.8999938964844,323.3999938964844,326.5,139
651,2003-04-14,324.20001220703125,326.0,324.20001220703125,325.6000061035156,25
652,2003-04-15,324.8999938964844,325.8999938964844,322.5,324.5,149
653,2003-04-16,325.79998779296875,325.79998779296875,323.5,325.5,0
654,2003-04-17,327.20001220703125,328.29998779296875,326.0,326.0,16
655,2003-04-21,333.5,333.5,329.5,329.70001220703125,0
656,2003-04-22,334.3999938964844,336.5,333.20001220703125,333.5,22
657,2003-04-23,331.5,334.70001220703125,331.5,334.29998779296875,77
658,2003-04-24,334.79998779296875,335.20001220703125,331.79998779296875,332.6000061035156,21
659,2003-04-25,333.3999938964844,334.5,333.29998779296875,333.3999938964844,0
660,2003-04-28,334.5,335.0,334.5,335.0,1
661,2003-04-29,333.70001220703125,333.0,333.0,333.0,1
662,2003-04-30,339.1000061035156,337.0,337.0,337.0,6
663,2003-05-01,342.1000061035156,339.0,339.0,339.0,1
664,2003-05-02,341.0,342.20001220703125,342.20001220703125,342.1000061035156,1
665,2003-05-05,342.29998779296875,342.29998779296875,342.29998779296875,342.29998779296875,1
666,2003-05-06,342.5,342.5,342.5,342.5,5
667,2003-05-07,341.8999938964844,342.1000061035156,342.1000061035156,342.1000061035156,5
668,2003-05-08,348.3999938964844,344.6000061035156,344.6000061035156,344.6000061035156,6
669,2003-05-09,348.6000061035156,348.20001220703125,348.20001220703125,348.29998779296875,1
670,2003-05-12,351.6000061035156,351.6000061035156,351.6000061035156,351.6000061035156,1
671,2003-05-13,350.0,350.0,350.0,350.0,1
672,2003-05-14,352.29998779296875,350.1000061035156,350.1000061035156,350.1000061035156,1
673,2003-05-15,352.6000061035156,352.6000061035156,352.6000061035156,352.6000061035156,1
674,2003-05-16,354.70001220703125,352.70001220703125,352.70001220703125,352.6000061035156,1
675,2003-05-19,364.20001220703125,364.20001220703125,364.20001220703125,364.20001220703125,1
676,2003-05-20,366.29998779296875,366.29998779296875,366.29998779296875,366.29998779296875,1
677,2003-05-21,372.0,366.3999938964844,366.3999938964844,366.3999938964844,1
678,2003-05-22,368.1000061035156,368.1000061035156,368.1000061035156,368.1000061035156,1
679,2003-05-23,368.79998779296875,368.79998779296875,368.79998779296875,368.79998779296875,1
680,2003-05-27,367.79998779296875,367.79998779296875,367.79998779296875,367.79998779296875,68840
681,2003-05-28,365.20001220703125,367.29998779296875,358.6000061035156,367.0,57228
682,2003-05-29,369.6000061035156,370.0,360.20001220703125,365.1000061035156,33180
683,2003-05-30,364.5,369.6000061035156,360.5,368.6000061035156,4747
684,2003-06-02,366.0,367.0,360.0,360.0,1955
685,2003-06-03,365.20001220703125,366.8999938964844,363.0,365.0,987
686,2003-06-04,362.6000061035156,366.1000061035156,361.5,366.1000061035156,452
687,2003-06-05,368.6000061035156,370.0,360.8999938964844,361.79998779296875,1831
688,2003-06-06,363.70001220703125,368.1000061035156,362.0,368.1000061035156,942
689,2003-06-09,361.79998779296875,366.1000061035156,361.20001220703125,362.79998779296875,453
690,2003-06-10,352.20001220703125,362.29998779296875,351.5,359.5,1371
691,2003-06-11,355.5,356.1000061035156,352.20001220703125,352.20001220703125,558
692,2003-06-12,353.29998779296875,355.6000061035156,351.0,354.5,114
693,2003-06-13,356.6000061035156,357.0,352.29998779296875,353.70001220703125,82
694,2003-06-16,359.0,359.29998779296875,356.5,359.1000061035156,560
695,2003-06-17,363.20001220703125,365.0,359.8999938964844,359.8999938964844,146
696,2003-06-18,357.20001220703125,361.0,356.79998779296875,360.70001220703125,67
697,2003-06-19,361.29998779296875,363.0,356.0,356.0,29
698,2003-06-20,356.29998779296875,362.29998779296875,356.0,362.29998779296875,93
699,2003-06-23,353.0,357.29998779296875,351.5,355.8999938964844,178
700,2003-06-24,346.29998779296875,354.0,346.29998779296875,354.0,83
701,2003-06-25,349.29998779296875,349.8999938964844,347.70001220703125,348.1000061035156,514
702,2003-06-26,343.8999938964844,345.5,343.3999938964844,346.5,1
703,2003-06-27,345.20001220703125,345.20001220703125,345.20001220703125,345.20001220703125,3
704,2003-06-30,346.0,345.29998779296875,345.29998779296875,345.29998779296875,3
705,2003-07-01,351.3999938964844,351.3999938964844,351.3999938964844,351.3999938964844,3
706,2003-07-02,351.29998779296875,351.3999938964844,351.3999938964844,351.3999938964844,3
707,2003-07-03,351.0,351.0,351.0,351.0,3
708,2003-07-07,348.1000061035156,351.0,351.0,351.0,3
709,2003-07-08,344.1000061035156,344.1000061035156,344.1000061035156,344.1000061035156,3
710,2003-07-09,343.6000061035156,343.6000061035156,343.6000061035156,343.6000061035156,3
711,2003-07-10,344.29998779296875,343.6000061035156,343.6000061035156,343.6000061035156,3
712,2003-07-11,344.79998779296875,344.0,344.0,344.0,1
713,2003-07-14,347.70001220703125,346.8999938964844,346.8999938964844,344.5,120
714,2003-07-15,342.1000061035156,347.70001220703125,347.70001220703125,347.70001220703125,120
715,2003-07-16,343.1000061035156,342.1000061035156,342.1000061035156,342.1000061035156,100
716,2003-07-17,344.20001220703125,343.1000061035156,343.1000061035156,343.1000061035156,100
717,2003-07-18,347.20001220703125,344.29998779296875,344.29998779296875,343.5,100
718,2003-07-21,350.8999938964844,350.8999938964844,350.8999938964844,350.8999938964844,100
719,2003-07-22,350.6000061035156,350.8999938964844,350.8999938964844,350.8999938964844,100
720,2003-07-23,358.6000061035156,350.6000061035156,350.6000061035156,350.6000061035156,100
721,2003-07-24,362.20001220703125,358.70001220703125,358.70001220703125,358.6000061035156,100
722,2003-07-25,362.70001220703125,362.70001220703125,362.70001220703125,362.70001220703125,100
723,2003-07-28,364.79998779296875,362.70001220703125,362.70001220703125,362.70001220703125,100
724,2003-07-29,361.70001220703125,364.79998779296875,364.79998779296875,364.70001220703125,48032
725,2003-07-30,356.20001220703125,362.0,354.5,361.1000061035156,34582
726,2003-07-31,354.0,357.5,353.0,354.70001220703125,2554
727,2003-08-01,346.1000061035156,355.1000061035156,346.0,354.1000061035156,2275
728,2003-08-04,349.20001220703125,350.79998779296875,346.29998779296875,346.5,1783
729,2003-08-05,349.6000061035156,349.79998779296875,348.20001220703125,349.1000061035156,102
730,2003-08-06,350.79998779296875,352.20001220703125,349.0,352.0,384
731,2003-08-07,352.5,353.3999938964844,350.1000061035156,351.0,407
732,2003-08-08,356.29998779296875,357.5,352.0,354.0,151
733,2003-08-11,361.70001220703125,361.0,358.70001220703125,359.6000061035156,45
734,2003-08-12,358.5,359.6000061035156,358.1000061035156,359.6000061035156,25
735,2003-08-13,362.1000061035156,363.79998779296875,357.20001220703125,357.20001220703125,15
736,2003-08-14,366.0,366.0,363.0,363.79998779296875,15
737,2003-08-15,363.20001220703125,366.0,363.5,366.0,25
738,2003-08-18,358.3999938964844,360.0,358.0,360.0,21
739,2003-08-19,361.6000061035156,361.29998779296875,357.0,357.0,91
740,2003-08-20,365.6000061035156,367.0,361.1000061035156,361.1000061035156,86
741,2003-08-21,360.6000061035156,364.6000061035156,362.70001220703125,364.6000061035156,49
742,2003-08-22,363.1000061035156,363.5,362.0,362.0,37
743,2003-08-25,361.29998779296875,364.0,361.0,364.0,26
744,2003-08-26,365.79998779296875,366.5,361.0,361.5,187
745,2003-08-27,373.5,375.0,370.5,365.8999938964844,6
746,2003-08-28,370.5,369.0,369.0,369.0,7
747,2003-08-29,375.70001220703125,375.0,375.0,375.0,6
748,2003-09-02,373.20001220703125,375.0,375.0,375.0,8
749,2003-09-03,373.8999938964844,373.8999938964844,373.8999938964844,373.8999938964844,8
750,2003-09-04,372.8999938964844,372.8999938964844,372.8999938964844,372.8999938964844,8
751,2003-09-05,377.6000061035156,377.6000061035156,377.6000061035156,377.6000061035156,8
752,2003-09-08,375.1000061035156,375.1000061035156,375.1000061035156,375.1000061035156,8
753,2003-09-09,381.70001220703125,381.70001220703125,381.70001220703125,381.70001220703125,8
754,2003-09-10,380.0,380.0,380.0,380.0,8
755,2003-09-11,379.70001220703125,378.0,378.0,378.0,1
756,2003-09-12,375.79998779296875,375.79998779296875,375.79998779296875,375.79998779296875,1
757,2003-09-15,374.5,375.3999938964844,375.3999938964844,375.3999938964844,1
758,2003-09-16,373.5,373.5,373.5,373.5,1
759,2003-09-17,376.20001220703125,376.20001220703125,376.20001220703125,376.20001220703125,1
760,2003-09-18,376.6000061035156,376.6000061035156,376.6000061035156,376.6000061035156,1
761,2003-09-19,381.79998779296875,381.79998779296875,381.79998779296875,381.79998779296875,1
762,2003-09-22,387.20001220703125,387.20001220703125,387.20001220703125,387.20001220703125,1
763,2003-09-23,385.8999938964844,385.8999938964844,385.8999938964844,385.8999938964844,1
764,2003-09-24,387.5,387.5,387.5,387.5,1
765,2003-09-25,385.0,385.0,385.0,385.0,1
766,2003-09-26,380.79998779296875,380.79998779296875,380.79998779296875,380.79998779296875,7322
767,2003-09-29,382.3999938964844,385.0,380.1000061035156,381.0,5080
768,2003-09-30,385.3999938964844,388.70001220703125,382.29998779296875,382.29998779296875,3738
769,2003-10-01,384.29998779296875,386.29998779296875,383.0,385.5,83
770,2003-10-02,383.1000061035156,385.1000061035156,380.5,385.1000061035156,146
771,2003-10-03,369.3999938964844,384.5,368.0,383.0,708
772,2003-10-06,372.70001220703125,373.29998779296875,370.70001220703125,371.5,93
773,2003-10-07,377.20001220703125,376.79998779296875,374.6000061035156,374.6000061035156,89
774,2003-10-08,375.3999938964844,377.79998779296875,376.0,376.70001220703125,89
775,2003-10-09,369.20001220703125,373.5,369.0,373.5,1556
776,2003-10-10,373.6000061035156,370.79998779296875,370.79998779296875,370.79998779296875,96
777,2003-10-13,375.20001220703125,371.29998779296875,370.0,371.29998779296875,13
778,2003-10-14,375.70001220703125,375.79998779296875,373.5,373.5,35
779,2003-10-15,372.6000061035156,374.0,374.0,374.0,2
780,2003-10-16,372.70001220703125,372.70001220703125,372.70001220703125,372.70001220703125,18
781,2003-10-17,371.79998779296875,369.5,369.5,369.5,2
782,2003-10-20,374.0,374.5,373.0,373.5,9
783,2003-10-21,381.70001220703125,382.0,377.6000061035156,378.70001220703125,98
784,2003-10-22,386.5,386.6000061035156,385.0,376.5,178
785,2003-10-23,384.70001220703125,387.79998779296875,384.6000061035156,386.0,28
786,2003-10-24,388.8999938964844,394.0,384.1000061035156,384.70001220703125,62
787,2003-10-27,387.8999938964844,389.0,387.0,387.79998779296875,54
788,2003-10-28,383.20001220703125,385.5,383.0,385.0,229
789,2003-10-29,386.79998779296875,387.0,380.79998779296875,383.0,2
790,2003-10-30,384.29998779296875,387.1000061035156,387.1000061035156,387.1000061035156,2
791,2003-10-31,384.5,384.5,384.5,384.5,2
792,2003-11-03,377.0,383.0,382.79998779296875,382.79998779296875,3
793,2003-11-04,379.8999938964844,377.0,377.0,377.0,3
794,2003-11-05,382.6000061035156,382.6000061035156,382.6000061035156,382.6000061035156,3
795,2003-11-06,380.6000061035156,380.6000061035156,380.6000061035156,380.6000061035156,3
796,2003-11-07,383.29998779296875,383.29998779296875,383.29998779296875,383.29998779296875,3
797,2003-11-10,386.6000061035156,386.6000061035156,386.6000061035156,386.6000061035156,3
798,2003-11-11,388.1000061035156,388.70001220703125,388.70001220703125,388.70001220703125,3
799,2003-11-12,394.8999938964844,396.5,396.0,391.70001220703125,1
800,2003-11-13,394.1000061035156,396.0,396.0,396.0,101
801,2003-11-14,397.79998779296875,397.79998779296875,397.79998779296875,397.79998779296875,101
802,2003-11-17,391.5,398.0,398.0,397.6000061035156,101
803,2003-11-18,397.6000061035156,397.6000061035156,397.6000061035156,397.6000061035156,101
804,2003-11-19,394.8999938964844,397.70001220703125,397.70001220703125,397.70001220703125,101
805,2003-11-20,393.70001220703125,393.70001220703125,393.70001220703125,393.70001220703125,101
806,2003-11-21,396.0,395.79998779296875,394.0,394.0,2
807,2003-11-24,391.5,391.5,391.5,391.5,77377
808,2003-11-25,391.1000061035156,393.20001220703125,389.5,391.5,74334
809,2003-11-26,396.79998779296875,402.0,390.6000061035156,390.70001220703125,12662
810,2003-12-01,402.70001220703125,402.8999938964844,397.0,397.20001220703125,1664
811,2003-12-02,403.70001220703125,406.0,399.5,402.0,1519
812,2003-12-03,403.8999938964844,404.0,401.5,403.20001220703125,2672
813,2003-12-04,403.29998779296875,405.0,400.0,403.8999938964844,304
814,2003-12-05,406.3999938964844,406.79998779296875,400.0,402.5,655
815,2003-12-08,406.6000061035156,409.5,405.29998779296875,409.0,221
816,2003-12-09,408.20001220703125,409.1000061035156,406.5,407.0,1224
817,2003-12-10,406.20001220703125,412.0,405.79998779296875,406.8999938964844,842
818,2003-12-11,404.6000061035156,407.0,402.70001220703125,405.79998779296875,101
819,2003-12-12,409.3999938964844,409.8999938964844,406.1000061035156,406.1000061035156,171
820,2003-12-15,409.20001220703125,411.0,401.6000061035156,401.6000061035156,86
821,2003-12-16,407.70001220703125,410.0,407.0,410.0,39
822,2003-12-17,412.0,410.79998779296875,407.70001220703125,409.1000061035156,185
823,2003-12-18,410.3999938964844,413.20001220703125,408.0,413.20001220703125,85
824,2003-12-19,409.20001220703125,411.20001220703125,408.1000061035156,410.79998779296875,94
825,2003-12-22,410.6000061035156,411.5,409.6000061035156,409.6000061035156,52
826,2003-12-23,411.0,411.5,409.79998779296875,410.3999938964844,185
827,2003-12-24,412.29998779296875,413.20001220703125,410.5,411.5,165
828,2003-12-29,414.79998779296875,415.79998779296875,413.0,414.1000061035156,1
829,2003-12-30,416.8999938964844,416.8999938964844,416.8999938964844,416.8999938964844,1
830,2003-12-31,415.70001220703125,417.20001220703125,417.20001220703125,416.8999938964844,1
831,2004-01-05,424.3999938964844,422.5,422.5,415.70001220703125,20
832,2004-01-06,422.79998779296875,424.29998779296875,424.29998779296875,424.3999938964844,20
833,2004-01-07,421.8999938964844,423.0,423.0,423.0,20
834,2004-01-08,424.0,422.0,422.0,421.8999938964844,20
835,2004-01-09,426.3999938964844,423.8999938964844,423.8999938964844,424.0,20
836,2004-01-12,426.29998779296875,428.20001220703125,425.79998779296875,425.79998779296875,3
837,2004-01-13,423.70001220703125,425.8999938964844,423.0,425.3999938964844,12
838,2004-01-14,421.70001220703125,421.70001220703125,421.70001220703125,421.70001220703125,12
839,2004-01-15,408.3999938964844,422.0,422.0,421.79998779296875,12
840,2004-01-16,406.70001220703125,408.29998779296875,408.29998779296875,408.29998779296875,12
841,2004-01-20,412.70001220703125,406.70001220703125,406.70001220703125,406.70001220703125,12
842,2004-01-21,411.1000061035156,412.6000061035156,412.6000061035156,412.6000061035156,2
843,2004-01-22,410.0,411.29998779296875,411.29998779296875,411.29998779296875,2
844,2004-01-23,407.8999938964844,407.8999938964844,407.8999938964844,407.8999938964844,2
845,2004-01-26,406.6000061035156,406.6000061035156,406.6000061035156,406.6000061035156,2
846,2004-01-27,410.0,410.0,410.0,410.0,2
847,2004-01-28,414.5,414.5,414.5,414.5,76523
848,2004-01-29,398.5,412.0,396.5,412.0,42434
849,2004-01-30,402.20001220703125,402.6000061035156,398.0,398.0,13533
850,2004-02-02,398.70001220703125,403.29998779296875,394.0,403.0,2646
851,2004-02-03,399.20001220703125,403.0,398.5,398.5,490
852,2004-02-04,401.0,401.29998779296875,398.5,399.79998779296875,977
853,2004-02-05,398.1000061035156,400.29998779296875,397.5,399.3999938964844,131
854,2004-02-06,403.6000061035156,407.0,397.0,397.0,313
855,2004-02-09,406.79998779296875,407.5,403.79998779296875,403.79998779296875,101
856,2004-02-10,406.3999938964844,410.5,407.29998779296875,407.29998779296875,71
857,2004-02-11,410.20001220703125,412.0,406.0,407.79998779296875,134
858,2004-02-12,413.70001220703125,413.5,410.0,411.8999938964844,146
859,2004-02-13,410.29998779296875,416.0,408.0,412.70001220703125,146
860,2004-02-17,416.0,415.3999938964844,413.3999938964844,414.0,146
861,2004-02-18,412.29998779296875,415.29998779296875,412.0,414.79998779296875,146
862,2004-02-19,409.79998779296875,411.29998779296875,409.0,411.0,63
863,2004-02-20,397.5,409.0,395.0,409.0,109
864,2004-02-23,399.0,400.20001220703125,399.0,399.0,162
865,2004-02-24,404.5,403.20001220703125,399.0,401.6000061035156,77
866,2004-02-25,395.79998779296875,404.79998779296875,395.0,404.79998779296875,31
867,2004-02-26,395.79998779296875,395.1000061035156,395.1000061035156,395.1000061035156,40
868,2004-02-27,396.3999938964844,395.0,395.0,395.1000061035156,2
869,2004-03-01,399.29998779296875,396.3999938964844,396.3999938964844,396.3999938964844,2
870,2004-03-02,393.5,398.79998779296875,393.5,397.5,104
871,2004-03-03,392.3999938964844,391.29998779296875,391.1000061035156,391.1000061035156,4
872,2004-03-04,392.8999938964844,394.79998779296875,393.0,394.79998779296875,86
873,2004-03-05,401.29998779296875,401.0,401.0,401.0,1
874,2004-03-08,400.6000061035156,399.5,399.0,399.5,11
875,2004-03-09,404.20001220703125,402.3999938964844,401.20001220703125,401.70001220703125,5
876,2004-03-10,400.0,400.0,400.0,400.0,1
877,2004-03-11,400.70001220703125,399.1000061035156,399.1000061035156,399.20001220703125,5
878,2004-03-12,395.29998779296875,395.29998779296875,395.29998779296875,395.29998779296875,5
879,2004-03-15,399.3999938964844,399.3999938964844,399.3999938964844,399.3999938964844,5
880,2004-03-16,402.3999938964844,402.0,402.0,402.0,8
881,2004-03-17,406.8999938964844,404.0,404.0,402.5,8
882,2004-03-18,411.1000061035156,411.1000061035156,411.1000061035156,411.1000061035156,8
883,2004-03-19,412.5,412.0,412.0,412.0,16
884,2004-03-22,417.3999938964844,417.3999938964844,417.3999938964844,417.3999938964844,2
885,2004-03-23,419.79998779296875,417.3999938964844,417.3999938964844,417.3999938964844,2
886,2004-03-24,417.20001220703125,417.20001220703125,417.20001220703125,417.20001220703125,2
887,2004-03-25,416.70001220703125,417.0,416.0,416.0,8
888,2004-03-26,422.1000061035156,422.0,422.0,422.0,8
889,2004-03-29,417.1000061035156,422.1000061035156,422.1000061035156,422.1000061035156,64296
890,2004-03-30,421.70001220703125,424.3999938964844,416.5,416.5,36663
891,2004-03-31,427.29998779296875,428.0,420.6000061035156,421.0,4496
892,2004-04-01,427.79998779296875,432.0,424.5,427.20001220703125,1561
893,2004-04-02,421.6000061035156,429.0,417.5,426.6000061035156,1455
894,2004-04-05,415.3999938964844,421.6000061035156,414.0,421.6000061035156,572
895,2004-04-06,418.8999938964844,419.79998779296875,415.6000061035156,415.6000061035156,202
896,2004-04-07,422.79998779296875,423.6000061035156,417.79998779296875,418.8999938964844,381
897,2004-04-08,419.8999938964844,423.29998779296875,419.0,423.29998779296875,790
898,2004-04-12,420.1000061035156,422.1000061035156,418.0,421.1000061035156,39
899,2004-04-13,407.0,417.79998779296875,406.0,417.79998779296875,496
900,2004-04-14,399.79998779296875,407.8999938964844,399.0,407.29998779296875,161
901,2004-04-15,397.70001220703125,401.0,396.5,401.0,333
902,2004-04-16,401.0,402.20001220703125,398.5,399.6000061035156,177
903,2004-04-19,400.6000061035156,404.6000061035156,400.20001220703125,404.6000061035156,76
904,2004-04-20,397.70001220703125,400.29998779296875,396.79998779296875,400.29998779296875,49
905,2004-04-21,390.79998779296875,395.0,390.0,393.3999938964844,63
906,2004-04-22,393.29998779296875,393.5,390.5,390.5,50
907,2004-04-23,395.1000061035156,396.79998779296875,393.0,393.0,41
908,2004-04-26,396.0,396.70001220703125,396.29998779296875,396.5,45
909,2004-04-27,398.6000061035156,399.0,395.79998779296875,397.70001220703125,61
910,2004-04-28,385.3999938964844,396.0,384.1000061035156,395.5,19
911,2004-04-29,386.6000061035156,386.0,380.0,380.0,6
912,2004-04-30,387.0,389.0,389.0,389.0,2
913,2004-05-03,387.0,387.0,387.0,387.0,4
914,2004-05-04,391.3999938964844,392.0,392.0,392.0,2
915,2004-05-05,393.3999938964844,391.3999938964844,391.3999938964844,391.3999938964844,0
916,2004-05-06,388.0,387.20001220703125,387.20001220703125,387.20001220703125,1
917,2004-05-07,378.70001220703125,377.0,377.0,388.1000061035156,3
918,2004-05-10,378.29998779296875,378.6000061035156,378.6000061035156,378.6000061035156,0
919,2004-05-11,376.8999938964844,376.8999938964844,376.8999938964844,376.8999938964844,0
920,2004-05-12,377.3999938964844,377.3999938964844,377.3999938964844,377.3999938964844,0
921,2004-05-13,374.79998779296875,377.3999938964844,377.3999938964844,377.3999938964844,20
922,2004-05-14,377.0,377.0,377.0,377.0,5
923,2004-05-17,379.5,379.5,379.5,379.5,0
924,2004-05-18,375.79998779296875,375.79998779296875,375.79998779296875,375.79998779296875,0
925,2004-05-19,382.8999938964844,382.8999938964844,382.8999938964844,382.8999938964844,0
926,2004-05-20,378.3999938964844,382.79998779296875,382.79998779296875,382.79998779296875,0
927,2004-05-21,384.79998779296875,384.79998779296875,384.79998779296875,384.79998779296875,0
928,2004-05-24,385.6000061035156,385.6000061035156,385.6000061035156,385.6000061035156,0
929,2004-05-25,388.29998779296875,388.29998779296875,388.29998779296875,388.29998779296875,0
930,2004-05-26,388.29998779296875,388.29998779296875,388.29998779296875,388.29998779296875,81917
931,2004-05-27,394.8999938964844,395.8999938964844,388.1000061035156,388.20001220703125,53047
932,2004-05-28,394.0,396.29998779296875,392.6000061035156,395.29998779296875,9836
933,2004-06-01,394.6000061035156,399.0,393.29998779296875,393.8999938964844,1864
934,2004-06-02,390.70001220703125,397.5,390.0,394.5,937
935,2004-06-03,388.1000061035156,393.0,387.3999938964844,390.70001220703125,601
936,2004-06-04,390.8999938964844,391.5,385.5,388.3999938964844,234
937,2004-06-07,393.79998779296875,394.0,392.0,392.6000061035156,130
938,2004-06-08,391.0,395.0,390.29998779296875,393.79998779296875,611
939,2004-06-09,384.5,391.6000061035156,383.0,391.6000061035156,543
940,2004-06-10,385.8999938964844,385.5,384.5,385.29998779296875,71
941,2004-06-14,383.6000061035156,385.29998779296875,383.0,383.6000061035156,209
942,2004-06-15,388.1000061035156,388.5,383.0,383.1000061035156,51
943,2004-06-16,384.6000061035156,386.5,383.5,386.5,102
944,2004-06-17,388.8999938964844,385.29998779296875,385.29998779296875,385.29998779296875,17
945,2004-06-18,395.1000061035156,396.3999938964844,393.0,392.0,108
946,2004-06-21,394.0,394.6000061035156,393.20001220703125,394.6000061035156,133
947,2004-06-22,395.0,396.5,394.0,394.0,56
948,2004-06-23,395.0,397.20001220703125,394.5,395.5,50
949,2004-06-24,403.1000061035156,403.70001220703125,394.6000061035156,394.6000061035156,148
950,2004-06-25,402.8999938964844,403.6000061035156,401.29998779296875,402.29998779296875,189
951,2004-06-28,401.0,405.0,401.29998779296875,403.0,2
952,2004-06-29,392.5,400.20001220703125,398.0,400.20001220703125,5
953,2004-06-30,392.6000061035156,395.3999938964844,394.29998779296875,395.3999938964844,146
954,2004-07-01,396.0,396.0,396.0,396.0,146
955,2004-07-02,398.29998779296875,397.20001220703125,397.20001220703125,396.0,20
956,2004-07-06,392.6000061035156,393.0,393.0,398.29998779296875,20
957,2004-07-07,402.29998779296875,397.79998779296875,397.79998779296875,397.79998779296875,6
958,2004-07-08,407.79998779296875,407.79998779296875,407.79998779296875,407.79998779296875,6
959,2004-07-09,407.5,407.8999938964844,407.8999938964844,407.70001220703125,15
960,2004-07-12,408.1000061035156,407.5,407.5,407.5,15
961,2004-07-13,402.0,408.1000061035156,408.1000061035156,408.1000061035156,15
962,2004-07-14,405.3999938964844,402.0,402.0,402.0,15
963,2004-07-15,404.20001220703125,404.20001220703125,404.20001220703125,404.20001220703125,15
964,2004-07-16,406.6000061035156,404.1000061035156,404.1000061035156,404.20001220703125,15
965,2004-07-19,405.6000061035156,406.6000061035156,406.6000061035156,406.6000061035156,15
966,2004-07-20,401.8999938964844,405.6000061035156,405.6000061035156,405.6000061035156,15
967,2004-07-21,397.1000061035156,401.8999938964844,401.8999938964844,401.79998779296875,15
968,2004-07-22,395.20001220703125,395.20001220703125,395.20001220703125,395.20001220703125,15
969,2004-07-23,390.5,391.0,391.0,395.20001220703125,4
970,2004-07-26,390.29998779296875,389.8999938964844,389.8999938964844,389.8999938964844,1
971,2004-07-27,387.0,390.20001220703125,390.20001220703125,390.29998779296875,0
972,2004-07-28,389.0,387.0,387.0,387.0,69175
973,2004-07-29,387.0,391.0,385.0,389.0,42070
974,2004-07-30,391.0,392.0,387.0,388.20001220703125,4977
975,2004-08-02,391.70001220703125,394.5,391.0,394.0,1102
976,2004-08-03,394.0,394.79998779296875,388.79998779296875,392.0,2692
977,2004-08-04,392.20001220703125,393.6000061035156,390.5,393.6000061035156,149
978,2004-08-05,392.29998779296875,393.5,391.0,393.0,108
979,2004-08-06,399.79998779296875,401.5,391.0,392.5,132
980,2004-08-09,400.70001220703125,400.70001220703125,398.5,399.1000061035156,318
981,2004-08-10,400.0,401.29998779296875,398.5,399.29998779296875,92
982,2004-08-11,395.5,399.5,393.29998779296875,399.5,185
983,2004-08-12,394.29998779296875,396.0,393.5,395.70001220703125,69
984,2004-08-13,398.8999938964844,399.5,393.5,394.29998779296875,64
985,2004-08-16,402.8999938964844,403.0,399.0,399.0,288
986,2004-08-17,404.3999938964844,404.0,400.29998779296875,402.5,208
987,2004-08-18,404.29998779296875,404.5,402.70001220703125,403.0,61
988,2004-08-19,407.1000061035156,407.8999938964844,404.29998779296875,404.29998779296875,128
989,2004-08-20,413.20001220703125,412.79998779296875,407.0,407.0,254
990,2004-08-23,410.5,411.79998779296875,409.70001220703125,411.29998779296875,18
991,2004-08-24,403.0,407.0,404.0,410.5,33
992,2004-08-25,407.8999938964844,407.0,405.20001220703125,405.29998779296875,164
993,2004-08-26,407.3999938964844,409.0,406.20001220703125,409.0,28
994,2004-08-27,403.29998779296875,408.0,403.0,407.3999938964844,19
995,2004-08-30,407.79998779296875,407.8999938964844,404.70001220703125,407.0,114
996,2004-08-31,410.3999938964844,410.3999938964844,410.3999938964844,410.3999938964844,114
997,2004-09-01,408.79998779296875,407.29998779296875,407.29998779296875,407.29998779296875,0
998,2004-09-02,406.0,406.3999938964844,406.3999938964844,407.5,34
999,2004-09-03,400.5,400.5,400.5,400.5,34
1000,2004-09-07,397.3999938964844,398.0,398.0,398.0,60
1001,2004-09-08,399.3999938964844,396.79998779296875,396.79998779296875,396.79998779296875,20
1002,2004-09-09,398.5,398.8999938964844,398.8999938964844,398.8999938964844,20
1003,2004-09-10,401.8999938964844,402.0,401.0,401.0,120
1004,2004-09-13,404.1000061035156,404.1000061035156,404.1000061035156,404.1000061035156,120
1005,2004-09-14,405.70001220703125,405.1000061035156,405.1000061035156,405.1000061035156,43
1006,2004-09-15,405.0,404.0,404.0,407.0,24
1007,2004-09-16,404.70001220703125,404.70001220703125,404.70001220703125,404.70001220703125,24
1008,2004-09-17,405.79998779296875,405.79998779296875,405.79998779296875,405.79998779296875,24
1009,2004-09-20,405.29998779296875,403.6000061035156,403.6000061035156,403.6000061035156,44
1010,2004-09-21,408.29998779296875,408.29998779296875,408.29998779296875,408.29998779296875,44
1011,2004-09-22,407.20001220703125,407.20001220703125,407.20001220703125,407.20001220703125,44
1012,2004-09-23,410.8999938964844,410.8999938964844,410.8999938964844,410.8999938964844,44
1013,2004-09-24,408.1000061035156,408.1000061035156,408.1000061035156,408.1000061035156,44
1014,2004-09-27,409.1000061035156,409.1000061035156,409.1000061035156,409.1000061035156,44
1015,2004-09-28,412.5,410.79998779296875,410.79998779296875,410.79998779296875,9143
1016,2004-09-29,413.0,414.0,411.6000061035156,412.0,5052
1017,2004-09-30,418.70001220703125,418.79998779296875,412.70001220703125,412.8999938964844,1162
1018,2004-10-01,419.5,419.1000061035156,417.0,419.1000061035156,167
1019,2004-10-04,414.0,415.0,411.5,419.0,327
1020,2004-10-05,418.20001220703125,419.29998779296875,415.0,415.29998779296875,164
1021,2004-10-06,418.3999938964844,419.0,417.0,417.5,186
1022,2004-10-07,418.0,419.0,417.5,418.0,93
1023,2004-10-08,423.1000061035156,425.0,418.0,418.70001220703125,75
1024,2004-10-11,422.0,422.20001220703125,421.0,422.20001220703125,20
1025,2004-10-12,415.1000061035156,419.1000061035156,413.5,419.1000061035156,299
1026,2004-10-13,413.20001220703125,411.79998779296875,410.29998779296875,411.0,74
1027,2004-10-14,418.1000061035156,418.79998779296875,415.20001220703125,416.0,101
1028,2004-10-15,418.70001220703125,419.70001220703125,417.79998779296875,418.29998779296875,51
1029,2004-10-18,416.20001220703125,419.0,417.1000061035156,419.0,6
1030,2004-10-19,420.29998779296875,420.70001220703125,420.70001220703125,420.70001220703125,3
1031,2004-10-20,423.5,425.1000061035156,420.29998779296875,420.29998779296875,7
1032,2004-10-21,424.3999938964844,423.5,422.0,423.5,9
1033,2004-10-22,424.6000061035156,424.6000061035156,424.6000061035156,424.6000061035156,193
1034,2004-10-25,429.0,430.0,428.5,429.0,128
1035,2004-10-26,426.79998779296875,429.1000061035156,425.3999938964844,429.1000061035156,55
1036,2004-10-27,424.79998779296875,429.70001220703125,423.5,429.5,50
1037,2004-10-28,425.1000061035156,425.1000061035156,425.1000061035156,425.1000061035156,319
1038,2004-10-29,428.5,428.5,428.5,428.5,319
1039,2004-11-01,427.29998779296875,427.29998779296875,427.29998779296875,427.29998779296875,319
1040,2004-11-02,420.0,427.20001220703125,427.20001220703125,427.20001220703125,319
1041,2004-11-03,424.6000061035156,424.6000061035156,424.6000061035156,424.6000061035156,319
1042,2004-11-04,430.1000061035156,430.1000061035156,430.1000061035156,430.1000061035156,319
1043,2004-11-05,433.6000061035156,433.6000061035156,433.6000061035156,433.6000061035156,319
1044,2004-11-08,432.70001220703125,432.70001220703125,432.70001220703125,432.70001220703125,319
1045,2004-11-09,435.70001220703125,434.0,434.0,434.0,2
1046,2004-11-10,434.0,434.5,434.5,434.5,2
1047,2004-11-11,434.8999938964844,434.8999938964844,434.8999938964844,434.8999938964844,2
1048,2004-11-12,437.8999938964844,437.8999938964844,437.8999938964844,437.8999938964844,0
1049,2004-11-15,437.0,437.0,437.0,437.0,0
1050,2004-11-16,440.20001220703125,440.20001220703125,440.20001220703125,440.20001220703125,0
1051,2004-11-17,444.79998779296875,444.79998779296875,444.79998779296875,444.79998779296875,0
1052,2004-11-18,442.6000061035156,442.6000061035156,442.6000061035156,442.6000061035156,1
1053,2004-11-19,446.79998779296875,446.79998779296875,446.79998779296875,446.79998779296875,0
1054,2004-11-22,448.79998779296875,446.8999938964844,446.8999938964844,446.8999938964844,0
1055,2004-11-23,447.79998779296875,447.79998779296875,447.79998779296875,447.79998779296875,0
1056,2004-11-24,449.29998779296875,449.29998779296875,449.29998779296875,449.29998779296875,110725
1057,2004-11-29,453.70001220703125,454.79998779296875,449.29998779296875,450.79998779296875,56709
1058,2004-11-30,451.29998779296875,454.1000061035156,448.29998779296875,453.79998779296875,14253
1059,2004-12-01,454.0,456.0,450.5,451.6000061035156,2682
1060,2004-12-02,450.3999938964844,456.5,447.0,454.0,1419
1061,2004-12-03,456.0,455.5,448.5,450.3999938964844,1231
1062,2004-12-06,454.20001220703125,456.1000061035156,451.5,454.3999938964844,674
1063,2004-12-07,452.0,455.5,451.5,453.0,550
1064,2004-12-08,437.20001220703125,450.0,434.0,449.0,2065
1065,2004-12-09,435.79998779296875,440.6000061035156,432.6000061035156,437.5,1347
1066,2004-12-10,433.8999938964844,437.1000061035156,432.6000061035156,436.5,209
1067,2004-12-13,438.8999938964844,439.5,436.0,437.0,628
1068,2004-12-14,435.8999938964844,438.8999938964844,435.3999938964844,438.8999938964844,199
1069,2004-12-15,440.79998779296875,442.0,435.70001220703125,435.70001220703125,356
1070,2004-12-16,436.8999938964844,442.6000061035156,437.0,440.79998779296875,232
1071,2004-12-17,441.6000061035156,440.0,436.79998779296875,436.79998779296875,94
1072,2004-12-20,442.3999938964844,444.0,442.0,442.5,461
1073,2004-12-21,441.79998779296875,443.20001220703125,441.1000061035156,443.0,57
1074,2004-12-22,440.29998779296875,442.70001220703125,439.0,442.1000061035156,70
1075,2004-12-23,441.8999938964844,442.6000061035156,441.0,441.29998779296875,98
1076,2004-12-27,445.20001220703125,445.8999938964844,443.0,444.0,348
1077,2004-12-28,444.29998779296875,445.5,443.0,445.5,2
1078,2004-12-29,436.0,440.5,440.5,440.5,3
1079,2004-12-30,437.5,439.0,438.8999938964844,437.70001220703125,3
1080,2005-01-03,428.70001220703125,431.0,431.0,431.0,4
1081,2005-01-04,428.5,428.5,428.5,428.5,108
1082,2005-01-05,426.6000061035156,425.70001220703125,425.70001220703125,425.70001220703125,2
1083,2005-01-06,421.0,421.0,421.0,421.0,1
1084,2005-01-07,418.8999938964844,423.70001220703125,418.70001220703125,423.70001220703125,1
1085,2005-01-10,419.1000061035156,419.1000061035156,419.1000061035156,419.1000061035156,1
1086,2005-01-11,421.8999938964844,421.8999938964844,421.8999938964844,421.8999938964844,1
1087,2005-01-12,426.1000061035156,423.79998779296875,423.79998779296875,423.79998779296875,1
1088,2005-01-13,424.5,424.70001220703125,424.70001220703125,424.70001220703125,1
1089,2005-01-14,422.70001220703125,423.20001220703125,422.0,422.0,20
1090,2005-01-18,423.20001220703125,423.20001220703125,423.20001220703125,423.20001220703125,20
1091,2005-01-19,423.0,426.5,426.5,426.5,20
1092,2005-01-20,422.3999938964844,421.79998779296875,421.79998779296875,421.79998779296875,20
1093,2005-01-21,426.70001220703125,425.8999938964844,425.8999938964844,425.8999938964844,20
1094,2005-01-24,426.8999938964844,426.8999938964844,426.8999938964844,426.8999938964844,20
1095,2005-01-25,422.0,422.0,422.0,422.0,20
1096,2005-01-26,426.8999938964844,426.8999938964844,426.8999938964844,426.8999938964844,20
1097,2005-01-27,426.29998779296875,426.29998779296875,426.29998779296875,426.29998779296875,66923
1098,2005-01-28,425.79998779296875,427.5,424.0,426.1000061035156,41282
1099,2005-01-31,421.79998779296875,426.5,419.29998779296875,426.0,6857
1100,2005-02-01,420.79998779296875,422.29998779296875,419.20001220703125,422.20001220703125,1461
1101,2005-02-02,421.1000061035156,422.29998779296875,419.79998779296875,420.8999938964844,426
1102,2005-02-03,416.6000061035156,421.29998779296875,414.70001220703125,421.29998779296875,574
1103,2005-02-04,414.0,417.79998779296875,413.70001220703125,416.3999938964844,320
1104,2005-02-07,413.6000061035156,416.0,412.5,414.1000061035156,534
1105,2005-02-08,412.6000061035156,413.6000061035156,410.1000061035156,413.6000061035156,1432
1106,2005-02-09,412.8999938964844,413.79998779296875,410.29998779296875,412.20001220703125,1300
1107,2005-02-10,417.20001220703125,418.5,412.5,412.0,397
1108,2005-02-11,420.5,422.0,417.6000061035156,416.79998779296875,801
1109,2005-02-14,425.79998779296875,425.6000061035156,422.29998779296875,420.0,55
1110,2005-02-15,425.8999938964844,426.20001220703125,424.0,425.8999938964844,113
1111,2005-02-16,425.5,425.0,422.79998779296875,426.0,146
1112,2005-02-17,427.29998779296875,428.0,425.29998779296875,425.5,712
1113,2005-02-18,427.1000061035156,427.1000061035156,426.70001220703125,426.70001220703125,14
1114,2005-02-22,434.5,435.0,426.5,426.5,53
1115,2005-02-23,434.8999938964844,435.5,433.20001220703125,434.0,107
1116,2005-02-24,434.5,436.0,432.5,436.0,6
1117,2005-02-25,434.8999938964844,436.0,436.0,434.5,1
1118,2005-02-28,436.5,435.5,435.5,435.5,16
1119,2005-03-01,432.8999938964844,433.0,433.0,435.0,1
1120,2005-03-02,432.79998779296875,433.3999938964844,433.3999938964844,433.3999938964844,1
1121,2005-03-03,429.8999938964844,429.8999938964844,429.8999938964844,429.8999938964844,1
1122,2005-03-04,434.20001220703125,434.20001220703125,434.20001220703125,434.20001220703125,0
1123,2005-03-07,435.0,435.0,435.0,435.0,0
1124,2005-03-08,440.29998779296875,440.29998779296875,440.29998779296875,440.29998779296875,0
1125,2005-03-09,442.1000061035156,442.1000061035156,442.1000061035156,442.1000061035156,0
1126,2005-03-10,442.79998779296875,442.79998779296875,442.79998779296875,442.79998779296875,1
1127,2005-03-11,446.20001220703125,446.3999938964844,446.3999938964844,446.3999938964844,0
1128,2005-03-14,441.1000061035156,441.1000061035156,441.1000061035156,441.1000061035156,0
1129,2005-03-15,440.8999938964844,440.8999938964844,440.8999938964844,440.8999938964844,0
1130,2005-03-16,443.70001220703125,443.70001220703125,443.70001220703125,443.70001220703125,0
1131,2005-03-17,438.70001220703125,438.70001220703125,438.70001220703125,438.70001220703125,0
1132,2005-03-18,439.29998779296875,439.29998779296875,439.29998779296875,439.29998779296875,0
1133,2005-03-21,431.1000061035156,431.1000061035156,431.1000061035156,431.1000061035156,100
1134,2005-03-22,431.29998779296875,431.29998779296875,431.29998779296875,431.29998779296875,16
1135,2005-03-23,425.20001220703125,425.20001220703125,425.20001220703125,425.20001220703125,0
1136,2005-03-24,424.70001220703125,424.70001220703125,424.70001220703125,424.70001220703125,0
1137,2005-03-28,425.8999938964844,425.8999938964844,425.8999938964844,425.8999938964844,0
1138,2005-03-29,426.0,426.0,426.0,426.0,0
1139,2005-03-31,428.70001220703125,428.70001220703125,428.70001220703125,428.70001220703125,3051
1140,2005-04-01,425.8999938964844,428.5,424.5,428.29998779296875,552
1141,2005-04-04,423.8999938964844,426.29998779296875,422.70001220703125,426.0,486
1142,2005-04-05,424.5,425.5,423.6000061035156,423.79998779296875,313
1143,2005-04-06,427.1000061035156,427.70001220703125,424.1000061035156,424.8999938964844,62
1144,2005-04-07,426.5,428.5,426.5,426.5,181
1145,2005-04-08,426.8999938964844,427.29998779296875,424.79998779296875,425.20001220703125,49
1146,2005-04-11,428.6000061035156,429.79998779296875,426.0,426.0,26
1147,2005-04-12,427.6000061035156,430.20001220703125,426.5,428.1000061035156,148
1148,2005-04-13,429.29998779296875,430.0,427.5,428.0,27
1149,2005-04-14,424.0,429.5,423.5,429.5,116
1150,2005-04-15,424.8999938964844,425.6000061035156,423.20001220703125,423.20001220703125,73
1151,2005-04-18,427.5,427.5,423.6000061035156,423.6000061035156,29
1152,2005-04-19,432.8999938964844,433.0,426.79998779296875,426.79998779296875,128
1153,2005-04-20,435.29998779296875,435.79998779296875,432.3999938964844,433.6000061035156,42
1154,2005-04-21,433.0,435.0,432.29998779296875,434.1000061035156,52
1155,2005-04-22,434.29998779296875,435.79998779296875,433.5,433.5,88
1156,2005-04-25,434.6000061035156,434.3999938964844,432.70001220703125,432.70001220703125,19
1157,2005-04-26,437.8999938964844,438.20001220703125,435.8999938964844,438.0,169
1158,2005-04-27,433.0,437.0,433.6000061035156,436.3999938964844,19
1159,2005-04-29,435.0,435.0,435.0,435.0,0
1160,2005-05-02,429.5,429.5,429.5,429.5,0
1161,2005-05-03,426.70001220703125,426.70001220703125,426.70001220703125,426.70001220703125,0
1162,2005-05-04,429.0,429.0,429.0,429.0,17
1163,2005-05-05,429.79998779296875,429.79998779296875,429.79998779296875,429.79998779296875,0
1164,2005-05-06,426.1000061035156,429.79998779296875,429.79998779296875,429.79998779296875,0
1165,2005-05-09,426.20001220703125,426.20001220703125,426.20001220703125,426.20001220703125,0
1166,2005-05-10,427.20001220703125,426.20001220703125,426.20001220703125,426.20001220703125,0
1167,2005-05-11,427.20001220703125,427.20001220703125,427.20001220703125,427.20001220703125,0
1168,2005-05-12,421.6000061035156,421.6000061035156,421.6000061035156,421.6000061035156,0
1169,2005-05-13,420.20001220703125,420.20001220703125,420.20001220703125,420.20001220703125,0
1170,2005-05-16,418.8999938964844,418.8999938964844,418.8999938964844,418.8999938964844,0
1171,2005-05-17,419.3999938964844,419.3999938964844,419.3999938964844,419.3999938964844,0
1172,2005-05-18,421.5,421.5,421.5,421.5,0
1173,2005-05-19,420.5,421.20001220703125,421.20001220703125,421.20001220703125,0
1174,2005-05-20,417.3999938964844,416.5,416.5,420.20001220703125,4
1175,2005-05-23,416.6000061035156,416.6000061035156,416.6000061035156,416.6000061035156,4
1176,2005-05-24,417.5,417.5,417.5,417.5,4
1177,2005-05-25,418.79998779296875,418.79998779296875,418.79998779296875,418.79998779296875,4
1178,2005-05-26,418.0,418.1000061035156,418.1000061035156,418.79998779296875,72619
1179,2005-05-27,419.79998779296875,420.0,417.3999938964844,417.79998779296875,51363
1180,2005-05-31,416.29998779296875,420.20001220703125,413.20001220703125,418.0,7494
1181,2005-06-01,415.29998779296875,417.29998779296875,414.0,416.3999938964844,2816
1182,2005-06-02,422.70001220703125,423.5,415.79998779296875,415.79998779296875,1984
1183,2005-06-03,423.70001220703125,425.5,421.70001220703125,422.20001220703125,416
1184,2005-06-06,426.5,427.79998779296875,422.6000061035156,423.6000061035156,558
1185,2005-06-07,424.79998779296875,426.70001220703125,424.0,426.70001220703125,232
1186,2005-06-08,424.70001220703125,425.8999938964844,424.5,425.6000061035156,171
1187,2005-06-09,424.20001220703125,424.0,422.0,423.70001220703125,101
1188,2005-06-10,427.3999938964844,428.5,422.0,423.79998779296875,65
1189,2005-06-13,429.29998779296875,431.5,428.29998779296875,428.29998779296875,66
1190,2005-06-14,427.5,428.20001220703125,426.5,428.20001220703125,73
1191,2005-06-15,429.1000061035156,428.29998779296875,427.5,427.5,20
1192,2005-06-16,436.20001220703125,436.79998779296875,429.5,429.5,157
1193,2005-06-17,438.29998779296875,439.29998779296875,436.1000061035156,436.1000061035156,29
1194,2005-06-20,438.3999938964844,440.3999938964844,438.0,440.0,18
1195,2005-06-21,438.8999938964844,439.0,439.0,438.3999938964844,5
1196,2005-06-22,438.1000061035156,438.5,437.5,438.79998779296875,169
1197,2005-06-23,441.70001220703125,442.5,438.29998779296875,438.29998779296875,29
1198,2005-06-24,440.5,441.5,438.5,441.5,31
1199,2005-06-27,440.29998779296875,440.70001220703125,439.5,440.70001220703125,10
1200,2005-06-28,436.3999938964844,437.5,436.0,436.0,0
1201,2005-06-30,435.8999938964844,435.8999938964844,435.8999938964844,435.8999938964844,0
1202,2005-07-01,427.79998779296875,427.79998779296875,427.79998779296875,427.79998779296875,0
1203,2005-07-05,422.8999938964844,422.8999938964844,422.8999938964844,422.8999938964844,0
1204,2005-07-06,423.5,423.79998779296875,423.5,423.5,16
1205,2005-07-07,423.29998779296875,423.5,423.5,423.5,125
1206,2005-07-08,422.8999938964844,422.8999938964844,422.8999938964844,422.8999938964844,0
1207,2005-07-11,425.5,425.5,425.5,425.5,0
1208,2005-07-12,426.29998779296875,426.29998779296875,426.29998779296875,426.29998779296875,0
1209,2005-07-13,423.8999938964844,423.8999938964844,423.8999938964844,423.8999938964844,70
1210,2005-07-14,419.6000061035156,419.6000061035156,419.6000061035156,419.6000061035156,70
1211,2005-07-15,420.70001220703125,420.70001220703125,420.70001220703125,420.70001220703125,0
1212,2005-07-18,420.5,420.3999938964844,420.3999938964844,420.3999938964844,0
1213,2005-07-19,419.70001220703125,420.0,420.0,420.0,0
1214,2005-07-20,421.70001220703125,419.70001220703125,419.70001220703125,419.70001220703125,0
1215,2005-07-21,425.3999938964844,425.3999938964844,425.3999938964844,425.3999938964844,0
1216,2005-07-22,424.70001220703125,425.3999938964844,425.3999938964844,425.3999938964844,0
1217,2005-07-25,425.70001220703125,425.70001220703125,425.70001220703125,425.70001220703125,2
1218,2005-07-26,423.3999938964844,423.3999938964844,423.3999938964844,423.3999938964844,2
1219,2005-07-27,424.70001220703125,424.70001220703125,424.70001220703125,424.70001220703125,2
1220,2005-07-28,427.29998779296875,424.70001220703125,424.70001220703125,424.70001220703125,40680
1221,2005-07-29,429.8999938964844,430.5,427.0,427.70001220703125,3607
1222,2005-08-01,431.8999938964844,432.29998779296875,429.1000061035156,430.0,776
1223,2005-08-02,431.8999938964844,433.0,430.70001220703125,431.70001220703125,206
1224,2005-08-03,436.8999938964844,437.5,430.70001220703125,431.5,270
1225,2005-08-04,437.8999938964844,439.0,436.1000061035156,436.5,91
1226,2005-08-05,437.20001220703125,438.5,437.0,437.70001220703125,91
1227,2005-08-08,434.70001220703125,437.0,434.0,437.0,51
1228,2005-08-09,434.20001220703125,434.3999938964844,432.5,432.5,52
1229,2005-08-10,436.5,437.0,434.8999938964844,434.8999938964844,187
1230,2005-08-11,445.5,446.5,437.20001220703125,437.20001220703125,306
1231,2005-08-12,445.8999938964844,449.5,444.5,445.79998779296875,169
1232,2005-08-15,442.20001220703125,442.5,441.3999938964844,441.3999938964844,61
1233,2005-08-16,446.1000061035156,442.5,441.70001220703125,441.70001220703125,234
1234,2005-08-17,439.8999938964844,443.29998779296875,439.5,442.5,276
1235,2005-08-18,439.5,440.3999938964844,438.5,440.3999938964844,46
1236,2005-08-19,437.20001220703125,439.6000061035156,438.0,439.1000061035156,73
1237,2005-08-22,438.1000061035156,439.0,437.0,437.0,12
1238,2005-08-23,439.3999938964844,438.79998779296875,438.5,438.79998779296875,2
1239,2005-08-24,437.29998779296875,439.70001220703125,437.0,439.70001220703125,29
1240,2005-08-25,438.3999938964844,438.5,438.0,438.5,54
1241,2005-08-26,437.3999938964844,439.0,438.3999938964844,438.3999938964844,52
1242,2005-08-29,437.0,439.5,437.29998779296875,438.5,37
1243,2005-08-30,431.20001220703125,439.5,437.29998779296875,438.5,0
1244,2005-08-31,433.79998779296875,431.20001220703125,431.20001220703125,431.20001220703125,10
1245,2005-09-01,442.29998779296875,442.5,438.5,438.5,4
1246,2005-09-02,444.20001220703125,444.20001220703125,444.20001220703125,444.20001220703125,4
1247,2005-09-06,444.3999938964844,444.3999938964844,444.3999938964844,444.3999938964844,4
1248,2005-09-07,444.8999938964844,444.70001220703125,444.70001220703125,444.70001220703125,1006
1249,2005-09-08,446.70001220703125,446.70001220703125,446.70001220703125,446.70001220703125,6
1250,2005-09-09,449.0,449.0,449.0,449.0,6
1251,2005-09-12,449.70001220703125,449.70001220703125,449.70001220703125,449.70001220703125,6
1252,2005-09-13,446.1000061035156,446.1000061035156,446.1000061035156,446.1000061035156,6
1253,2005-09-14,449.79998779296875,449.79998779296875,449.79998779296875,449.79998779296875,6
1254,2005-09-15,455.5,455.5,455.5,455.5,6
1255,2005-09-16,459.5,459.5,459.5,459.5,6
1256,2005-09-19,466.70001220703125,466.70001220703125,466.70001220703125,466.70001220703125,6
1257,2005-09-20,466.20001220703125,466.20001220703125,466.20001220703125,466.20001220703125,2
1258,2005-09-21,468.8999938964844,468.8999938964844,468.8999938964844,468.8999938964844,2
1259,2005-09-22,466.6000061035156,467.5,467.5,467.5,2
1260,2005-09-23,463.5,466.79998779296875,466.79998779296875,467.20001220703125,2
1261,2005-09-26,465.8999938964844,463.8999938964844,463.8999938964844,463.8999938964844,2
1262,2005-09-27,462.6000061035156,462.6000061035156,462.6000061035156,462.6000061035156,2
1263,2005-09-28,469.70001220703125,469.70001220703125,469.70001220703125,469.70001220703125,2
1264,2005-09-29,472.20001220703125,469.70001220703125,469.70001220703125,469.70001220703125,7799
1265,2005-09-30,469.0,474.0,468.5,472.70001220703125,2926
1266,2005-10-03,466.1000061035156,468.0,464.20001220703125,467.79998779296875,493
1267,2005-10-04,466.1000061035156,468.79998779296875,465.29998779296875,466.79998779296875,210
1268,2005-10-05,466.1000061035156,465.0,463.5,465.0,226
1269,2005-10-06,471.8999938964844,471.6000061035156,465.6000061035156,465.6000061035156,243
1270,2005-10-07,474.70001220703125,475.5,470.0,473.0,96
1271,2005-10-10,475.1000061035156,477.29998779296875,473.6000061035156,474.79998779296875,248
1272,2005-10-11,477.1000061035156,477.5,475.20001220703125,475.20001220703125,99
1273,2005-10-12,473.8999938964844,478.5,473.29998779296875,478.5,49
1274,2005-10-13,471.1000061035156,472.0,468.29998779296875,472.0,48
1275,2005-10-14,469.20001220703125,469.29998779296875,467.0,469.29998779296875,113
1276,2005-10-17,474.1000061035156,475.0,473.0,473.0,18
1277,2005-10-18,472.1000061035156,472.5,472.0,472.0,13
1278,2005-10-19,463.5,471.0,465.0,471.0,46
1279,2005-10-20,461.0,465.0,460.5,465.0,9
1280,2005-10-21,467.0,462.0,462.0,462.0,9
1281,2005-10-24,465.0,465.5,465.5,465.5,2
1282,2005-10-25,472.79998779296875,474.0,465.0,465.0,18
1283,2005-10-26,471.20001220703125,473.5,471.5,472.5,159
1284,2005-10-27,473.79998779296875,475.5,471.0,471.0,2
1285,2005-10-28,473.0,473.5,471.6000061035156,473.5,4
1286,2005-10-31,465.1000061035156,471.1000061035156,471.1000061035156,471.1000061035156,1
1287,2005-11-01,458.79998779296875,463.0,460.0,463.0,5
1288,2005-11-02,462.79998779296875,462.79998779296875,462.79998779296875,462.79998779296875,2
1289,2005-11-03,460.1000061035156,460.1000061035156,460.1000061035156,460.1000061035156,2
1290,2005-11-04,456.29998779296875,455.29998779296875,455.29998779296875,455.29998779296875,2
1291,2005-11-07,459.0,459.0,459.0,459.0,0
1292,2005-11-08,460.8999938964844,458.5,458.5,458.5,10
1293,2005-11-09,466.29998779296875,466.29998779296875,466.29998779296875,466.29998779296875,100
1294,2005-11-10,466.6000061035156,466.6000061035156,466.6000061035156,466.6000061035156,100
1295,2005-11-11,468.29998779296875,468.29998779296875,468.29998779296875,468.29998779296875,0
1296,2005-11-14,468.20001220703125,468.29998779296875,468.29998779296875,468.29998779296875,0
1297,2005-11-15,468.1000061035156,468.1000061035156,468.1000061035156,468.1000061035156,50
1298,2005-11-16,478.29998779296875,478.29998779296875,478.29998779296875,478.29998779296875,0
1299,2005-11-17,486.20001220703125,486.0,486.0,476.0,38
1300,2005-11-18,485.6000061035156,485.6000061035156,485.6000061035156,485.6000061035156,38
1301,2005-11-21,489.0,485.6000061035156,485.6000061035156,485.6000061035156,38
1302,2005-11-22,492.6000061035156,489.0,489.0,489.0,0
1303,2005-11-23,492.1000061035156,492.6000061035156,492.6000061035156,492.6000061035156,0
1304,2005-11-28,498.29998779296875,502.20001220703125,502.20001220703125,502.20001220703125,109050
1305,2005-11-29,499.1000061035156,502.29998779296875,494.29998779296875,498.70001220703125,42519
1306,2005-11-30,494.6000061035156,500.0,492.29998779296875,500.0,5688
1307,2005-12-01,502.5,503.0,490.5,494.20001220703125,2665
1308,2005-12-02,503.29998779296875,507.0,500.0,503.0,1610
1309,2005-12-05,508.8999938964844,509.70001220703125,503.5,504.5,431
1310,2005-12-06,510.20001220703125,511.20001220703125,504.5,509.20001220703125,720
1311,2005-12-07,514.2999877929688,517.0,509.29998779296875,510.70001220703125,985
1312,2005-12-08,519.2999877929688,520.0,512.0,514.5999755859375,337
1313,2005-12-09,527.0,531.0,520.0,520.4000244140625,472
1314,2005-12-12,528.4000244140625,538.5,526.5,526.5,995
1315,2005-12-13,521.0,530.7000122070312,520.0,528.4000244140625,583
1316,2005-12-14,506.5,521.0,506.0,521.0,712
1317,2005-12-15,503.8999938964844,509.0,501.0,506.0,378
1318,2005-12-16,503.3999938964844,508.0,495.20001220703125,503.8999938964844,276
1319,2005-12-19,503.6000061035156,509.5,504.5,509.5,150
1320,2005-12-20,494.6000061035156,506.8999938964844,496.0,506.8999938964844,120
1321,2005-12-21,493.0,495.5,490.1000061035156,495.5,56
1322,2005-12-22,502.70001220703125,503.0,494.0,494.0,1632
1323,2005-12-23,503.0,505.70001220703125,502.29998779296875,502.29998779296875,37
1324,2005-12-27,508.0,509.0,506.0,508.70001220703125,57
1325,2005-12-28,514.2000122070312,517.2999877929688,516.9000244140625,506.8999938964844,20
1326,2005-12-29,515.7000122070312,515.7000122070312,515.7000122070312,515.7000122070312,2
1327,2005-12-30,517.0999755859375,515.7000122070312,515.7000122070312,515.7000122070312,2
1328,2006-01-03,530.7000122070312,528.5,518.5999755859375,518.5999755859375,7
1329,2006-01-04,533.9000244140625,533.5999755859375,533.5,533.5999755859375,8
1330,2006-01-05,526.2999877929688,529.0,526.0,529.0,10
1331,2006-01-06,539.7000122070312,539.7000122070312,539.7000122070312,539.7000122070312,10
1332,2006-01-09,549.0999755859375,539.7000122070312,539.7000122070312,539.7000122070312,10
1333,2006-01-10,544.2999877929688,544.2999877929688,544.2999877929688,544.2999877929688,2
1334,2006-01-11,548.7999877929688,548.7999877929688,548.7999877929688,548.7999877929688,0
1335,2006-01-12,548.2999877929688,548.2999877929688,548.2999877929688,548.2999877929688,0
1336,2006-01-13,556.0999755859375,547.0999755859375,547.0999755859375,547.0999755859375,0
1337,2006-01-17,553.4000244140625,553.4000244140625,553.4000244140625,553.4000244140625,0
1338,2006-01-18,543.7000122070312,543.7000122070312,543.7000122070312,543.7000122070312,0
1339,2006-01-19,558.4000244140625,552.0,551.0,543.7000122070312,22
1340,2006-01-20,553.5,558.4000244140625,558.4000244140625,558.4000244140625,22
1341,2006-01-23,558.2999877929688,555.0,555.0,555.0,1
1342,2006-01-24,557.7000122070312,555.0,555.0,555.0,2
1343,2006-01-25,562.2000122070312,562.2000122070312,562.2000122070312,562.2000122070312,2
1344,2006-01-26,559.7000122070312,559.7000122070312,559.7000122070312,559.7000122070312,2
1345,2006-01-27,558.7000122070312,558.7000122070312,558.7000122070312,558.7000122070312,79958
1346,2006-01-30,565.7999877929688,566.0,557.5999755859375,559.2000122070312,35179
1347,2006-01-31,570.7999877929688,572.7000122070312,565.0,566.5,6749
1348,2006-02-01,569.4000244140625,571.5999755859375,563.0,570.7999877929688,3768
1349,2006-02-02,572.5,575.2999877929688,568.0,569.7999877929688,887
1350,2006-02-03,567.4000244140625,574.2000122070312,565.0,571.5,686
1351,2006-02-06,570.2000122070312,574.0,567.5,568.4000244140625,649
1352,2006-02-07,551.0,571.0,550.5999755859375,569.5,1276
1353,2006-02-08,550.0999755859375,553.2999877929688,545.5,551.0,762
1354,2006-02-09,564.5,566.0,549.9000244140625,549.9000244140625,227
1355,2006-02-10,550.2000122070312,561.9000244140625,548.0,561.9000244140625,222
1356,2006-02-13,539.0,549.5,540.0,548.5,645
1357,2006-02-14,545.9000244140625,546.0,535.5,538.0,142
1358,2006-02-15,539.7000122070312,545.0,538.0,544.9000244140625,150
1359,2006-02-16,546.0,546.0,537.2000122070312,539.0,96
1360,2006-02-17,551.7999877929688,552.5,546.0,548.0,55
1361,2006-02-21,553.9000244140625,556.5,550.5,550.5,86
1362,2006-02-22,553.9000244140625,554.7999877929688,551.0,552.5999755859375,253
1363,2006-02-23,548.4000244140625,555.5,548.5,554.5,174
1364,2006-02-24,558.7999877929688,560.0,547.5,547.5,14
1365,2006-02-27,554.7000122070312,556.0999755859375,552.5,556.0999755859375,24
1366,2006-02-28,561.5999755859375,558.0,553.0999755859375,553.0999755859375,49
1367,2006-03-01,563.5,564.5,562.5,562.5,1
1368,2006-03-02,568.2000122070312,568.2000122070312,568.2000122070312,568.2000122070312,1
1369,2006-03-03,566.0,569.7999877929688,568.7000122070312,569.7999877929688,2
1370,2006-03-06,554.9000244140625,554.7999877929688,554.7999877929688,554.7999877929688,2
1371,2006-03-07,552.7000122070312,554.5,554.0,554.5,3
1372,2006-03-08,542.5,540.0,540.0,540.0,3
1373,2006-03-09,545.5,545.2000122070312,544.2999877929688,545.0,25
1374,2006-03-10,539.9000244140625,539.9000244140625,539.9000244140625,539.9000244140625,3
1375,2006-03-13,546.0999755859375,542.5,541.0,541.0,4
1376,2006-03-14,551.7000122070312,551.7000122070312,551.7000122070312,551.7000122070312,4
1377,2006-03-15,553.0999755859375,553.0999755859375,553.0999755859375,553.0999755859375,4
1378,2006-03-16,554.4000244140625,554.4000244140625,554.4000244140625,554.4000244140625,4
1379,2006-03-17,554.0999755859375,554.0999755859375,554.0999755859375,554.0999755859375,4
1380,2006-03-20,555.2000122070312,555.2000122070312,555.2000122070312,555.2000122070312,4
1381,2006-03-21,552.4000244140625,552.4000244140625,552.4000244140625,552.4000244140625,4
1382,2006-03-22,550.9000244140625,550.9000244140625,550.9000244140625,550.9000244140625,300
1383,2006-03-23,550.0999755859375,550.0999755859375,550.0999755859375,550.0999755859375,547
1384,2006-03-24,560.0,560.0,560.0,560.0,547
1385,2006-03-27,567.0,567.0,567.0,567.0,547
1386,2006-03-28,566.5999755859375,566.5999755859375,566.5999755859375,566.5999755859375,547
1387,2006-03-29,573.0,573.0,573.0,573.0,64190
1388,2006-03-30,586.7000122070312,587.4000244140625,571.2999877929688,572.5999755859375,25210
1389,2006-03-31,581.7999877929688,589.5999755859375,579.0,586.0,2845
1390,2006-04-03,589.4000244140625,592.0,582.0,582.0,729
1391,2006-04-04,586.0,590.5,585.5,588.0,1293
1392,2006-04-05,587.9000244140625,590.7999877929688,582.5999755859375,587.0,736
1393,2006-04-06,595.2000122070312,595.5999755859375,588.0,588.0,855
1394,2006-04-07,588.4000244140625,598.2999877929688,585.5,595.5,450
1395,2006-04-10,597.5999755859375,599.0,589.0,589.0,316
1396,2006-04-11,595.2000122070312,604.0,595.0,602.0,697
1397,2006-04-12,597.5,600.0,597.2999877929688,597.2999877929688,38
1398,2006-04-13,596.5,597.5,592.0,596.5,107
1399,2006-04-17,615.4000244140625,616.5,605.0,605.0,1125
1400,2006-04-18,620.0,620.5,614.5999755859375,614.5999755859375,502
1401,2006-04-19,632.5999755859375,632.0,620.5,620.5,99
1402,2006-04-20,619.7999877929688,642.0,611.0,640.0,537
1403,2006-04-21,632.2000122070312,637.0,611.2000122070312,615.0,222
1404,2006-04-24,620.5999755859375,634.0,620.0,634.0,288
1405,2006-04-25,631.0,632.0,620.5999755859375,620.5999755859375,112
1406,2006-04-26,638.7999877929688,639.5,635.0,635.0,3
1407,2006-04-27,633.2999877929688,636.5,636.5,636.5,6
1408,2006-04-28,651.7999877929688,651.7999877929688,651.7999877929688,651.7999877929688,6
1409,2006-05-01,657.5,658.0,658.0,658.0,9
1410,2006-05-02,664.7000122070312,666.0,666.0,666.0,2
1411,2006-05-03,665.9000244140625,669.2000122070312,669.2000122070312,669.2000122070312,1
1412,2006-05-04,674.2000122070312,674.2000122070312,674.2000122070312,674.2000122070312,1
1413,2006-05-05,682.2000122070312,682.2000122070312,682.2000122070312,682.2000122070312,1
1414,2006-05-08,677.7999877929688,679.0,679.0,679.0,2
1415,2006-05-09,699.4000244140625,679.0,679.0,679.0,8
1416,2006-05-10,703.7000122070312,695.5,695.5,695.5,4
1417,2006-05-11,719.7999877929688,723.0,723.0,723.0,10
1418,2006-05-12,710.2999877929688,714.0,706.0,714.0,32
1419,2006-05-15,683.5999755859375,710.2999877929688,710.2999877929688,710.2999877929688,32
1420,2006-05-16,691.5,710.2999877929688,710.2999877929688,710.2999877929688,0
1421,2006-05-17,690.5,690.5,690.5,690.5,0
1422,2006-05-18,679.5999755859375,679.5999755859375,679.5999755859375,679.5999755859375,0
1423,2006-05-19,656.7000122070312,679.5999755859375,679.5999755859375,679.5999755859375,0
1424,2006-05-22,657.0,656.5,656.5,656.5,0
1425,2006-05-23,673.0,673.0,673.0,673.0,0
1426,2006-05-24,637.0,637.0,637.0,637.0,0
1427,2006-05-25,648.4000244140625,648.2999877929688,648.2999877929688,648.2999877929688,0
1428,2006-05-26,650.9000244140625,648.4000244140625,648.4000244140625,648.4000244140625,80564
1429,2006-05-30,653.9000244140625,664.5,648.2000122070312,650.7000122070312,51461
1430,2006-05-31,642.5,658.5,638.0,651.0,5034
1431,2006-06-01,627.5999755859375,645.0999755859375,620.0,642.7999877929688,1682
1432,2006-06-02,635.5,637.5,622.5999755859375,628.0,1151
1433,2006-06-05,643.2000122070312,645.0,635.5,635.5,613
1434,2006-06-06,629.4000244140625,643.4000244140625,625.0,643.4000244140625,361
1435,2006-06-07,627.4000244140625,629.7999877929688,617.5,629.2000122070312,793
1436,2006-06-08,609.0999755859375,627.5999755859375,608.5,627.5999755859375,532
1437,2006-06-09,608.2000122070312,615.7999877929688,606.9000244140625,610.0,73
1438,2006-06-12,606.7999877929688,610.0,606.0,606.0,19
1439,2006-06-13,562.5,605.5999755859375,568.0,571.2000122070312,207
1440,2006-06-14,562.2999877929688,571.0,555.0,555.0,243
1441,2006-06-15,566.5,577.0,557.2999877929688,557.2999877929688,135
1442,2006-06-16,578.0,574.7000122070312,572.0,566.5,4
1443,2006-06-19,568.7999877929688,568.7999877929688,568.7999877929688,568.7999877929688,6
1444,2006-06-20,576.9000244140625,571.0,568.0,571.0,4
1445,2006-06-21,587.5,585.0,572.0,572.0,60
1446,2006-06-22,582.2000122070312,588.0,587.0,588.0,14
1447,2006-06-23,584.7999877929688,584.0,574.0,583.9000244140625,19
1448,2006-06-26,584.7999877929688,584.0,580.0,583.0,119
1449,2006-06-27,581.5999755859375,589.0,589.0,589.0,39
1450,2006-06-28,578.2999877929688,586.0,580.0,585.5,1
1451,2006-06-29,586.5,586.5,586.5,586.5,104
1452,2006-06-30,613.5,614.5,609.0,560.9000244140625,18
1453,2006-07-05,627.2999877929688,631.0,631.0,631.0,94
1454,2006-07-06,634.0999755859375,624.0,624.0,624.0,6
1455,2006-07-07,632.7999877929688,634.2999877929688,634.2999877929688,634.2999877929688,6
1456,2006-07-10,624.0999755859375,632.7999877929688,632.7999877929688,632.7999877929688,6
1457,2006-07-11,641.2000122070312,632.7999877929688,632.7999877929688,632.7999877929688,6
1458,2006-07-12,649.4000244140625,632.7999877929688,632.7999877929688,632.7999877929688,6
1459,2006-07-13,652.9000244140625,652.9000244140625,652.9000244140625,652.9000244140625,6
1460,2006-07-14,666.5999755859375,666.5999755859375,666.5999755859375,666.5999755859375,6
1461,2006-07-17,650.5999755859375,677.0,675.0999755859375,675.0999755859375,40
1462,2006-07-18,628.2999877929688,628.2999877929688,628.2999877929688,628.2999877929688,40
1463,2006-07-19,641.5999755859375,641.5999755859375,641.5999755859375,641.5999755859375,40
1464,2006-07-20,631.7000122070312,641.5999755859375,641.5999755859375,641.5999755859375,40
1465,2006-07-21,619.5999755859375,631.7000122070312,631.7000122070312,631.7000122070312,600
1466,2006-07-24,612.7000122070312,619.5999755859375,619.5999755859375,619.5999755859375,600
1467,2006-07-25,617.5999755859375,612.7000122070312,612.7000122070312,612.7000122070312,600
1468,2006-07-26,621.5999755859375,621.5999755859375,621.5999755859375,621.5999755859375,1
1469,2006-07-27,632.4000244140625,632.4000244140625,632.4000244140625,632.4000244140625,66412
1470,2006-07-28,634.7999877929688,636.5999755859375,625.0,632.5,27652
1471,2006-07-31,634.2000122070312,646.5,627.0,634.5,3183
1472,2006-08-01,646.2999877929688,646.5,629.5,635.4000244140625,1360
1473,2006-08-02,651.5999755859375,656.0,644.7000122070312,645.7999877929688,414
1474,2006-08-03,644.9000244140625,651.0,638.0,651.0,429
1475,2006-08-04,644.0,653.5,643.0,646.0,97
1476,2006-08-07,647.7999877929688,652.0,646.5,651.2000122070312,139
1477,2006-08-08,645.7000122070312,646.7999877929688,640.0,646.7999877929688,43
1478,2006-08-09,650.5,654.5,638.5,645.0,65
1479,2006-08-10,634.9000244140625,651.2999877929688,634.0,650.2000122070312,127
1480,2006-08-11,633.5,642.2999877929688,626.0,638.0,596
1481,2006-08-14,628.5,629.9000244140625,620.0,629.9000244140625,147
1482,2006-08-15,622.5,625.5,622.0,625.0,124
1483,2006-08-16,628.7000122070312,631.0,627.0,631.0,206
1484,2006-08-17,615.4000244140625,628.5,615.5,627.5,295
1485,2006-08-18,612.0999755859375,617.0,609.0,614.2000122070312,102
1486,2006-08-21,625.7000122070312,626.5,613.5999755859375,613.5999755859375,117
1487,2006-08-22,624.5999755859375,628.0,623.5,626.0,19
1488,2006-08-23,623.7000122070312,628.0,623.2000122070312,624.5999755859375,20
1489,2006-08-24,619.5,624.5,618.0,621.5999755859375,35
1490,2006-08-25,622.0,623.5,621.7999877929688,622.5,173
1491,2006-08-28,615.2999877929688,621.7000122070312,614.0,621.7000122070312,46
1492,2006-08-29,610.7000122070312,616.7999877929688,610.5,616.7999877929688,2
1493,2006-08-30,617.7000122070312,618.0,611.7999877929688,615.5999755859375,26
1494,2006-08-31,625.9000244140625,625.9000244140625,625.9000244140625,625.9000244140625,26
1495,2006-09-01,624.4000244140625,624.4000244140625,624.4000244140625,624.4000244140625,26
1496,2006-09-04,624.4000244140625,624.4000244140625,624.4000244140625,624.4000244140625,26
1497,2006-09-05,638.5,638.5,638.5,638.5,23
1498,2006-09-06,633.5,633.5,633.5,633.5,102
1499,2006-09-07,617.0,617.0,617.0,617.0,102
1500,2006-09-08,609.5999755859375,609.5999755859375,609.5999755859375,609.5999755859375,102
1501,2006-09-11,590.0,590.0,590.0,590.0,0
1502,2006-09-12,586.9000244140625,591.0,591.0,591.0,10
1503,2006-09-13,589.0999755859375,589.0999755859375,589.0999755859375,589.0999755859375,10
1504,2006-09-14,579.2999877929688,579.2999877929688,579.2999877929688,579.2999877929688,0
1505,2006-09-15,576.4000244140625,576.4000244140625,576.4000244140625,576.4000244140625,0
1506,2006-09-18,586.2000122070312,586.2000122070312,586.2000122070312,586.2000122070312,0
1507,2006-09-19,576.7999877929688,576.7999877929688,576.7999877929688,576.7999877929688,0
1508,2006-09-20,580.0,584.0,584.0,584.0,2
1509,2006-09-21,582.2000122070312,582.2000122070312,582.2000122070312,582.2000122070312,0
1510,2006-09-22,589.4000244140625,589.4000244140625,589.4000244140625,589.4000244140625,0
1511,2006-09-25,589.9000244140625,589.9000244140625,589.9000244140625,589.9000244140625,0
1512,2006-09-26,591.2000122070312,591.2000122070312,591.2000122070312,591.2000122070312,0
1513,2006-09-27,597.2999877929688,597.2999877929688,597.2999877929688,597.2999877929688,7818
1514,2006-09-28,605.0,606.2000122070312,597.7000122070312,597.7000122070312,8709
1515,2006-09-29,598.5999755859375,605.0999755859375,595.0,605.0999755859375,662
1516,2006-10-02,597.7000122070312,604.0,598.0,598.9000244140625,109
1517,2006-10-03,576.2999877929688,591.9000244140625,580.0,591.0,160
1518,2006-10-04,562.0,577.0,561.0,573.9000244140625,4584
1519,2006-10-05,571.0,575.0,565.9000244140625,565.9000244140625,22
1520,2006-10-06,572.4000244140625,572.5,560.5,572.0,24
1521,2006-10-09,578.4000244140625,578.0,578.0,578.0,93
1522,2006-10-10,571.9000244140625,574.5,568.0,574.5,136
1523,2006-10-11,572.2999877929688,578.0,578.0,578.0,1
1524,2006-10-12,576.2999877929688,575.0,575.0,575.0,5
1525,2006-10-13,588.7999877929688,585.5,585.5,585.5,8
1526,2006-10-16,594.7000122070312,594.5,593.5,593.5,210
1527,2006-10-17,589.7000122070312,598.5,588.5,598.5,14
1528,2006-10-18,588.9000244140625,594.0,591.5,592.5,18
1529,2006-10-19,599.0,588.9000244140625,588.7000122070312,588.9000244140625,103
1530,2006-10-20,593.0,597.5,597.0,597.5,4
1531,2006-10-23,579.7000122070312,579.7000122070312,579.7000122070312,579.7000122070312,4
1532,2006-10-24,584.4000244140625,576.5,576.5,576.5,501
1533,2006-10-25,587.5999755859375,587.5999755859375,587.5999755859375,587.5999755859375,199
1534,2006-10-26,596.7999877929688,595.5,595.0,595.0,26
1535,2006-10-27,598.2000122070312,598.2000122070312,598.2000122070312,598.2000122070312,5
1536,2006-10-30,604.7000122070312,608.9000244140625,608.0,608.5,13
1537,2006-10-31,604.0999755859375,604.0999755859375,604.0999755859375,604.0999755859375,0
1538,2006-11-01,616.5999755859375,612.5,612.5,612.5,6
1539,2006-11-02,625.4000244140625,625.4000244140625,625.4000244140625,625.4000244140625,6
1540,2006-11-03,626.9000244140625,626.9000244140625,626.9000244140625,626.9000244140625,0
1541,2006-11-06,625.7999877929688,625.7999877929688,625.7999877929688,625.7999877929688,0
1542,2006-11-07,625.7000122070312,625.7000122070312,625.7000122070312,625.7000122070312,0
1543,2006-11-08,616.4000244140625,616.4000244140625,616.4000244140625,616.4000244140625,0
1544,2006-11-09,635.0,617.0,617.0,617.0,2
1545,2006-11-10,628.4000244140625,628.4000244140625,628.4000244140625,628.4000244140625,2
1546,2006-11-13,624.2000122070312,629.0,629.0,629.0,1
1547,2006-11-14,623.7999877929688,620.5,620.5,620.5,1
1548,2006-11-15,622.5,622.5,622.5,622.5,0
1549,2006-11-16,620.5999755859375,620.5999755859375,620.5999755859375,620.5999755859375,0
1550,2006-11-17,621.5,617.5,617.5,617.5,10
1551,2006-11-20,621.2000122070312,621.5,621.5,621.5,0
1552,2006-11-21,628.2000122070312,628.0999755859375,628.0999755859375,628.0999755859375,0
1553,2006-11-22,628.7000122070312,628.7000122070312,628.7000122070312,628.7000122070312,0
1554,2006-11-24,628.7000122070312,628.7000122070312,628.7000122070312,628.7000122070312,0
1555,2006-11-28,637.2000122070312,637.2000122070312,637.2000122070312,637.2000122070312,82649
1556,2006-11-29,635.5,640.2999877929688,634.5,638.4000244140625,29111
1557,2006-11-30,646.9000244140625,648.0,635.0,635.0,2327
1558,2006-12-01,644.7000122070312,649.7000122070312,643.5,645.7000122070312,728
1559,2006-12-04,645.2000122070312,648.0,640.5,647.0999755859375,562
1560,2006-12-05,642.2999877929688,648.0,640.5,644.2999877929688,214
1561,2006-12-06,630.5,640.5,631.0,640.5,247
1562,2006-12-07,631.9000244140625,632.5,625.0,628.2999877929688,316
1563,2006-12-08,626.0999755859375,636.5,626.0,633.2999877929688,104
1564,2006-12-11,630.0,629.7000122070312,622.4000244140625,623.0,467
1565,2006-12-12,627.0,630.5,627.5,630.2999877929688,222
1566,2006-12-13,627.9000244140625,632.5,624.0,634.7999877929688,81
1567,2006-12-14,626.5999755859375,628.5,627.5,628.0,43
1568,2006-12-15,615.0,627.7000122070312,613.0,625.5,118
1569,2006-12-18,614.0,616.5,612.0,614.0,57
1570,2006-12-19,621.5999755859375,620.9000244140625,616.5,620.9000244140625,40
1571,2006-12-20,620.5999755859375,622.7000122070312,619.7000122070312,621.4000244140625,385
1572,2006-12-21,618.2000122070312,620.7999877929688,618.0,620.7999877929688,22
1573,2006-12-22,619.0999755859375,619.0,618.7000122070312,619.0,122
1574,2006-12-26,623.7000122070312,628.0,623.0,625.0999755859375,58
1575,2006-12-27,627.2000122070312,627.2000122070312,627.2000122070312,627.2000122070312,3
1576,2006-12-28,634.0999755859375,627.0999755859375,626.0,627.0999755859375,17
1577,2006-12-29,635.2000122070312,635.2000122070312,635.2000122070312,635.2000122070312,17
1578,2007-01-02,635.2000122070312,635.2000122070312,635.2000122070312,635.2000122070312,17
1579,2007-01-03,627.0999755859375,640.4000244140625,628.5,640.4000244140625,38
1580,2007-01-04,623.9000244140625,624.5,624.5,624.5,4
1581,2007-01-05,604.9000244140625,623.7000122070312,617.2999877929688,623.7000122070312,531
1582,2007-01-08,607.5,607.5,607.5,607.5,1000
1583,2007-01-09,613.0999755859375,607.0,607.0,607.0,2
1584,2007-01-10,611.5999755859375,611.5999755859375,611.5999755859375,611.5999755859375,2
1585,2007-01-11,612.4000244140625,612.4000244140625,612.4000244140625,612.4000244140625,0
1586,2007-01-12,625.5,616.2000122070312,616.2000122070312,616.2000122070312,1
1587,2007-01-16,624.5999755859375,623.5999755859375,623.5999755859375,623.5999755859375,2
1588,2007-01-17,632.0999755859375,632.5999755859375,630.5,630.5,2
1589,2007-01-18,627.0999755859375,627.0999755859375,627.0999755859375,627.0999755859375,2
1590,2007-01-19,635.5,633.5,633.5,633.5,2
1591,2007-01-22,633.2999877929688,633.2999877929688,633.2999877929688,633.2999877929688,2
1592,2007-01-23,645.2000122070312,642.2000122070312,642.2000122070312,642.2000122070312,1
1593,2007-01-24,647.5999755859375,640.2999877929688,640.2999877929688,640.2999877929688,1
1594,2007-01-25,647.7999877929688,647.7999877929688,647.7999877929688,647.7999877929688,1
1595,2007-01-26,644.5,644.5,644.5,644.5,2
1596,2007-01-29,643.0999755859375,643.0999755859375,643.0999755859375,643.0999755859375,71048
1597,2007-01-30,644.2000122070312,647.5,640.7999877929688,643.0,25819
1598,2007-01-31,652.0,655.5,641.7999877929688,646.5,3048
1599,2007-02-01,657.4000244140625,661.5,652.5999755859375,652.9000244140625,1198
1600,2007-02-02,646.2000122070312,659.2999877929688,642.0,655.7000122070312,449
1601,2007-02-05,650.9000244140625,651.0,647.0,649.0,196
1602,2007-02-06,653.5999755859375,659.0,648.0999755859375,648.2000122070312,169
1603,2007-02-07,652.2999877929688,655.5,650.4000244140625,654.7999877929688,156
1604,2007-02-08,658.0,659.2999877929688,649.0999755859375,650.0,463
1605,2007-02-09,667.5,669.5,658.0,659.0999755859375,127
1606,2007-02-12,662.5999755859375,665.9000244140625,661.0,664.2999877929688,65
1607,2007-02-13,663.9000244140625,669.0,663.7999877929688,664.2999877929688,41
1608,2007-02-14,667.4000244140625,672.0,666.7000122070312,666.7000122070312,167
1609,2007-02-15,667.2999877929688,668.5,663.0,668.5,93
1610,2007-02-16,668.7999877929688,668.4000244140625,664.5,664.5,93
1611,2007-02-20,657.0999755859375,671.0,658.2999877929688,671.0,26
1612,2007-02-21,680.2000122070312,682.2999877929688,657.5,660.4000244140625,33
1613,2007-02-22,679.4000244140625,679.2999877929688,676.5,676.5,344
1614,2007-02-23,683.0999755859375,685.2999877929688,674.0,678.2999877929688,146
1615,2007-02-26,686.5,687.5999755859375,683.7999877929688,684.5999755859375,34
1616,2007-02-27,683.9000244140625,687.7000122070312,668.5,684.0,150
1617,2007-02-28,669.4000244140625,674.5,662.0,665.5999755859375,6
1618,2007-03-01,662.2999877929688,673.0,673.0,673.0,1
1619,2007-03-02,641.5,641.5,641.5,641.5,24
1620,2007-03-05,636.7000122070312,640.2000122070312,640.0,640.2000122070312,17
1621,2007-03-06,643.7999877929688,644.5,641.2999877929688,643.7000122070312,15
1622,2007-03-07,650.5999755859375,650.5999755859375,650.5999755859375,650.5999755859375,13
1623,2007-03-08,653.4000244140625,653.4000244140625,653.4000244140625,653.4000244140625,13
1624,2007-03-09,650.0,650.0,650.0,650.0,320
1625,2007-03-12,648.4000244140625,648.0,648.0,648.0,8
1626,2007-03-13,647.5999755859375,647.5999755859375,647.5999755859375,647.5999755859375,20
1627,2007-03-14,640.9000244140625,640.9000244140625,640.9000244140625,640.9000244140625,8
1628,2007-03-15,645.7000122070312,645.7000122070312,645.7000122070312,645.7000122070312,8
1629,2007-03-16,652.5999755859375,652.9000244140625,652.7000122070312,652.9000244140625,15
1630,2007-03-19,653.0999755859375,653.0999755859375,653.0999755859375,653.0999755859375,15
1631,2007-03-20,657.9000244140625,657.9000244140625,657.9000244140625,657.9000244140625,0
1632,2007-03-21,659.0,659.0,659.0,659.0,0
1633,2007-03-22,663.4000244140625,663.4000244140625,663.4000244140625,663.4000244140625,27
1634,2007-03-23,656.7000122070312,656.7000122070312,656.7000122070312,656.7000122070312,200
1635,2007-03-26,663.4000244140625,663.4000244140625,663.4000244140625,663.4000244140625,0
1636,2007-03-27,662.0999755859375,662.0999755859375,662.0999755859375,662.0999755859375,0
1637,2007-03-28,666.5,666.5,666.5,666.5,10244
1638,2007-03-29,661.5,666.2000122070312,654.5999755859375,665.9000244140625,37425
1639,2007-03-30,663.0,667.7000122070312,659.0999755859375,661.2000122070312,4623
1640,2007-04-02,665.7000122070312,665.5,656.0999755859375,665.5,1468
1641,2007-04-03,664.0,667.2999877929688,662.2000122070312,663.0999755859375,291
1642,2007-04-04,672.0999755859375,675.0,664.0,664.0,1718
1643,2007-04-05,674.2000122070312,676.0,671.5,674.2000122070312,226
1644,2007-04-09,671.9000244140625,677.5,671.0999755859375,671.0999755859375,35
1645,2007-04-10,676.5,681.5,673.9000244140625,673.9000244140625,29
1646,2007-04-11,676.7999877929688,680.2999877929688,674.7999877929688,678.2999877929688,31
1647,2007-04-12,675.0999755859375,677.5,673.0999755859375,677.0,63
1648,2007-04-13,685.4000244140625,683.5999755859375,680.2000122070312,680.2000122070312,25
1649,2007-04-16,690.0999755859375,690.0999755859375,685.0999755859375,685.0999755859375,55
1650,2007-04-17,688.2000122070312,689.4000244140625,687.2000122070312,689.0,29
1651,2007-04-18,689.0999755859375,690.5999755859375,687.0,689.0999755859375,13
1652,2007-04-19,684.2999877929688,685.7000122070312,681.9000244140625,681.9000244140625,58
1653,2007-04-20,692.0,692.5,690.0999755859375,690.0999755859375,24
1654,2007-04-23,690.5999755859375,689.0,688.0,689.0,16
1655,2007-04-24,684.2000122070312,691.2999877929688,683.0,689.4000244140625,220
1656,2007-04-25,684.0999755859375,686.5,683.7999877929688,686.5,17
1657,2007-04-26,674.9000244140625,686.7999877929688,673.5,684.5,51
1658,2007-04-27,678.7000122070312,678.2999877929688,673.0,673.0,55
1659,2007-04-30,680.5,680.0,677.2999877929688,677.4000244140625,12
1660,2007-05-01,674.4000244140625,673.7000122070312,673.0,673.7000122070312,6
1661,2007-05-02,672.2999877929688,672.2999877929688,672.2999877929688,672.2999877929688,0
1662,2007-05-03,681.7999877929688,681.7999877929688,681.7999877929688,681.7999877929688,0
1663,2007-05-04,687.2000122070312,687.2000122070312,687.2000122070312,687.2000122070312,0
1664,2007-05-07,688.0,688.0,688.0,688.0,1
1665,2007-05-08,685.0999755859375,685.0999755859375,685.0999755859375,685.0999755859375,1
1666,2007-05-09,680.2999877929688,680.2999877929688,680.2999877929688,680.2999877929688,1
1667,2007-05-10,665.0999755859375,651.0,651.0,651.0,0
1668,2007-05-11,670.5999755859375,670.5999755859375,670.5999755859375,670.5999755859375,0
1669,2007-05-14,668.5,668.5,668.5,668.5,0
1670,2007-05-15,673.0,673.0,673.0,673.0,0
1671,2007-05-16,660.2000122070312,660.2000122070312,660.2000122070312,660.2000122070312,0
1672,2007-05-17,656.2000122070312,656.2000122070312,656.2000122070312,656.2000122070312,0
1673,2007-05-18,661.0,661.0,661.0,661.0,0
1674,2007-05-21,662.9000244140625,661.4000244140625,660.0,660.7000122070312,6
1675,2007-05-22,659.0999755859375,659.0999755859375,659.0999755859375,659.0999755859375,6
1676,2007-05-23,661.9000244140625,661.9000244140625,661.9000244140625,661.9000244140625,6
1677,2007-05-24,653.0,656.0,654.0,654.0,5
1678,2007-05-25,655.0999755859375,655.9000244140625,655.7000122070312,655.9000244140625,5
1679,2007-05-29,657.0999755859375,657.0999755859375,657.0999755859375,657.0999755859375,100718
1680,2007-05-30,653.0999755859375,658.4000244140625,651.5,655.7000122070312,49921
1681,2007-05-31,661.0,662.0,652.5,652.5,8065
1682,2007-06-01,671.2000122070312,672.0,660.7999877929688,661.5,1496
1683,2007-06-04,670.7000122070312,673.7000122070312,668.9000244140625,671.2000122070312,612
1684,2007-06-05,669.5999755859375,674.0,669.2999877929688,672.0999755859375,242
1685,2007-06-06,669.2999877929688,670.9000244140625,665.4000244140625,670.4000244140625,489
1686,2007-06-07,660.0999755859375,671.4000244140625,658.2999877929688,671.4000244140625,282
1687,2007-06-08,645.5,659.5999755859375,645.2000122070312,658.5,261
1688,2007-06-11,654.2999877929688,654.4000244140625,649.2000122070312,649.2000122070312,91
1689,2007-06-12,648.5,653.7999877929688,646.9000244140625,653.7999877929688,61
1690,2007-06-13,648.2000122070312,651.5,644.2999877929688,646.5999755859375,82
1691,2007-06-14,651.5999755859375,652.7999877929688,650.0,652.5999755859375,15
1692,2007-06-15,654.5,655.2000122070312,650.7000122070312,651.0,28
1693,2007-06-18,655.7999877929688,658.2000122070312,655.7000122070312,657.9000244140625,57
1694,2007-06-19,660.7000122070312,660.2000122070312,653.0,656.2000122070312,36
1695,2007-06-20,656.0999755859375,660.7999877929688,658.0,660.7999877929688,8
1696,2007-06-21,650.5999755859375,648.5999755859375,648.5999755859375,648.5999755859375,6
1697,2007-06-22,653.5,649.9000244140625,649.9000244140625,649.9000244140625,3
1698,2007-06-25,651.2999877929688,650.5,650.0,650.0,21
1699,2007-06-26,642.0999755859375,647.5999755859375,640.0,647.5999755859375,60
1700,2007-06-27,641.7000122070312,643.5,640.4000244140625,640.4000244140625,43
1701,2007-06-28,647.5,648.4000244140625,643.9000244140625,643.9000244140625,89
1702,2007-06-29,648.0999755859375,649.2000122070312,647.5,647.5,45
1703,2007-07-02,656.5,656.7999877929688,656.7999877929688,656.7999877929688,1
1704,2007-07-03,652.9000244140625,655.7000122070312,655.7000122070312,655.7000122070312,1
1705,2007-07-05,648.4000244140625,648.4000244140625,648.4000244140625,648.4000244140625,18
1706,2007-07-06,652.7000122070312,652.7000122070312,652.7000122070312,652.7000122070312,18
1707,2007-07-09,660.5,660.5,660.5,660.5,0
1708,2007-07-10,662.5,662.5,662.5,662.5,0
1709,2007-07-11,660.2999877929688,660.2999877929688,660.2999877929688,660.2999877929688,6
1710,2007-07-12,666.7000122070312,665.0,665.0,665.0,2
1711,2007-07-13,665.7999877929688,666.7000122070312,666.7000122070312,666.7000122070312,8
1712,2007-07-16,665.0,667.0999755859375,667.0999755859375,667.0999755859375,1
1713,2007-07-17,664.7000122070312,664.7000122070312,664.7000122070312,664.7000122070312,0
1714,2007-07-18,672.5999755859375,672.5999755859375,672.5999755859375,672.5999755859375,0
1715,2007-07-19,677.2000122070312,677.2000122070312,677.2000122070312,677.2000122070312,0
1716,2007-07-20,683.9000244140625,683.9000244140625,683.9000244140625,683.9000244140625,0
1717,2007-07-23,680.7999877929688,680.7999877929688,680.7999877929688,680.7999877929688,0
1718,2007-07-24,684.2000122070312,684.2000122070312,684.2000122070312,684.2000122070312,0
1719,2007-07-25,673.2999877929688,673.2999877929688,673.2999877929688,673.2999877929688,0
1720,2007-07-26,662.5,662.5,662.5,662.5,0
1721,2007-07-27,660.0,660.0,660.0,660.0,95749
1722,2007-07-30,664.0999755859375,665.2000122070312,659.2999877929688,659.9000244140625,36526
1723,2007-07-31,666.9000244140625,668.2999877929688,662.5999755859375,665.0,5769
1724,2007-08-01,663.5999755859375,666.2999877929688,658.5,663.2000122070312,2026
1725,2007-08-02,664.5999755859375,666.7000122070312,662.7999877929688,666.7000122070312,1062
1726,2007-08-03,672.5,674.4000244140625,665.7000122070312,665.7999877929688,575
1727,2007-08-06,671.5,672.0999755859375,668.7999877929688,672.0999755859375,212
1728,2007-08-07,670.5999755859375,670.0,666.5,670.0,313
1729,2007-08-08,674.5,676.2000122070312,674.0,674.7000122070312,136
1730,2007-08-09,661.4000244140625,667.7999877929688,661.4000244140625,667.7999877929688,377
1731,2007-08-10,670.2999877929688,673.4000244140625,659.5,659.5,1101
1732,2007-08-13,669.7000122070312,671.0,668.5999755859375,669.9000244140625,52
1733,2007-08-14,668.5999755859375,670.5,665.0,665.0,106
1734,2007-08-15,668.9000244140625,669.7000122070312,662.5,665.0,845
1735,2007-08-16,648.2999877929688,665.2000122070312,642.9000244140625,665.2000122070312,130
1736,2007-08-17,656.9000244140625,657.7000122070312,648.4000244140625,648.4000244140625,219
1737,2007-08-20,656.7000122070312,660.0,658.5999755859375,658.5999755859375,189
1738,2007-08-21,656.7000122070312,658.4000244140625,657.5,657.9000244140625,9
1739,2007-08-22,659.0999755859375,661.0999755859375,658.9000244140625,658.9000244140625,303
1740,2007-08-23,658.9000244140625,663.7000122070312,663.2000122070312,663.5999755859375,135
1741,2007-08-24,668.0,668.7999877929688,662.0999755859375,662.0999755859375,208
1742,2007-08-27,666.7999877929688,668.0,666.0,667.9000244140625,77
1743,2007-08-28,664.4000244140625,665.9000244140625,664.2000122070312,665.5,22
1744,2007-08-29,666.2999877929688,667.7000122070312,667.0,667.0,78
1745,2007-08-30,665.0,666.5,665.5,665.5,186
1746,2007-08-31,673.0,672.7999877929688,672.5,672.5,186
1747,2007-09-04,682.5,682.5,682.5,682.5,0
1748,2007-09-05,681.7000122070312,679.0999755859375,678.5999755859375,678.5999755859375,80
1749,2007-09-06,695.5999755859375,692.4000244140625,692.2000122070312,692.2000122070312,2
1750,2007-09-07,700.7999877929688,700.7999877929688,700.7999877929688,700.7999877929688,1
1751,2007-09-10,703.2999877929688,705.0,702.0,704.5,43
1752,2007-09-11,712.2000122070312,703.5,702.7999877929688,703.5,55
1753,2007-09-12,711.9000244140625,713.9000244140625,712.5,713.9000244140625,6
1754,2007-09-13,709.5,707.4000244140625,706.9000244140625,706.9000244140625,19
1755,2007-09-14,709.5999755859375,717.2000122070312,714.9000244140625,717.2000122070312,33
1756,2007-09-17,715.7999877929688,719.0999755859375,719.0999755859375,719.0999755859375,36
1757,2007-09-18,715.7999877929688,715.7999877929688,715.7999877929688,715.7999877929688,104
1758,2007-09-19,722.0,724.5999755859375,724.5999755859375,724.5999755859375,12
1759,2007-09-20,732.4000244140625,732.4000244140625,732.4000244140625,732.4000244140625,12
1760,2007-09-21,731.4000244140625,731.4000244140625,731.4000244140625,731.4000244140625,6
1761,2007-09-24,732.0999755859375,732.0999755859375,732.0999755859375,732.0999755859375,150
1762,2007-09-25,731.5999755859375,731.5999755859375,731.5999755859375,731.5999755859375,60
1763,2007-09-26,728.2999877929688,728.2999877929688,728.2999877929688,728.2999877929688,12901
1764,2007-09-27,732.7000122070312,735.5,727.4000244140625,728.2000122070312,11841
1765,2007-09-28,742.7999877929688,745.7000122070312,733.7000122070312,733.7000122070312,2004
1766,2007-10-01,747.2000122070312,747.4000244140625,741.7999877929688,745.0999755859375,644
1767,2007-10-02,729.7999877929688,746.5,726.5,746.5,319
1768,2007-10-03,729.2999877929688,732.5,726.7000122070312,727.5999755859375,61
1769,2007-10-04,737.7999877929688,736.7999877929688,724.2999877929688,725.0999755859375,17
1770,2007-10-05,741.2999877929688,741.7000122070312,731.0,731.0,6
1771,2007-10-08,732.7999877929688,737.0,732.4000244140625,735.2000122070312,88
1772,2007-10-09,737.4000244140625,736.5,735.5,736.0999755859375,44
1773,2007-10-10,740.4000244140625,741.0,740.7000122070312,740.9000244140625,32
1774,2007-10-11,751.2999877929688,749.7000122070312,746.0,747.4000244140625,180
1775,2007-10-12,748.7000122070312,750.4000244140625,748.7000122070312,750.4000244140625,371
1776,2007-10-15,757.0999755859375,759.5999755859375,757.9000244140625,758.0,344
1777,2007-10-16,757.0,762.4000244140625,756.0999755859375,762.4000244140625,151
1778,2007-10-17,757.5,760.0,757.0,760.0,45
1779,2007-10-18,764.0999755859375,765.7999877929688,765.7999877929688,765.7999877929688,9
1780,2007-10-19,764.0,765.2000122070312,762.7000122070312,765.2000122070312,7
1781,2007-10-22,755.7999877929688,766.7000122070312,751.9000244140625,766.7000122070312,60
1782,2007-10-23,759.0,756.0,756.0,755.7000122070312,7
1783,2007-10-24,761.5999755859375,758.2000122070312,753.5,758.2000122070312,55
1784,2007-10-25,767.2999877929688,767.9000244140625,767.9000244140625,767.9000244140625,10
1785,2007-10-26,783.9000244140625,783.4000244140625,771.4000244140625,771.4000244140625,81
1786,2007-10-29,789.0999755859375,793.7999877929688,787.2999877929688,793.7999877929688,9
1787,2007-10-30,784.2999877929688,785.5,780.7000122070312,785.5,168
1788,2007-10-31,792.0,795.4000244140625,789.2999877929688,789.2999877929688,12
1789,2007-11-01,790.7000122070312,791.2999877929688,785.2999877929688,785.2999877929688,4
1790,2007-11-02,805.7000122070312,806.5,794.0999755859375,794.0999755859375,4
1791,2007-11-05,808.0999755859375,804.5999755859375,804.2000122070312,804.5999755859375,17
1792,2007-11-06,820.7999877929688,825.2999877929688,821.9000244140625,821.9000244140625,4
1793,2007-11-07,831.0,831.2000122070312,830.0,830.0,3
1794,2007-11-08,835.2000122070312,841.2999877929688,829.7999877929688,829.7999877929688,8
1795,2007-11-09,832.5,835.7999877929688,831.7000122070312,835.7000122070312,7
1796,2007-11-12,805.7999877929688,803.9000244140625,798.7000122070312,803.9000244140625,3
1797,2007-11-13,797.2000122070312,804.2999877929688,800.0,804.2999877929688,6
1798,2007-11-14,813.0,817.0,816.7000122070312,816.7000122070312,11
1799,2007-11-15,785.9000244140625,794.5,793.7000122070312,794.5,0
1800,2007-11-16,785.7000122070312,785.7000122070312,785.7000122070312,785.7000122070312,0
1801,2007-11-19,776.7999877929688,777.5999755859375,777.5999755859375,777.5999755859375,1
1802,2007-11-20,790.2999877929688,802.5,792.9000244140625,792.9000244140625,5
1803,2007-11-21,797.5999755859375,797.5999755859375,797.5999755859375,797.5999755859375,5
1804,2007-11-23,824.0,824.0,824.0,824.0,6
1805,2007-11-26,826.0,826.0,826.0,826.0,6
1806,2007-11-27,813.7000122070312,824.7999877929688,812.5,823.2000122070312,32
1807,2007-11-28,800.0999755859375,800.0999755859375,800.0999755859375,800.0999755859375,165342
1808,2007-11-29,795.2999877929688,807.7999877929688,791.9000244140625,804.0,66669
1809,2007-11-30,782.2000122070312,798.5999755859375,778.4000244140625,795.0,7212
1810,2007-12-03,788.2999877929688,794.5999755859375,777.0,783.9000244140625,3728
1811,2007-12-04,801.2999877929688,805.0,787.2000122070312,794.0,925
1812,2007-12-05,797.5,803.9000244140625,791.7000122070312,802.2000122070312,389
1813,2007-12-06,801.2000122070312,804.7999877929688,786.5,794.4000244140625,332
1814,2007-12-07,794.4000244140625,801.2000122070312,792.0,800.7000122070312,218
1815,2007-12-10,807.7000122070312,809.7000122070312,799.2999877929688,799.2999877929688,274
1816,2007-12-11,811.4000244140625,812.0,796.0,808.0999755859375,347
1817,2007-12-12,813.5,815.9000244140625,809.5999755859375,809.7000122070312,291
1818,2007-12-13,799.0,810.2999877929688,792.7000122070312,810.2999877929688,200
1819,2007-12-14,793.2999877929688,803.5,789.5999755859375,800.2999877929688,196
1820,2007-12-17,794.7999877929688,794.5,788.4000244140625,793.5,115
1821,2007-12-18,803.0,804.7999877929688,793.0,793.0,72
1822,2007-12-19,801.0999755859375,804.0,799.0999755859375,799.2000122070312,68
1823,2007-12-20,799.2000122070312,800.0,794.2000122070312,799.5,114
1824,2007-12-21,811.5999755859375,812.5,800.0,800.0,64
1825,2007-12-24,812.7999877929688,814.0999755859375,809.7999877929688,811.5,41
1826,2007-12-26,826.0,826.9000244140625,815.7000122070312,815.7000122070312,36
1827,2007-12-27,828.5999755859375,832.5,824.7999877929688,824.7999877929688,160
1828,2007-12-28,839.5999755859375,840.2000122070312,826.5999755859375,826.5999755859375,107
1829,2007-12-31,834.9000244140625,843.2000122070312,843.2000122070312,843.2000122070312,4
1830,2008-01-02,857.0,857.7999877929688,846.4000244140625,848.7000122070312,130
1831,2008-01-03,866.4000244140625,865.5,856.2999877929688,863.0,181
1832,2008-01-04,863.0999755859375,865.5,860.2000122070312,861.4000244140625,28
1833,2008-01-07,859.5999755859375,860.9000244140625,857.4000244140625,860.9000244140625,4
1834,2008-01-08,878.0,879.4000244140625,861.5999755859375,861.5999755859375,21
1835,2008-01-09,879.5,885.0,876.0,885.0,48
1836,2008-01-10,891.7000122070312,891.4000244140625,881.2000122070312,882.0,6
1837,2008-01-11,896.0999755859375,899.7000122070312,889.7000122070312,889.7999877929688,183
1838,2008-01-14,901.5999755859375,907.2999877929688,905.0,907.2999877929688,89
1839,2008-01-15,901.0,887.5999755859375,887.5999755859375,887.5999755859375,101
1840,2008-01-16,880.5999755859375,885.7999877929688,880.5,880.5,102
1841,2008-01-17,879.5,888.2000122070312,876.7999877929688,888.2000122070312,11
1842,2008-01-18,880.7999877929688,886.7999877929688,871.0,871.7999877929688,30
1843,2008-01-22,889.5999755859375,891.0,863.2000122070312,878.7000122070312,30
1844,2008-01-23,882.5,895.7000122070312,880.0,885.0,49
1845,2008-01-24,905.5,906.5999755859375,890.9000244140625,890.9000244140625,6
1846,2008-01-25,910.5,910.5,910.5,910.5,6
1847,2008-01-28,927.0999755859375,922.0,914.5,916.5999755859375,25
1848,2008-01-29,925.0999755859375,925.0,925.0,925.0,157692
1849,2008-01-30,920.5999755859375,936.2999877929688,915.2999877929688,924.4000244140625,68820
1850,2008-01-31,922.7000122070312,928.5999755859375,918.2999877929688,928.2000122070312,4289
1851,2008-02-01,908.7000122070312,936.2000122070312,903.7000122070312,924.7999877929688,2152
1852,2008-02-04,904.9000244140625,912.0,892.5,903.7000122070312,1493
1853,2008-02-05,885.9000244140625,905.2000122070312,884.7000122070312,905.0999755859375,476
1854,2008-02-06,900.7000122070312,910.0,887.5,887.9000244140625,430
1855,2008-02-07,906.0999755859375,909.2999877929688,896.4000244140625,900.5999755859375,463
1856,2008-02-08,918.4000244140625,920.0,911.5,915.2999877929688,339
1857,2008-02-11,922.9000244140625,926.9000244140625,917.5,920.7000122070312,181
1858,2008-02-12,907.4000244140625,924.7999877929688,904.2000122070312,921.0,278
1859,2008-02-13,906.5,909.4000244140625,897.2000122070312,903.0,89
1860,2008-02-14,907.4000244140625,911.0,904.0,904.0,128
1861,2008-02-15,902.7999877929688,913.5999755859375,898.7000122070312,910.0999755859375,128
1862,2008-02-19,926.5999755859375,928.7999877929688,900.5,904.2999877929688,174
1863,2008-02-20,934.5999755859375,945.0,919.5999755859375,926.5,73
1864,2008-02-21,946.0999755859375,953.4000244140625,940.0999755859375,940.0999755859375,138
1865,2008-02-22,944.7000122070312,948.5,942.5,944.9000244140625,79
1866,2008-02-25,937.5999755859375,948.9000244140625,933.0,946.5,312
1867,2008-02-26,946.0999755859375,949.0,931.2999877929688,931.2999877929688,224
1868,2008-02-27,958.2000122070312,960.0,955.0,960.0,215
1869,2008-02-28,964.5,972.0999755859375,954.4000244140625,957.4000244140625,238
1870,2008-02-29,972.0999755859375,973.0999755859375,963.5,971.4000244140625,39
1871,2008-03-03,981.5,986.9000244140625,979.7000122070312,984.2000122070312,26
1872,2008-03-04,963.9000244140625,984.5,963.7999877929688,982.4000244140625,41
1873,2008-03-05,986.2000122070312,992.7000122070312,963.9000244140625,965.0,45
1874,2008-03-06,975.0,987.7000122070312,973.4000244140625,984.2999877929688,46
1875,2008-03-07,972.2000122070312,984.9000244140625,972.4000244140625,982.7999877929688,96
1876,2008-03-10,969.9000244140625,976.7999877929688,964.7000122070312,975.5,92
1877,2008-03-11,974.2000122070312,976.7000122070312,971.5,975.7000122070312,12
1878,2008-03-12,978.7999877929688,979.2999877929688,973.5,973.5999755859375,6
1879,2008-03-13,992.2999877929688,998.5,983.7000122070312,983.7000122070312,10
1880,2008-03-14,998.2000122070312,1004.5999755859375,993.0,993.9000244140625,27
1881,2008-03-17,1001.4000244140625,1014.5999755859375,996.4000244140625,1005.0,82
1882,2008-03-18,1003.2000122070312,1010.0,978.2000122070312,1003.5999755859375,30
1883,2008-03-19,944.7000122070312,979.2999877929688,938.4000244140625,979.2999877929688,84
1884,2008-03-20,919.5999755859375,943.2000122070312,917.7000122070312,939.9000244140625,34
1885,2008-03-24,918.2999877929688,922.0,915.2000122070312,915.5,71
1886,2008-03-25,934.5999755859375,933.9000244140625,927.2000122070312,931.5,102
1887,2008-03-26,949.0,949.5999755859375,949.5999755859375,949.5999755859375,1
1888,2008-03-27,948.7999877929688,951.7000122070312,945.7000122070312,947.4000244140625,145634
1889,2008-03-28,930.5999755859375,951.0999755859375,921.7999877929688,947.5,64013
1890,2008-03-31,916.2000122070312,940.0999755859375,912.0,931.0,5980
1891,2008-04-01,882.9000244140625,919.7999877929688,871.7999877929688,915.0,3204
1892,2008-04-02,895.2000122070312,906.5,881.2000122070312,884.0,2367
1893,2008-04-03,905.0,907.5,889.5999755859375,901.2000122070312,984
1894,2008-04-04,909.0,914.9000244140625,898.7999877929688,904.7000122070312,279
1895,2008-04-07,922.7000122070312,927.2000122070312,912.2999877929688,915.2999877929688,2086
1896,2008-04-08,914.0,925.2999877929688,909.2999877929688,924.2000122070312,405
1897,2008-04-09,933.5999755859375,935.5,904.0999755859375,916.0,390
1898,2008-04-10,928.2999877929688,939.2000122070312,922.4000244140625,931.2999877929688,409
1899,2008-04-11,923.5999755859375,931.2000122070312,919.5999755859375,919.5999755859375,141
1900,2008-04-14,925.4000244140625,929.4000244140625,915.5999755859375,917.0,153
1901,2008-04-15,928.7000122070312,936.0,924.2999877929688,924.2999877929688,168
1902,2008-04-16,945.0999755859375,948.7000122070312,927.2000122070312,927.2000122070312,161
1903,2008-04-17,939.7999877929688,947.9000244140625,938.7000122070312,927.2000122070312,209
1904,2008-04-18,912.2000122070312,936.0,907.2000122070312,936.0,145
1905,2008-04-21,914.7000122070312,924.5999755859375,914.0999755859375,922.5,449
1906,2008-04-22,922.2999877929688,922.7999877929688,916.2000122070312,920.5999755859375,625
1907,2008-04-23,906.2000122070312,921.5,898.7999877929688,916.7999877929688,111
1908,2008-04-24,886.7999877929688,904.7999877929688,885.0999755859375,902.4000244140625,80
1909,2008-04-25,887.2000122070312,893.5999755859375,878.0999755859375,878.2000122070312,77
1910,2008-04-28,892.9000244140625,893.7999877929688,887.0,887.0,339
1911,2008-04-29,874.2000122070312,890.5999755859375,869.5999755859375,890.5999755859375,136
1912,2008-04-30,862.7999877929688,875.2000122070312,863.0,868.7000122070312,88
1913,2008-05-01,848.9000244140625,873.5,849.5999755859375,855.0,28
1914,2008-05-02,856.0999755859375,857.7000122070312,853.2999877929688,853.2999877929688,6
1915,2008-05-05,872.2999877929688,872.7999877929688,861.2000122070312,861.2000122070312,35
1916,2008-05-06,876.0,881.4000244140625,872.2999877929688,872.2999877929688,47
1917,2008-05-07,869.5999755859375,869.4000244140625,864.7999877929688,868.0,43
1918,2008-05-08,880.5999755859375,883.2999877929688,867.0999755859375,871.0,71
1919,2008-05-09,884.5,884.7000122070312,883.9000244140625,883.9000244140625,25
1920,2008-05-12,883.7000122070312,886.5,879.2000122070312,879.2000122070312,56
1921,2008-05-13,868.5,870.4000244140625,862.9000244140625,862.9000244140625,17
1922,2008-05-14,865.4000244140625,868.5999755859375,862.7999877929688,862.7999877929688,41
1923,2008-05-15,879.0,886.2999877929688,865.7999877929688,865.7999877929688,121
1924,2008-05-16,899.0,904.2000122070312,892.0,892.0,85
1925,2008-05-19,905.0,905.0,905.0,905.0,2
1926,2008-05-20,919.5,919.5,919.5,919.5,2
1927,2008-05-21,928.0,924.0,923.2000122070312,923.5,3
1928,2008-05-22,917.9000244140625,917.5999755859375,917.5999755859375,917.5999755859375,1
1929,2008-05-23,925.5999755859375,925.5999755859375,916.0,916.9000244140625,1
1930,2008-05-27,907.7000122070312,912.0,906.5,912.0,25
1931,2008-05-28,900.5,900.5,900.5,900.5,149889
1932,2008-05-29,877.2000122070312,903.2000122070312,872.0999755859375,903.0,64624
1933,2008-05-30,887.2999877929688,888.5,868.5999755859375,880.2000122070312,6671
1934,2008-06-02,892.9000244140625,898.0,881.7999877929688,887.2999877929688,2132
1935,2008-06-03,881.5999755859375,896.0999755859375,874.5999755859375,889.7999877929688,2079
1936,2008-06-04,879.9000244140625,886.0999755859375,876.0,879.5,612
1937,2008-06-05,871.7999877929688,878.7999877929688,865.4000244140625,876.0999755859375,340
1938,2008-06-06,895.4000244140625,901.0,877.7000122070312,878.5,230
1939,2008-06-09,894.7000122070312,908.9000244140625,890.5,900.7000122070312,1930
1940,2008-06-10,867.9000244140625,886.5999755859375,866.0,886.5999755859375,457
1941,2008-06-11,879.7000122070312,882.0,869.5,869.5,146
1942,2008-06-12,869.2000122070312,873.5999755859375,858.2000122070312,873.5999755859375,135
1943,2008-06-13,870.2999877929688,870.2999877929688,860.5,870.2999877929688,361
1944,2008-06-16,883.5999755859375,893.0,871.2999877929688,872.5,70
1945,2008-06-17,884.2999877929688,887.0,876.2999877929688,883.4000244140625,62
1946,2008-06-18,890.9000244140625,891.9000244140625,885.0999755859375,888.0,135
1947,2008-06-19,901.7000122070312,906.5,888.5999755859375,888.5999755859375,44
1948,2008-06-20,901.2999877929688,907.2999877929688,901.0,903.7999877929688,21
1949,2008-06-23,884.7999877929688,903.4000244140625,879.2000122070312,903.4000244140625,54
1950,2008-06-24,889.2000122070312,891.2000122070312,885.5,889.5999755859375,64
1951,2008-06-25,880.0,883.7999877929688,876.4000244140625,883.5999755859375,97
1952,2008-06-26,913.0999755859375,912.5999755859375,909.5999755859375,909.5999755859375,182
1953,2008-06-27,929.2999877929688,927.5999755859375,910.7000122070312,913.0999755859375,167
1954,2008-06-30,926.2000122070312,933.7000122070312,922.2999877929688,927.7000122070312,144
1955,2008-07-01,942.5,945.7999877929688,938.0,943.5999755859375,32
1956,2008-07-02,944.7999877929688,944.7999877929688,933.0999755859375,938.7999877929688,58
1957,2008-07-03,931.9000244140625,944.7999877929688,928.0,944.7999877929688,58
1958,2008-07-07,927.2999877929688,931.4000244140625,915.4000244140625,931.4000244140625,141
1959,2008-07-08,921.9000244140625,922.7999877929688,919.2000122070312,922.7999877929688,37
1960,2008-07-09,927.2999877929688,928.2000122070312,919.7999877929688,919.7999877929688,31
1961,2008-07-10,940.9000244140625,942.0999755859375,928.0999755859375,928.0999755859375,18
1962,2008-07-11,959.5,965.7000122070312,948.2000122070312,948.2000122070312,58
1963,2008-07-14,972.7000122070312,974.5999755859375,955.0,964.7000122070312,55
1964,2008-07-15,977.7000122070312,986.2000122070312,976.0,983.5,12
1965,2008-07-16,961.7999877929688,960.0,960.0,960.0,1
1966,2008-07-17,970.0,976.2000122070312,957.2999877929688,957.2999877929688,37
1967,2008-07-18,957.2999877929688,957.0,956.7999877929688,956.7999877929688,2
1968,2008-07-21,963.0999755859375,964.5,963.5,964.5,2
1969,2008-07-22,948.0,974.9000244140625,973.0,973.0,3
1970,2008-07-23,922.4000244140625,935.0,924.2000122070312,935.0,203
1971,2008-07-24,922.0,926.4000244140625,920.9000244140625,920.9000244140625,47
1972,2008-07-25,926.5999755859375,929.2000122070312,921.2000122070312,928.4000244140625,35
1973,2008-07-28,927.5999755859375,931.0999755859375,927.0,928.7999877929688,28
1974,2008-07-29,916.4000244140625,917.7000122070312,916.2000122070312,916.2000122070312,147310
1975,2008-07-30,902.9000244140625,919.0999755859375,893.2999877929688,917.9000244140625,93759
1976,2008-07-31,913.9000244140625,925.5999755859375,906.0999755859375,906.9000244140625,8550
1977,2008-08-01,909.0,916.0999755859375,902.0999755859375,904.9000244140625,1834
1978,2008-08-04,900.0999755859375,915.2999877929688,894.4000244140625,912.7000122070312,2415
1979,2008-08-05,878.5999755859375,895.4000244140625,873.2999877929688,895.4000244140625,790
1980,2008-08-06,875.5999755859375,885.5999755859375,875.0,880.7000122070312,1330
1981,2008-08-07,870.7000122070312,883.7999877929688,870.2999877929688,882.2000122070312,335
1982,2008-08-08,857.7999877929688,869.5,851.0999755859375,868.7999877929688,303
1983,2008-08-11,821.5,863.4000244140625,818.0,858.2999877929688,286
1984,2008-08-12,808.2000122070312,826.4000244140625,803.5999755859375,826.4000244140625,99
1985,2008-08-13,825.0,829.0999755859375,810.9000244140625,810.9000244140625,155
1986,2008-08-14,808.2000122070312,831.9000244140625,805.0,831.4000244140625,67
1987,2008-08-15,786.0,799.2000122070312,780.9000244140625,796.9000244140625,134
1988,2008-08-18,799.7000122070312,801.7000122070312,792.0,792.0,22
1989,2008-08-19,811.0999755859375,814.5,789.5999755859375,789.5999755859375,48
1990,2008-08-20,810.2999877929688,814.9000244140625,804.7000122070312,814.9000244140625,87
1991,2008-08-21,833.0,835.5999755859375,825.7999877929688,825.7999877929688,99
1992,2008-08-22,827.4000244140625,836.5999755859375,823.0999755859375,832.2999877929688,21
1993,2008-08-25,819.7999877929688,819.7999877929688,819.7999877929688,819.7999877929688,44
1994,2008-08-26,822.2000122070312,826.0,826.0,826.0,142
1995,2008-08-27,828.0999755859375,830.2999877929688,825.2999877929688,830.2999877929688,423
1996,2008-08-28,830.9000244140625,842.5999755859375,824.5,828.0,503
1997,2008-08-29,829.2999877929688,833.0,831.7000122070312,831.7000122070312,116
1998,2008-09-02,805.0,840.7000122070312,790.7999877929688,829.9000244140625,185
1999,2008-09-03,802.7000122070312,805.5999755859375,791.5999755859375,805.5999755859375,28
2000,2008-09-04,797.9000244140625,809.0999755859375,794.9000244140625,801.4000244140625,76
2001,2008-09-05,797.5999755859375,809.0,794.0,794.7000122070312,85
2002,2008-09-08,797.5,813.2000122070312,796.4000244140625,811.0,88
2003,2008-09-09,787.0999755859375,802.0,780.0,802.0,29
2004,2008-09-10,757.9000244140625,781.0,752.7999877929688,776.5999755859375,56
2005,2008-09-11,741.2999877929688,756.5999755859375,739.0,756.5999755859375,25
2006,2008-09-12,760.2999877929688,756.0,750.5,750.5,12
2007,2008-09-15,783.0999755859375,778.5999755859375,764.0,778.0999755859375,19
2008,2008-09-16,776.5,777.7000122070312,777.0,777.7000122070312,2
2009,2008-09-17,846.5999755859375,808.0,782.9000244140625,782.9000244140625,26
2010,2008-09-18,892.7000122070312,910.9000244140625,836.0,869.9000244140625,59
2011,2008-09-19,860.5999755859375,860.5999755859375,860.5999755859375,860.5999755859375,112
2012,2008-09-22,903.9000244140625,908.0999755859375,888.7999877929688,888.7999877929688,20
2013,2008-09-23,885.5,898.9000244140625,886.0,892.4000244140625,184
2014,2008-09-24,889.0,891.2999877929688,879.5,879.5,185
2015,2008-09-25,877.7000122070312,891.5,884.5,891.5,92
2016,2008-09-26,882.9000244140625,890.2000122070312,884.2000122070312,884.2000122070312,13695
2017,2008-09-29,888.2000122070312,919.0,866.4000244140625,871.2999877929688,2943
2018,2008-09-30,874.2000122070312,912.5,855.0,904.7999877929688,879
2019,2008-10-01,880.7000122070312,889.0999755859375,869.2000122070312,878.0,304
2020,2008-10-02,839.0,870.4000244140625,829.2999877929688,870.4000244140625,462
2021,2008-10-03,828.9000244140625,844.2999877929688,823.0,832.5,228
2022,2008-10-06,862.7000122070312,868.7999877929688,826.0,828.7999877929688,510
2023,2008-10-07,878.4000244140625,883.0,858.2000122070312,862.0999755859375,41
2024,2008-10-08,903.0999755859375,915.5,877.7000122070312,879.7000122070312,310
2025,2008-10-09,883.0999755859375,919.7000122070312,883.0,902.7000122070312,76
2026,2008-10-10,855.4000244140625,925.7000122070312,843.0,925.7000122070312,104
2027,2008-10-13,838.9000244140625,861.0999755859375,830.2999877929688,861.0999755859375,186
2028,2008-10-14,836.2999877929688,848.0999755859375,833.5,848.0999755859375,48
2029,2008-10-15,835.5,848.7000122070312,831.5999755859375,839.5,120
2030,2008-10-16,801.5,846.0,790.0,846.0,34
2031,2008-10-17,785.0999755859375,807.0,773.7999877929688,798.0,55
2032,2008-10-20,787.5999755859375,803.7999877929688,787.5,803.7999877929688,19
2033,2008-10-21,766.0999755859375,793.7000122070312,767.7000122070312,793.7000122070312,83
2034,2008-10-22,733.2999877929688,771.7000122070312,721.0,771.7000122070312,244
2035,2008-10-23,713.2999877929688,719.7999877929688,705.0,705.0,37
2036,2008-10-24,729.0999755859375,734.2000122070312,681.0,715.2999877929688,99
2037,2008-10-27,741.7000122070312,744.5,712.0,742.7999877929688,268
2038,2008-10-28,739.2999877929688,748.7999877929688,730.5999755859375,731.0,6
2039,2008-10-29,752.7999877929688,750.7999877929688,750.7999877929688,750.7999877929688,90
2040,2008-10-30,737.2000122070312,774.0,739.0999755859375,760.5,24
2041,2008-10-31,716.7999877929688,736.0,718.4000244140625,731.4000244140625,17
2042,2008-11-03,725.4000244140625,731.5,728.7000122070312,728.7999877929688,16
2043,2008-11-04,756.0,760.0,726.0,726.0,30
2044,2008-11-05,741.2999877929688,757.4000244140625,739.0,757.4000244140625,22
2045,2008-11-06,731.2000122070312,759.0,731.9000244140625,743.4000244140625,30
2046,2008-11-07,733.2000122070312,743.0,727.2000122070312,731.5,17
2047,2008-11-10,745.5999755859375,753.5999755859375,747.9000244140625,749.0,42
2048,2008-11-11,732.0,735.5999755859375,729.7999877929688,734.2000122070312,39
2049,2008-11-12,717.7000122070312,734.7000122070312,722.5,730.4000244140625,71
2050,2008-11-13,704.9000244140625,715.5,707.0,714.2999877929688,922
2051,2008-11-14,742.4000244140625,747.0999755859375,726.5,726.5,9
2052,2008-11-17,741.9000244140625,741.9000244140625,741.9000244140625,741.9000244140625,9
2053,2008-11-18,732.5999755859375,744.9000244140625,734.0,738.0,13
2054,2008-11-19,735.9000244140625,758.7999877929688,735.0,736.0,55
2055,2008-11-20,748.5999755859375,750.0,739.5,740.5,62
2056,2008-11-21,791.7000122070312,784.0999755859375,771.2000122070312,771.2999877929688,20
2057,2008-11-24,819.4000244140625,824.0,819.9000244140625,819.9000244140625,3
2058,2008-11-25,818.4000244140625,818.4000244140625,818.4000244140625,818.4000244140625,158862
2059,2008-11-26,808.5,822.0,806.7999877929688,819.0999755859375,158862
2060,2008-11-28,816.2000122070312,819.0,808.2000122070312,811.0999755859375,6325
2061,2008-12-01,774.5999755859375,817.2999877929688,766.0,817.2000122070312,2791
2062,2008-12-02,781.2999877929688,786.0,759.7000122070312,765.2999877929688,1393
2063,2008-12-03,768.7999877929688,781.9000244140625,762.9000244140625,780.0,439
2064,2008-12-04,763.7999877929688,780.4000244140625,761.7000122070312,770.0,606
2065,2008-12-05,750.5,769.5999755859375,740.0,764.5,888
2066,2008-12-08,767.4000244140625,780.2000122070312,754.2000122070312,755.0,573
2067,2008-12-09,772.4000244140625,776.5,762.2999877929688,775.0,101
2068,2008-12-10,807.0999755859375,811.0,783.0999755859375,784.0999755859375,235
2069,2008-12-11,824.9000244140625,832.0999755859375,801.0,803.4000244140625,260
2070,2008-12-12,818.9000244140625,827.0,813.7999877929688,821.5,182
2071,2008-12-15,835.4000244140625,842.0,824.0,828.0,470
2072,2008-12-16,841.7000122070312,859.0,831.5999755859375,839.0,73
2073,2008-12-17,867.5,880.7999877929688,849.2999877929688,854.4000244140625,122
2074,2008-12-18,859.5999755859375,873.0,852.0,862.4000244140625,242
2075,2008-12-19,836.4000244140625,852.0999755859375,833.2999877929688,846.5999755859375,106
2076,2008-12-22,846.2000122070312,851.0,844.0,848.5,235
2077,2008-12-23,837.2000122070312,848.0,835.0,848.0,176
2078,2008-12-24,847.0999755859375,848.9000244140625,838.5,838.9000244140625,19
2079,2008-12-26,870.4000244140625,872.4000244140625,845.7999877929688,847.0,88
2080,2008-12-29,874.5999755859375,882.9000244140625,875.0,882.9000244140625,426
2081,2008-12-30,869.2999877929688,878.0999755859375,866.5,878.0999755859375,139
2082,2008-12-31,883.5999755859375,883.5999755859375,858.4000244140625,860.0,35
2083,2009-01-02,878.7999877929688,881.5,868.9000244140625,881.5,46
2084,2009-01-05,857.2000122070312,883.5,847.0,882.0,35
2085,2009-01-06,865.4000244140625,867.5999755859375,840.0,855.0999755859375,113
2086,2009-01-07,841.0999755859375,867.0,837.7000122070312,862.0,101
2087,2009-01-08,853.9000244140625,861.0,837.9000244140625,837.9000244140625,255
2088,2009-01-09,854.2999877929688,862.0999755859375,855.9000244140625,855.9000244140625,123
2089,2009-01-12,820.2999877929688,844.4000244140625,815.4000244140625,844.4000244140625,72
2090,2009-01-13,820.0999755859375,825.5999755859375,815.7000122070312,825.5999755859375,20
2091,2009-01-14,808.2000122070312,827.0999755859375,814.0,825.9000244140625,5
2092,2009-01-15,806.7000122070312,808.7999877929688,805.5999755859375,805.5999755859375,16
2093,2009-01-16,839.2999877929688,842.5,834.0,834.0,64
2094,2009-01-20,854.5999755859375,862.7000122070312,824.0,838.7000122070312,20
2095,2009-01-21,849.5999755859375,852.5999755859375,843.7999877929688,850.5,37
2096,2009-01-22,858.2000122070312,860.9000244140625,846.2000122070312,856.7999877929688,57
2097,2009-01-23,895.2999877929688,899.0999755859375,875.0,875.0,52
2098,2009-01-26,908.5,911.5999755859375,901.2000122070312,907.2999877929688,18
2099,2009-01-27,899.2000122070312,903.0,895.2000122070312,902.7999877929688,48
2100,2009-01-28,888.0999755859375,894.5999755859375,883.7000122070312,886.0999755859375,137271
2101,2009-01-29,905.0999755859375,909.7000122070312,874.2000122070312,888.0999755859375,66607
2102,2009-01-30,927.2999877929688,930.2999877929688,902.0,909.7999877929688,10460
2103,2009-02-02,906.7000122070312,928.7999877929688,902.2000122070312,924.2999877929688,3220
2104,2009-02-03,892.0,913.2999877929688,889.7999877929688,903.2000122070312,1451
2105,2009-02-04,901.5999755859375,909.2000122070312,897.0,900.0999755859375,465
2106,2009-02-05,913.5999755859375,924.4000244140625,904.4000244140625,906.2999877929688,770
2107,2009-02-06,913.9000244140625,918.5,909.5,914.5,334
2108,2009-02-09,892.4000244140625,911.0,891.7999877929688,910.0,984
2109,2009-02-10,913.7000122070312,917.5,892.0,898.0,252
2110,2009-02-11,943.7999877929688,947.2000122070312,912.2000122070312,913.7000122070312,892
2111,2009-02-12,948.5,952.7999877929688,936.4000244140625,938.7999877929688,335
2112,2009-02-13,941.5,947.2999877929688,934.2000122070312,947.2999877929688,137
2113,2009-02-17,967.0,973.7999877929688,937.2999877929688,939.5,1639
2114,2009-02-18,977.7000122070312,988.0,962.2000122070312,968.4000244140625,422
2115,2009-02-19,976.0999755859375,986.2000122070312,972.0,982.7000122070312,202
2116,2009-02-20,1001.7999877929688,1004.9000244140625,971.5999755859375,974.0,219
2117,2009-02-23,994.5999755859375,996.5,980.0,995.5999755859375,215
2118,2009-02-24,969.0999755859375,991.5999755859375,963.2000122070312,988.0,243
2119,2009-02-25,965.7000122070312,977.5,953.0999755859375,963.2999877929688,1019
2120,2009-02-26,941.7999877929688,956.0,933.0,953.0,687
2121,2009-02-27,941.5,963.2000122070312,928.0999755859375,943.4000244140625,730
2122,2009-03-02,939.0,963.2000122070312,924.5,945.0,474
2123,2009-03-03,912.9000244140625,931.7999877929688,906.4000244140625,927.0,362
2124,2009-03-04,906.0,923.2000122070312,900.0999755859375,914.9000244140625,155
2125,2009-03-05,927.0,932.5999755859375,908.9000244140625,912.0,141
2126,2009-03-06,942.0999755859375,944.5,931.7999877929688,933.5,308
2127,2009-03-09,917.7000122070312,940.5,914.5,940.5,838
2128,2009-03-10,895.5999755859375,921.7999877929688,892.0999755859375,921.5999755859375,120
2129,2009-03-11,910.4000244140625,912.4000244140625,894.0999755859375,894.7000122070312,221
2130,2009-03-12,923.7000122070312,927.5,908.0,909.2000122070312,118
2131,2009-03-13,929.7999877929688,937.0,924.4000244140625,924.4000244140625,69
2132,2009-03-16,921.5999755859375,929.5999755859375,916.7000122070312,926.4000244140625,139
2133,2009-03-17,916.4000244140625,924.4000244140625,912.4000244140625,923.2000122070312,48
2134,2009-03-18,888.7000122070312,944.0,885.0,915.4000244140625,120
2135,2009-03-19,958.2999877929688,960.7999877929688,933.7999877929688,938.0,360
2136,2009-03-20,955.7999877929688,960.5999755859375,954.0,960.5999755859375,23
2137,2009-03-23,952.0999755859375,952.5999755859375,937.9000244140625,950.7000122070312,30
2138,2009-03-24,923.2999877929688,923.2999877929688,923.2999877929688,923.2999877929688,1494
2139,2009-03-25,935.4000244140625,936.5,920.7999877929688,921.2000122070312,97
2140,2009-03-26,939.5999755859375,943.0,937.5999755859375,939.5999755859375,66
2141,2009-03-27,923.0,923.0,923.0,923.0,106869
2142,2009-03-30,915.5,932.5,908.5999755859375,924.5999755859375,58837
2143,2009-03-31,922.5999755859375,924.5,911.5999755859375,918.0,7403
2144,2009-04-01,926.0999755859375,932.5,916.9000244140625,918.5999755859375,3659
2145,2009-04-02,907.4000244140625,930.2999877929688,894.9000244140625,926.9000244140625,3389
2146,2009-04-03,895.5999755859375,910.2999877929688,891.2999877929688,904.5999755859375,1616
2147,2009-04-06,871.5,895.0,865.0999755859375,895.0,1078
2148,2009-04-07,882.2000122070312,884.7000122070312,872.2000122070312,872.2000122070312,395
2149,2009-04-08,884.7999877929688,889.0999755859375,879.0,884.0,119
2150,2009-04-09,882.2000122070312,886.0999755859375,874.7000122070312,882.4000244140625,360
2151,2009-04-13,894.7000122070312,899.4000244140625,882.5,882.5,418
2152,2009-04-14,890.9000244140625,897.7999877929688,887.4000244140625,896.0999755859375,362
2153,2009-04-15,892.7999877929688,895.2999877929688,888.9000244140625,890.0,665
2154,2009-04-16,879.2999877929688,893.4000244140625,872.7999877929688,890.9000244140625,632
2155,2009-04-17,867.4000244140625,875.7000122070312,865.0,874.0,212
2156,2009-04-20,887.0,889.0,866.0999755859375,868.7999877929688,655
2157,2009-04-21,882.0999755859375,895.0999755859375,880.7000122070312,886.9000244140625,230
2158,2009-04-22,891.7999877929688,893.0,883.0,883.0999755859375,330
2159,2009-04-23,905.9000244140625,909.0,892.5999755859375,893.5999755859375,234
2160,2009-04-24,913.5999755859375,913.5999755859375,906.7000122070312,911.2000122070312,438
2161,2009-04-27,907.4000244140625,918.0,906.2999877929688,918.0,1179
2162,2009-04-28,892.7999877929688,899.7000122070312,890.0999755859375,899.7000122070312,308
2163,2009-04-29,899.7999877929688,902.5,887.7999877929688,890.0999755859375,809
2164,2009-04-30,890.7000122070312,898.9000244140625,881.2999877929688,898.2000122070312,212
2165,2009-05-01,887.5999755859375,889.2000122070312,881.5,884.0,506
2166,2009-05-04,901.5999755859375,907.5,885.7999877929688,885.7999877929688,83
2167,2009-05-05,903.7000122070312,912.2999877929688,902.0,903.5,69
2168,2009-05-06,910.5,911.0999755859375,901.2999877929688,901.2999877929688,30
2169,2009-05-07,915.0,924.0,910.4000244140625,922.4000244140625,64
2170,2009-05-08,914.4000244140625,915.2999877929688,910.0999755859375,910.0999755859375,156
2171,2009-05-11,913.0,914.4000244140625,913.0999755859375,913.0999755859375,2
2172,2009-05-12,923.5,923.5,916.0999755859375,918.5,24
2173,2009-05-13,925.5,929.7000122070312,921.2000122070312,922.0,71
2174,2009-05-14,928.0,922.5999755859375,922.5999755859375,922.5999755859375,1
2175,2009-05-15,930.9000244140625,931.5999755859375,925.2000122070312,925.2000122070312,45
2176,2009-05-18,921.2999877929688,932.9000244140625,918.7000122070312,929.5999755859375,71
2177,2009-05-19,926.2999877929688,926.2999877929688,926.2999877929688,926.2999877929688,71
2178,2009-05-20,937.0,940.5,931.0,933.0,67
2179,2009-05-21,950.7999877929688,943.9000244140625,937.4000244140625,939.0999755859375,71
2180,2009-05-22,958.5,958.7000122070312,956.9000244140625,956.9000244140625,12
2181,2009-05-26,953.0999755859375,953.5,944.0,953.0,20
2182,2009-05-27,953.2000122070312,956.0,947.2000122070312,947.2000122070312,151332
2183,2009-05-28,961.5,964.9000244140625,944.0,948.5999755859375,74257
2184,2009-05-29,978.7999877929688,980.4000244140625,959.0,959.2000122070312,7607
2185,2009-06-01,978.5999755859375,988.0999755859375,973.0,978.7999877929688,2883
2186,2009-06-02,983.2000122070312,986.5,969.7999877929688,974.7000122070312,2345
2187,2009-06-03,964.5,990.2999877929688,961.0,981.7000122070312,1187
2188,2009-06-04,981.2000122070312,982.0,960.9000244140625,963.5999755859375,600
2189,2009-06-05,961.7000122070312,983.0,954.0,981.4000244140625,714
2190,2009-06-08,951.7000122070312,960.0999755859375,944.4000244140625,958.0,580
2191,2009-06-09,954.0,963.7000122070312,948.4000244140625,953.5,684
2192,2009-06-10,954.0,966.0,949.2000122070312,956.0,698
2193,2009-06-11,961.2999877929688,961.9000244140625,943.0999755859375,954.2999877929688,583
2194,2009-06-12,940.0999755859375,956.5,935.7999877929688,955.9000244140625,166
2195,2009-06-15,926.9000244140625,938.5,926.9000244140625,938.5,258
2196,2009-06-16,931.5999755859375,938.5999755859375,930.9000244140625,930.9000244140625,149
2197,2009-06-17,935.4000244140625,937.7999877929688,930.4000244140625,931.5,29
2198,2009-06-18,934.0,942.0,931.0,942.0,91
2199,2009-06-19,935.5999755859375,936.5,932.0,932.0,73
2200,2009-06-22,920.5999755859375,926.2000122070312,919.0,925.0,134
2201,2009-06-23,923.9000244140625,926.5,917.2999877929688,921.9000244140625,181
2202,2009-06-24,934.0999755859375,942.7000122070312,922.9000244140625,925.4000244140625,588
2203,2009-06-25,939.0999755859375,939.0999755859375,932.2999877929688,932.2999877929688,72
2204,2009-06-26,940.7000122070312,946.0,939.5999755859375,945.2999877929688,185
2205,2009-06-29,940.4000244140625,942.5,934.7999877929688,940.2000122070312,445
2206,2009-06-30,927.0999755859375,943.9000244140625,925.2999877929688,941.4000244140625,128
2207,2009-07-01,941.0,944.2000122070312,928.0,929.2999877929688,88
2208,2009-07-02,930.7000122070312,941.5,926.5999755859375,941.4000244140625,67
2209,2009-07-06,924.0,933.5,920.2000122070312,933.5,108
2210,2009-07-07,928.7999877929688,931.7000122070312,921.2000122070312,924.2000122070312,57
2211,2009-07-08,909.0,919.5999755859375,905.5999755859375,919.5999755859375,41
2212,2009-07-09,915.9000244140625,917.4000244140625,907.2000122070312,907.2000122070312,74
2213,2009-07-10,912.2000122070312,913.5,908.5,910.7000122070312,40
2214,2009-07-13,922.2000122070312,922.2000122070312,908.4000244140625,911.5,30
2215,2009-07-14,922.5,926.2000122070312,920.2000122070312,920.2000122070312,64
2216,2009-07-15,939.0999755859375,941.0,928.2999877929688,928.9000244140625,67
2217,2009-07-16,935.0999755859375,938.4000244140625,934.7999877929688,938.4000244140625,63
2218,2009-07-17,937.2000122070312,937.7999877929688,931.7999877929688,936.9000244140625,34
2219,2009-07-20,948.5,954.5,950.9000244140625,954.0999755859375,5
2220,2009-07-21,946.5999755859375,948.5999755859375,945.7999877929688,948.5999755859375,15
2221,2009-07-22,953.0,953.0,946.4000244140625,949.2000122070312,71
2222,2009-07-23,954.5,954.2000122070312,949.7999877929688,954.2000122070312,47
2223,2009-07-24,952.7999877929688,952.7999877929688,950.2999877929688,950.2999877929688,77
2224,2009-07-27,953.2999877929688,957.0999755859375,953.2999877929688,955.0999755859375,5
2225,2009-07-28,939.0,949.5,937.5,949.5,10
2226,2009-07-29,927.2000122070312,927.2000122070312,927.2000122070312,927.2000122070312,129090
2227,2009-07-30,934.9000244140625,937.0,928.4000244140625,929.2000122070312,36620
2228,2009-07-31,953.7000122070312,958.0999755859375,932.0,934.4000244140625,10747
2229,2009-08-03,956.5999755859375,964.0,952.4000244140625,952.5999755859375,2602
2230,2009-08-04,967.5,969.5,950.7999877929688,956.5999755859375,565
2231,2009-08-05,964.2000122070312,968.0999755859375,959.7999877929688,967.5999755859375,742
2232,2009-08-06,960.7000122070312,971.0999755859375,956.5,964.0999755859375,543
2233,2009-08-07,957.2999877929688,964.2999877929688,954.5999755859375,964.2999877929688,641
2234,2009-08-10,945.0,956.0999755859375,943.5,955.0,395
2235,2009-08-11,945.7999877929688,949.7000122070312,943.0999755859375,947.2000122070312,106
2236,2009-08-12,950.7000122070312,951.5,943.0,947.5,102
2237,2009-08-13,954.7000122070312,960.0999755859375,952.2999877929688,952.5999755859375,104
2238,2009-08-14,947.0,957.4000244140625,942.0999755859375,957.4000244140625,141
2239,2009-08-17,934.2999877929688,947.4000244140625,931.5,947.4000244140625,128
2240,2009-08-18,937.7000122070312,938.5999755859375,935.5,938.5999755859375,276
2241,2009-08-19,943.2999877929688,944.9000244140625,933.4000244140625,941.7999877929688,194
2242,2009-08-20,940.2999877929688,945.7000122070312,940.0999755859375,942.9000244140625,35
2243,2009-08-21,953.2000122070312,957.5999755859375,952.5999755859375,957.0,53
2244,2009-08-24,942.2999877929688,957.0,941.2999877929688,953.5,198
2245,2009-08-25,944.5,954.5,943.5,946.2999877929688,143
2246,2009-08-26,944.2999877929688,948.2000122070312,940.2999877929688,947.5,128
2247,2009-08-27,945.5,949.4000244140625,942.9000244140625,944.2000122070312,193
2248,2009-08-28,957.0,962.2000122070312,948.0999755859375,949.2999877929688,182
2249,2009-08-31,951.7000122070312,959.5,944.7999877929688,959.5,21
2250,2009-09-01,954.7000122070312,956.5,948.7000122070312,954.2000122070312,17
2251,2009-09-02,976.5999755859375,978.7999877929688,954.0,954.0,65
2252,2009-09-03,995.7999877929688,995.7999877929688,978.0999755859375,978.0999755859375,55
2253,2009-09-04,994.9000244140625,995.0,985.5,992.5999755859375,75
2254,2009-09-08,997.9000244140625,1006.9000244140625,993.2000122070312,993.5,90
2255,2009-09-09,995.2999877929688,1002.7999877929688,988.7999877929688,1002.0,84
2256,2009-09-10,995.4000244140625,997.2000122070312,987.2999877929688,996.2000122070312,51
2257,2009-09-11,1004.9000244140625,1011.9000244140625,999.7000122070312,999.7000122070312,198
2258,2009-09-14,999.9000244140625,1003.7999877929688,998.5,1002.9000244140625,91
2259,2009-09-15,1005.0,1008.0,994.9000244140625,998.0,118
2260,2009-09-16,1018.9000244140625,1019.7999877929688,1014.7000122070312,1014.7000122070312,92
2261,2009-09-17,1012.2999877929688,1019.5,1011.5999755859375,1017.2000122070312,48
2262,2009-09-18,1009.2000122070312,1017.5999755859375,1009.2000122070312,1013.9000244140625,26
2263,2009-09-21,1003.7000122070312,1003.7000122070312,998.0,1003.7000122070312,26
2264,2009-09-22,1014.2000122070312,1019.4000244140625,1011.5,1011.5,67
2265,2009-09-23,1013.0,1015.2000122070312,1008.2000122070312,1014.4000244140625,212
2266,2009-09-24,997.5,1015.0,993.9000244140625,1015.0,123
2267,2009-09-25,990.2000122070312,997.4000244140625,986.7000122070312,997.2999877929688,70
2268,2009-09-28,992.5,993.2000122070312,991.4000244140625,993.2000122070312,6999
2269,2009-09-29,993.0999755859375,995.7000122070312,984.7000122070312,990.5,5742
2270,2009-09-30,1008.0,1009.0,992.5,992.5,1393
2271,2009-10-01,999.5,1008.7999877929688,998.0,1007.4000244140625,213
2272,2009-10-02,1003.2000122070312,1007.2999877929688,986.7999877929688,998.7999877929688,247
2273,2009-10-05,1016.7000122070312,1017.5999755859375,1003.0,1004.0999755859375,180
2274,2009-10-06,1038.5999755859375,1043.800048828125,1018.2999877929688,1019.5,180
2275,2009-10-07,1043.300048828125,1048.199951171875,1038.300048828125,1038.300048828125,180
2276,2009-10-08,1055.4000244140625,1060.4000244140625,1045.0999755859375,1045.800048828125,160
2277,2009-10-09,1047.800048828125,1051.5,1044.0,1049.300048828125,175
2278,2009-10-12,1056.699951171875,1058.4000244140625,1049.0,1049.0,209
2279,2009-10-13,1064.199951171875,1068.4000244140625,1056.5,1064.0,183
2280,2009-10-14,1063.9000244140625,1070.199951171875,1057.5999755859375,1064.0,140
2281,2009-10-15,1049.800048828125,1062.199951171875,1048.0,1062.199951171875,179
2282,2009-10-16,1050.699951171875,1056.199951171875,1043.699951171875,1051.5,76
2283,2009-10-19,1057.300048828125,1061.199951171875,1049.199951171875,1053.5999755859375,157
2284,2009-10-20,1057.800048828125,1066.199951171875,1054.0,1065.5,231
2285,2009-10-21,1063.699951171875,1064.0,1047.5,1053.699951171875,35
2286,2009-10-22,1057.800048828125,1061.199951171875,1051.5,1061.199951171875,173
2287,2009-10-23,1055.5999755859375,1065.9000244140625,1050.199951171875,1063.800048828125,116
2288,2009-10-26,1042.0999755859375,1055.5999755859375,1039.9000244140625,1055.5999755859375,76
2289,2009-10-27,1034.699951171875,1042.0999755859375,1034.699951171875,1039.5,100
2290,2009-10-28,1029.9000244140625,1042.0999755859375,1028.0,1042.0999755859375,307
2291,2009-10-29,1046.4000244140625,1047.300048828125,1032.4000244140625,1035.199951171875,234
2292,2009-10-30,1039.699951171875,1045.800048828125,1035.5999755859375,1045.5,148
2293,2009-11-02,1053.4000244140625,1061.800048828125,1043.5,1053.4000244140625,41
2294,2009-11-03,1084.300048828125,1087.0,1056.800048828125,1084.300048828125,196
2295,2009-11-04,1086.699951171875,1097.4000244140625,1082.199951171875,1086.699951171875,114
2296,2009-11-05,1088.699951171875,1092.300048828125,1086.0,1088.699951171875,63
2297,2009-11-06,1095.0999755859375,1100.0,1090.199951171875,1095.0999755859375,102
2298,2009-11-09,1100.800048828125,1109.300048828125,1098.5999755859375,1098.5999755859375,102
2299,2009-11-10,1101.9000244140625,1108.5999755859375,1098.199951171875,1100.9000244140625,92
2300,2009-11-11,1114.0,1117.5999755859375,1106.300048828125,1114.0,104
2301,2009-11-12,1106.0,1121.300048828125,1104.300048828125,1106.0,68
2302,2009-11-13,1116.0999755859375,1118.199951171875,1105.0,1116.0999755859375,56
2303,2009-11-16,1138.5999755859375,1140.5,1127.199951171875,1138.5999755859375,64
2304,2009-11-17,1138.800048828125,1140.4000244140625,1131.300048828125,1138.800048828125,67
2305,2009-11-18,1140.699951171875,1149.4000244140625,1136.5,1140.699951171875,77
2306,2009-11-19,1141.4000244140625,1144.800048828125,1135.5,1141.4000244140625,20
2307,2009-11-20,1146.4000244140625,1147.9000244140625,1137.300048828125,1146.4000244140625,18
2308,2009-11-23,1164.300048828125,1163.0,1164.300048828125,1164.300048828125,3
2309,2009-11-24,1165.5,1169.800048828125,1167.5,1165.5,26
2310,2009-11-25,1186.9000244140625,1186.9000244140625,1186.9000244140625,1186.9000244140625,205513
2311,2009-11-27,1174.199951171875,1195.0,1130.0999755859375,1190.800048828125,112015
2312,2009-11-30,1181.0999755859375,1183.699951171875,1163.699951171875,1179.9000244140625,14549
2313,2009-12-01,1199.0999755859375,1202.699951171875,1176.0,1181.0,3787
2314,2009-12-02,1212.0,1217.300048828125,1196.300048828125,1196.4000244140625,2145
2315,2009-12-03,1217.4000244140625,1226.4000244140625,1204.5999755859375,1218.0,1530
2316,2009-12-04,1168.800048828125,1211.199951171875,1147.0,1207.800048828125,4288
2317,2009-12-07,1163.4000244140625,1165.5,1136.300048828125,1157.5999755859375,3669
2318,2009-12-08,1142.800048828125,1169.300048828125,1125.300048828125,1159.5,784
2319,2009-12-09,1120.4000244140625,1147.0,1116.5,1130.300048828125,2256
2320,2009-12-10,1125.699951171875,1134.800048828125,1122.199951171875,1125.699951171875,344
2321,2009-12-11,1119.4000244140625,1141.4000244140625,1110.800048828125,1132.699951171875,912
2322,2009-12-14,1123.300048828125,1127.5,1114.5,1123.300048828125,230
2323,2009-12-15,1122.4000244140625,1128.5999755859375,1111.9000244140625,1127.9000244140625,242
2324,2009-12-16,1135.5,1140.0,1122.4000244140625,1125.699951171875,205
2325,2009-12-17,1106.800048828125,1141.5,1095.699951171875,1141.5,422
2326,2009-12-18,1110.800048828125,1115.199951171875,1097.800048828125,1110.800048828125,404
2327,2009-12-21,1095.4000244140625,1119.199951171875,1090.800048828125,1095.4000244140625,248
2328,2009-12-22,1086.0,1097.4000244140625,1075.0,1095.300048828125,480
2329,2009-12-23,1093.300048828125,1094.5999755859375,1080.0,1093.300048828125,168
2330,2009-12-24,1104.0999755859375,1105.300048828125,1092.0,1092.0,127
2331,2009-12-28,1107.199951171875,1111.9000244140625,1102.800048828125,1107.199951171875,350
2332,2009-12-29,1097.0,1105.199951171875,1097.0,1097.0,1038
2333,2009-12-30,1091.5,1097.0999755859375,1086.0,1091.5,399
2334,2009-12-31,1095.199951171875,1106.0999755859375,1094.0,1095.199951171875,149
2335,2010-01-04,1117.699951171875,1122.300048828125,1097.0999755859375,1117.699951171875,184
2336,2010-01-05,1118.0999755859375,1126.5,1115.0,1118.0999755859375,53
2337,2010-01-06,1135.9000244140625,1139.199951171875,1120.699951171875,1135.9000244140625,363
2338,2010-01-07,1133.0999755859375,1133.0999755859375,1129.199951171875,1133.0999755859375,56
2339,2010-01-08,1138.199951171875,1138.199951171875,1122.699951171875,1138.199951171875,54
2340,2010-01-11,1150.699951171875,1161.199951171875,1143.0,1150.699951171875,177
2341,2010-01-12,1128.9000244140625,1157.199951171875,1127.199951171875,1128.9000244140625,51
2342,2010-01-13,1136.4000244140625,1136.4000244140625,1121.0,1136.4000244140625,58
2343,2010-01-14,1142.5999755859375,1145.9000244140625,1132.800048828125,1137.0,81
2344,2010-01-15,1130.0999755859375,1133.4000244140625,1127.199951171875,1132.800048828125,50
2345,2010-01-19,1139.699951171875,1139.699951171875,1130.5,1139.699951171875,22
2346,2010-01-20,1112.300048828125,1133.0,1109.800048828125,1123.300048828125,28
2347,2010-01-21,1102.699951171875,1107.5,1090.199951171875,1102.699951171875,99
2348,2010-01-22,1089.199951171875,1095.4000244140625,1083.0,1089.199951171875,58
2349,2010-01-25,1095.199951171875,1095.199951171875,1095.199951171875,1095.199951171875,8
2350,2010-01-26,1097.9000244140625,1097.9000244140625,1097.9000244140625,1097.9000244140625,4
2351,2010-01-27,1084.4000244140625,1084.4000244140625,1084.4000244140625,1084.4000244140625,206694
2352,2010-01-28,1083.5999755859375,1095.699951171875,1073.199951171875,1087.800048828125,101168
2353,2010-01-29,1083.0,1090.800048828125,1074.5,1085.0,11456
2354,2010-02-01,1104.300048828125,1107.300048828125,1076.800048828125,1081.0,2452
2355,2010-02-02,1117.4000244140625,1118.5,1100.199951171875,1117.4000244140625,3326
2356,2010-02-03,1111.4000244140625,1124.9000244140625,1108.5999755859375,1115.800048828125,853
2357,2010-02-04,1062.4000244140625,1110.699951171875,1059.0,1110.0,1426
2358,2010-02-05,1052.199951171875,1068.5,1045.199951171875,1052.199951171875,1956
2359,2010-02-08,1065.699951171875,1073.4000244140625,1061.5999755859375,1065.699951171875,549
2360,2010-02-09,1076.699951171875,1082.0,1063.0999755859375,1076.699951171875,387
2361,2010-02-10,1075.800048828125,1081.0999755859375,1063.300048828125,1075.800048828125,640
2362,2010-02-11,1094.199951171875,1097.0999755859375,1075.5999755859375,1076.800048828125,1491
2363,2010-02-12,1089.5,1092.0,1079.800048828125,1089.5,197
2364,2010-02-16,1119.300048828125,1120.4000244140625,1092.4000244140625,1119.300048828125,928
2365,2010-02-17,1119.5,1127.0,1108.5,1119.5,1083
2366,2010-02-18,1118.0,1123.699951171875,1100.800048828125,1118.0,989
2367,2010-02-19,1121.300048828125,1126.199951171875,1099.699951171875,1121.300048828125,137
2368,2010-02-22,1112.5999755859375,1127.4000244140625,1110.0,1112.5999755859375,124
2369,2010-02-23,1102.699951171875,1118.300048828125,1102.5999755859375,1116.4000244140625,152
2370,2010-02-24,1096.5,1096.5,1096.5,1096.5,751
2371,2010-02-25,1107.800048828125,1108.199951171875,1088.699951171875,1107.800048828125,386
2372,2010-02-26,1118.300048828125,1118.300048828125,1106.800048828125,1106.800048828125,382
2373,2010-03-01,1117.800048828125,1121.9000244140625,1113.5999755859375,1119.300048828125,184
2374,2010-03-02,1136.9000244140625,1137.4000244140625,1115.699951171875,1136.9000244140625,155
2375,2010-03-03,1142.699951171875,1145.0,1133.699951171875,1142.699951171875,170
2376,2010-03-04,1132.5999755859375,1139.0,1128.5999755859375,1132.5999755859375,118
2377,2010-03-05,1134.800048828125,1134.800048828125,1134.800048828125,1134.800048828125,129
2378,2010-03-08,1123.5999755859375,1123.5999755859375,1123.5999755859375,1123.5999755859375,17
2379,2010-03-09,1122.0,1124.0,1113.0999755859375,1122.0,27
2380,2010-03-10,1107.800048828125,1127.0999755859375,1106.9000244140625,1107.800048828125,21
2381,2010-03-11,1108.0,1108.0,1108.0,1108.0,46
2382,2010-03-12,1101.5,1117.4000244140625,1099.9000244140625,1101.5,135
2383,2010-03-15,1105.0999755859375,1107.0999755859375,1101.4000244140625,1105.0999755859375,21
2384,2010-03-16,1122.199951171875,1127.0,1114.5,1122.199951171875,66
2385,2010-03-17,1124.0,1131.4000244140625,1118.0,1124.0,29
2386,2010-03-18,1127.4000244140625,1127.800048828125,1121.0999755859375,1127.4000244140625,86
2387,2010-03-19,1107.4000244140625,1107.4000244140625,1107.4000244140625,1107.4000244140625,54
2388,2010-03-22,1099.300048828125,1099.300048828125,1099.300048828125,1099.300048828125,71
2389,2010-03-23,1103.5,1103.5,1103.5,1103.5,16
2390,2010-03-24,1088.5999755859375,1092.4000244140625,1085.5,1088.5999755859375,9
2391,2010-03-25,1092.699951171875,1092.699951171875,1086.699951171875,1092.699951171875,8
2392,2010-03-26,1104.199951171875,1104.199951171875,1104.199951171875,1104.199951171875,5
2393,2010-03-29,1110.300048828125,1110.300048828125,1110.300048828125,1110.300048828125,158733
2394,2010-03-30,1104.5,1112.9000244140625,1101.0999755859375,1109.699951171875,56533
2395,2010-03-31,1113.300048828125,1118.699951171875,1102.0,1103.0999755859375,5950
2396,2010-04-01,1125.0999755859375,1127.699951171875,1111.300048828125,1125.0999755859375,2696
2397,2010-04-05,1132.9000244140625,1133.300048828125,1119.9000244140625,1122.300048828125,567
2398,2010-04-06,1135.0999755859375,1138.5,1122.699951171875,1130.800048828125,2490
2399,2010-04-07,1152.300048828125,1153.0,1132.5999755859375,1152.300048828125,1342
2400,2010-04-08,1152.199951171875,1152.300048828125,1144.0,1152.199951171875,254
2401,2010-04-09,1161.0999755859375,1164.800048828125,1150.5,1161.0999755859375,505
2402,2010-04-12,1161.5999755859375,1169.0,1154.5999755859375,1161.5999755859375,483
2403,2010-04-13,1152.800048828125,1157.0,1145.0,1152.800048828125,278
2404,2010-04-14,1159.0,1160.5999755859375,1151.199951171875,1159.0,162
2405,2010-04-15,1159.699951171875,1159.800048828125,1151.0,1157.5,179
2406,2010-04-16,1136.300048828125,1160.0,1130.4000244140625,1136.300048828125,483
2407,2010-04-19,1135.199951171875,1137.0999755859375,1124.0,1135.199951171875,145
2408,2010-04-20,1138.5999755859375,1145.800048828125,1136.0,1138.5999755859375,80
2409,2010-04-21,1148.199951171875,1150.0,1138.4000244140625,1148.199951171875,68
2410,2010-04-22,1142.300048828125,1144.0,1133.5999755859375,1142.300048828125,213
2411,2010-04-23,1153.0999755859375,1153.0999755859375,1153.0999755859375,1153.0999755859375,40
2412,2010-04-26,1153.5,1160.0999755859375,1151.4000244140625,1160.0999755859375,108
2413,2010-04-27,1161.699951171875,1170.699951171875,1148.5999755859375,1152.800048828125,213
2414,2010-04-28,1171.300048828125,1171.300048828125,1171.300048828125,1171.300048828125,299
2415,2010-04-29,1168.4000244140625,1171.199951171875,1164.0,1168.4000244140625,166
2416,2010-04-30,1180.0999755859375,1181.300048828125,1170.0,1180.0999755859375,146
2417,2010-05-03,1182.699951171875,1187.5,1177.300048828125,1178.5999755859375,90
2418,2010-05-04,1168.5999755859375,1191.800048828125,1168.300048828125,1168.5999755859375,94
2419,2010-05-05,1174.5999755859375,1177.199951171875,1159.199951171875,1174.5999755859375,98
2420,2010-05-06,1196.9000244140625,1210.5999755859375,1175.9000244140625,1196.9000244140625,79
2421,2010-05-07,1210.0,1210.800048828125,1194.5999755859375,1210.0,112
2422,2010-05-10,1200.4000244140625,1203.800048828125,1189.199951171875,1200.4000244140625,118
2423,2010-05-11,1219.9000244140625,1233.5,1201.5,1219.9000244140625,201
2424,2010-05-12,1242.699951171875,1246.5,1227.0999755859375,1242.699951171875,213
2425,2010-05-13,1228.800048828125,1240.0,1228.699951171875,1235.300048828125,37
2426,2010-05-14,1227.4000244140625,1227.4000244140625,1227.4000244140625,1227.4000244140625,99
2427,2010-05-17,1227.699951171875,1235.9000244140625,1225.199951171875,1233.300048828125,49
2428,2010-05-18,1214.300048828125,1216.0999755859375,1208.199951171875,1214.300048828125,73
2429,2010-05-19,1192.5999755859375,1192.5999755859375,1192.5999755859375,1192.5999755859375,75
2430,2010-05-20,1187.800048828125,1191.800048828125,1179.4000244140625,1187.800048828125,297
2431,2010-05-21,1175.699951171875,1175.699951171875,1175.699951171875,1175.699951171875,177
2432,2010-05-24,1193.800048828125,1193.800048828125,1193.800048828125,1193.800048828125,14
2433,2010-05-25,1197.800048828125,1200.0,1195.5999755859375,1197.800048828125,9
2434,2010-05-26,1213.300048828125,1213.300048828125,1213.300048828125,1213.300048828125,237497
2435,2010-05-27,1211.9000244140625,1218.5,1205.4000244140625,1211.699951171875,109434
2436,2010-05-28,1212.199951171875,1214.800048828125,1201.0999755859375,1210.4000244140625,12895
2437,2010-06-01,1224.800048828125,1228.199951171875,1209.300048828125,1224.800048828125,4547
2438,2010-06-02,1220.5999755859375,1225.800048828125,1213.199951171875,1220.5999755859375,2799
2439,2010-06-03,1208.300048828125,1224.0,1201.0,1208.300048828125,1552
2440,2010-06-04,1216.199951171875,1220.4000244140625,1196.9000244140625,1207.5999755859375,1070
2441,2010-06-07,1239.300048828125,1244.699951171875,1211.0,1239.300048828125,859
2442,2010-06-08,1244.0,1252.0999755859375,1234.0999755859375,1241.5,763
2443,2010-06-09,1228.5,1238.199951171875,1222.0,1237.0,446
2444,2010-06-10,1220.800048828125,1233.5,1215.0999755859375,1232.800048828125,488
2445,2010-06-11,1228.9000244140625,1229.5999755859375,1218.0,1228.9000244140625,481
2446,2010-06-14,1223.300048828125,1232.699951171875,1217.699951171875,1223.199951171875,989
2447,2010-06-15,1233.199951171875,1236.0,1222.4000244140625,1222.5999755859375,251
2448,2010-06-16,1229.300048828125,1229.300048828125,1229.300048828125,1229.300048828125,318
2449,2010-06-17,1247.5,1251.0999755859375,1233.9000244140625,1233.9000244140625,266
2450,2010-06-18,1257.199951171875,1261.5,1242.9000244140625,1247.699951171875,130
2451,2010-06-21,1239.699951171875,1264.800048828125,1232.0,1257.4000244140625,219
2452,2010-06-22,1239.9000244140625,1242.800048828125,1232.0999755859375,1239.9000244140625,172
2453,2010-06-23,1234.0999755859375,1245.0999755859375,1226.9000244140625,1233.9000244140625,100
2454,2010-06-24,1245.5,1248.0999755859375,1230.699951171875,1236.4000244140625,253
2455,2010-06-25,1255.800048828125,1256.9000244140625,1243.699951171875,1246.699951171875,159
2456,2010-06-28,1238.199951171875,1238.199951171875,1238.199951171875,1238.199951171875,351
2457,2010-06-29,1242.0,1245.0,1228.5,1242.0,417
2458,2010-06-30,1245.5,1246.199951171875,1236.699951171875,1245.5,73
2459,2010-07-01,1206.300048828125,1242.4000244140625,1204.5,1206.300048828125,50
2460,2010-07-02,1207.4000244140625,1211.5999755859375,1200.800048828125,1201.4000244140625,169
2461,2010-07-06,1194.800048828125,1211.800048828125,1190.5,1207.300048828125,52
2462,2010-07-07,1198.5999755859375,1198.5999755859375,1198.5999755859375,1198.5999755859375,18
2463,2010-07-08,1195.800048828125,1203.300048828125,1189.300048828125,1195.800048828125,93
2464,2010-07-09,1209.5999755859375,1213.0,1195.0,1209.5999755859375,22
2465,2010-07-12,1198.5,1198.5,1198.5,1198.5,45
2466,2010-07-13,1213.300048828125,1217.4000244140625,1205.199951171875,1213.300048828125,53
2467,2010-07-14,1206.800048828125,1213.800048828125,1202.4000244140625,1212.0,54
2468,2010-07-15,1208.0999755859375,1208.0999755859375,1208.0999755859375,1208.0999755859375,32
2469,2010-07-16,1188.0,1188.0,1188.0,1188.0,46
2470,2010-07-19,1181.699951171875,1182.199951171875,1180.0,1181.699951171875,4
2471,2010-07-20,1191.5,1191.5,1191.5,1191.5,8
2472,2010-07-21,1191.5999755859375,1194.5,1184.0999755859375,1191.5999755859375,24
2473,2010-07-22,1195.5,1196.0,1194.4000244140625,1195.5,79
2474,2010-07-23,1187.699951171875,1198.5999755859375,1187.699951171875,1187.699951171875,32
2475,2010-07-26,1183.0,1183.0,1183.0,1183.0,37
2476,2010-07-27,1158.0,1158.0,1158.0,1158.0,29
2477,2010-07-28,1160.4000244140625,1160.4000244140625,1160.4000244140625,1160.4000244140625,206828
2478,2010-07-29,1168.4000244140625,1169.199951171875,1158.699951171875,1163.800048828125,54384
2479,2010-07-30,1181.699951171875,1183.0999755859375,1166.0,1168.199951171875,5466
2480,2010-08-02,1183.4000244140625,1191.800048828125,1174.699951171875,1183.4000244140625,2504
2481,2010-08-03,1185.199951171875,1190.5,1180.0,1185.199951171875,598
2482,2010-08-04,1193.699951171875,1203.0,1186.300048828125,1186.300048828125,1068
2483,2010-08-05,1197.199951171875,1199.300048828125,1190.0,1197.199951171875,214
2484,2010-08-06,1203.4000244140625,1211.0,1195.300048828125,1203.300048828125,347
2485,2010-08-09,1200.699951171875,1209.5,1199.800048828125,1205.800048828125,658
2486,2010-08-10,1196.199951171875,1206.5,1191.0,1196.199951171875,713
2487,2010-08-11,1197.5,1208.0,1193.0,1197.5,351
2488,2010-08-12,1214.800048828125,1215.5,1199.0,1214.800048828125,289
2489,2010-08-13,1214.9000244140625,1214.9000244140625,1214.9000244140625,1214.9000244140625,138
2490,2010-08-16,1224.5,1225.4000244140625,1218.0,1224.5,252
2491,2010-08-17,1226.5999755859375,1227.4000244140625,1224.0,1226.5999755859375,84
2492,2010-08-18,1229.699951171875,1231.5999755859375,1218.0,1229.699951171875,169
2493,2010-08-19,1233.800048828125,1237.5999755859375,1228.800048828125,1233.800048828125,46
2494,2010-08-20,1227.199951171875,1232.800048828125,1223.0,1227.199951171875,236
2495,2010-08-23,1226.9000244140625,1228.9000244140625,1222.9000244140625,1226.9000244140625,56
2496,2010-08-24,1231.800048828125,1234.0,1211.5,1231.800048828125,300
2497,2010-08-25,1239.5,1240.699951171875,1230.699951171875,1239.5,298
2498,2010-08-26,1235.4000244140625,1243.300048828125,1235.0,1235.4000244140625,104
2499,2010-08-27,1236.0,1236.0,1236.0,1236.0,573
2500,2010-08-30,1237.0999755859375,1237.9000244140625,1234.0,1237.0999755859375,128
2501,2010-08-31,1248.300048828125,1249.4000244140625,1233.0,1248.300048828125,124
2502,2010-09-01,1246.300048828125,1254.300048828125,1243.5999755859375,1246.300048828125,41
2503,2010-09-02,1251.5,1252.5,1246.9000244140625,1251.5,100
2504,2010-09-03,1249.199951171875,1249.199951171875,1240.0,1249.199951171875,3
2505,2010-09-07,1257.300048828125,1258.0,1255.5,1257.300048828125,7
2506,2010-09-08,1255.5999755859375,1260.199951171875,1254.699951171875,1255.5999755859375,27
2507,2010-09-09,1248.9000244140625,1256.0,1244.0999755859375,1248.9000244140625,9
2508,2010-09-10,1244.5,1244.5,1244.5,1244.5,20
2509,2010-09-13,1245.0999755859375,1245.0999755859375,1245.0999755859375,1245.0999755859375,18
2510,2010-09-14,1269.699951171875,1272.4000244140625,1253.4000244140625,1269.699951171875,87
2511,2010-09-15,1266.699951171875,1269.800048828125,1263.5,1266.5999755859375,34
2512,2010-09-16,1271.9000244140625,1275.199951171875,1268.699951171875,1271.9000244140625,37
2513,2010-09-17,1275.5999755859375,1279.5999755859375,1273.800048828125,1275.5999755859375,54
2514,2010-09-20,1279.0,1282.0,1279.0,1279.0,27
2515,2010-09-21,1272.4000244140625,1289.800048828125,1271.800048828125,1272.4000244140625,56
2516,2010-09-22,1290.199951171875,1290.199951171875,1290.199951171875,1290.199951171875,17
2517,2010-09-23,1294.300048828125,1294.300048828125,1289.4000244140625,1294.300048828125,45
2518,2010-09-24,1296.0,1297.4000244140625,1294.199951171875,1296.0,37
2519,2010-09-27,1296.699951171875,1296.699951171875,1296.699951171875,1296.699951171875,67
2520,2010-09-28,1306.5999755859375,1308.5999755859375,1287.5,1287.5,25190
2521,2010-09-29,1308.5,1312.5,1305.0,1309.4000244140625,6745
2522,2010-09-30,1307.800048828125,1315.199951171875,1295.699951171875,1307.199951171875,579
2523,2010-10-01,1316.0999755859375,1320.0,1309.0,1309.0,153
2524,2010-10-04,1315.4000244140625,1319.0999755859375,1312.0,1318.300048828125,95
2525,2010-10-05,1338.9000244140625,1341.0999755859375,1312.9000244140625,1312.9000244140625,197
2526,2010-10-06,1346.4000244140625,1349.0,1339.0,1339.0999755859375,215
2527,2010-10-07,1333.9000244140625,1363.0,1325.699951171875,1347.9000244140625,261
2528,2010-10-08,1344.199951171875,1348.4000244140625,1325.0,1333.5,80
2529,2010-10-11,1353.300048828125,1353.699951171875,1344.0,1346.699951171875,79
2530,2010-10-12,1345.699951171875,1352.199951171875,1343.5999755859375,1346.9000244140625,112
2531,2010-10-13,1369.5,1374.0,1355.0999755859375,1356.4000244140625,251
2532,2010-10-14,1376.699951171875,1383.9000244140625,1371.300048828125,1372.800048828125,106
2533,2010-10-15,1371.0999755859375,1382.4000244140625,1364.699951171875,1379.199951171875,170
2534,2010-10-18,1371.199951171875,1372.5999755859375,1358.0,1358.0,46
2535,2010-10-19,1335.0999755859375,1370.5,1328.5,1366.800048828125,301
2536,2010-10-20,1343.300048828125,1345.800048828125,1334.199951171875,1336.0,148
2537,2010-10-21,1324.699951171875,1346.199951171875,1317.5,1344.199951171875,102
2538,2010-10-22,1324.4000244140625,1328.0999755859375,1319.0,1326.699951171875,113
2539,2010-10-25,1338.300048828125,1349.0999755859375,1333.0999755859375,1333.5999755859375,194
2540,2010-10-26,1338.0,1341.199951171875,1328.300048828125,1341.199951171875,195
2541,2010-10-27,1322.199951171875,1341.0,1321.0999755859375,1341.0,106
2542,2010-10-28,1342.0999755859375,1343.5999755859375,1325.9000244140625,1327.9000244140625,192
2543,2010-10-29,1357.0999755859375,1358.699951171875,1336.800048828125,1340.199951171875,74
2544,2010-11-01,1350.199951171875,1360.300048828125,1350.699951171875,1360.300048828125,40
2545,2010-11-02,1356.4000244140625,1356.800048828125,1355.5,1356.800048828125,17
2546,2010-11-03,1337.0999755859375,1359.199951171875,1327.5,1351.4000244140625,135
2547,2010-11-04,1382.699951171875,1392.5,1368.5999755859375,1368.5999755859375,109
2548,2010-11-05,1397.300048828125,1398.0,1378.199951171875,1390.699951171875,109
2549,2010-11-08,1402.800048828125,1409.199951171875,1387.0999755859375,1390.5,112
2550,2010-11-09,1409.800048828125,1423.199951171875,1382.9000244140625,1405.199951171875,84
2551,2010-11-10,1399.0999755859375,1408.0999755859375,1384.0,1395.199951171875,29
2552,2010-11-11,1403.0999755859375,1413.5,1397.300048828125,1400.699951171875,26
2553,2010-11-12,1365.4000244140625,1407.9000244140625,1360.0999755859375,1407.9000244140625,182
2554,2010-11-15,1368.4000244140625,1372.5999755859375,1355.300048828125,1363.699951171875,46
2555,2010-11-16,1338.300048828125,1358.199951171875,1329.5,1356.5,67
2556,2010-11-17,1336.800048828125,1341.800048828125,1331.300048828125,1336.9000244140625,50
2557,2010-11-18,1352.9000244140625,1353.199951171875,1347.699951171875,1349.5,17
2558,2010-11-19,1352.199951171875,1352.0,1344.5,1350.699951171875,7
2559,2010-11-22,1357.699951171875,1357.699951171875,1357.699951171875,1357.699951171875,7
2560,2010-11-23,1377.5,1377.5,1364.5,1369.4000244140625,15
2561,2010-11-24,1372.9000244140625,1377.800048828125,1377.800048828125,1377.800048828125,3
2562,2010-11-26,1362.300048828125,1372.0999755859375,1372.0999755859375,1372.0999755859375,138416
2563,2010-11-29,1366.0,1369.300048828125,1352.5999755859375,1364.0,94486
2564,2010-11-30,1385.0,1390.0999755859375,1362.800048828125,1366.699951171875,11370
2565,2010-12-01,1387.300048828125,1396.5999755859375,1382.300048828125,1386.800048828125,4759
2566,2010-12-02,1388.5,1398.5999755859375,1383.300048828125,1387.5999755859375,1550
2567,2010-12-03,1405.4000244140625,1415.0999755859375,1385.0999755859375,1385.0999755859375,2341
2568,2010-12-06,1415.300048828125,1428.4000244140625,1410.0,1414.0,833
2569,2010-12-07,1408.300048828125,1431.0999755859375,1398.0,1424.5,866
2570,2010-12-08,1382.5,1403.800048828125,1372.0,1402.5,1675
2571,2010-12-09,1392.0999755859375,1394.199951171875,1380.5,1380.5999755859375,971
2572,2010-12-10,1384.300048828125,1392.0,1373.0999755859375,1388.9000244140625,457
2573,2010-12-13,1397.300048828125,1399.199951171875,1384.5,1384.5,193
2574,2010-12-14,1403.5999755859375,1407.300048828125,1391.800048828125,1401.9000244140625,431
2575,2010-12-15,1385.5,1394.0,1379.5,1394.0,215
2576,2010-12-16,1370.4000244140625,1385.0,1362.5,1380.9000244140625,228
2577,2010-12-17,1378.5999755859375,1378.5999755859375,1365.9000244140625,1376.4000244140625,102
2578,2010-12-20,1385.5,1386.699951171875,1376.5,1383.199951171875,125
2579,2010-12-21,1388.199951171875,1389.5,1381.5,1385.800048828125,113
2580,2010-12-22,1386.800048828125,1389.5,1385.0,1388.0,58
2581,2010-12-23,1380.0,1388.4000244140625,1373.699951171875,1388.4000244140625,101
2582,2010-12-27,1382.4000244140625,1384.199951171875,1373.5,1373.5,322
2583,2010-12-28,1405.199951171875,1406.699951171875,1389.800048828125,1389.800048828125,519
2584,2010-12-29,1413.0999755859375,1412.199951171875,1402.9000244140625,1403.4000244140625,413
2585,2010-12-30,1405.5999755859375,1413.800048828125,1403.0999755859375,1413.800048828125,185
2586,2010-12-31,1421.0999755859375,1421.0999755859375,1405.699951171875,1405.699951171875,54
2587,2011-01-03,1422.5999755859375,1423.9000244140625,1413.699951171875,1415.5999755859375,28
2588,2011-01-04,1378.5,1410.9000244140625,1375.800048828125,1409.5999755859375,122
2589,2011-01-05,1373.4000244140625,1384.0,1364.199951171875,1383.4000244140625,175
2590,2011-01-06,1371.4000244140625,1376.5,1368.9000244140625,1374.800048828125,158
2591,2011-01-07,1368.5,1377.199951171875,1355.5,1372.699951171875,225
2592,2011-01-10,1373.699951171875,1374.0,1365.699951171875,1369.0,181
2593,2011-01-11,1384.0,1384.5,1373.9000244140625,1375.4000244140625,13
2594,2011-01-12,1385.699951171875,1385.5,1378.0,1382.5999755859375,204
2595,2011-01-13,1386.9000244140625,1392.5,1371.4000244140625,1386.0999755859375,66
2596,2011-01-14,1360.4000244140625,1376.0,1356.699951171875,1375.0,252
2597,2011-01-18,1368.0999755859375,1371.0,1359.199951171875,1365.0999755859375,106
2598,2011-01-19,1370.199951171875,1376.199951171875,1367.0,1371.9000244140625,40
2599,2011-01-20,1346.5,1367.699951171875,1345.0,1367.699951171875,10
2600,2011-01-21,1341.0,1345.5999755859375,1338.5999755859375,1341.699951171875,20
2601,2011-01-24,1344.5,1352.300048828125,1341.800048828125,1352.300048828125,2
2602,2011-01-25,1332.300048828125,1331.5,1323.5999755859375,1330.4000244140625,394
2603,2011-01-26,1333.0,1341.699951171875,1333.0,1333.0,4
2604,2011-01-27,1318.4000244140625,1342.0,1318.4000244140625,1342.0,210699
2605,2011-01-28,1340.699951171875,1346.5999755859375,1307.699951171875,1314.0,73023
2606,2011-01-31,1333.800048828125,1345.9000244140625,1323.300048828125,1339.0,13657
2607,2011-02-01,1339.5999755859375,1342.9000244140625,1325.300048828125,1333.0999755859375,3180
2608,2011-02-02,1331.5,1344.0,1327.0,1344.0,1363
2609,2011-02-03,1352.300048828125,1355.800048828125,1324.9000244140625,1335.5999755859375,1865
2610,2011-02-04,1348.300048828125,1360.0,1345.0,1354.800048828125,591
2611,2011-02-07,1347.5999755859375,1353.800048828125,1343.800048828125,1345.800048828125,1004
2612,2011-02-08,1363.4000244140625,1367.0,1350.0,1351.199951171875,2536
2613,2011-02-09,1364.800048828125,1366.5,1359.5999755859375,1362.800048828125,146
2614,2011-02-10,1361.9000244140625,1364.5,1351.699951171875,1364.300048828125,312
2615,2011-02-11,1359.9000244140625,1368.800048828125,1355.199951171875,1364.0,488
2616,2011-02-14,1364.5999755859375,1365.5999755859375,1356.5999755859375,1357.800048828125,181
2617,2011-02-15,1373.5999755859375,1376.0,1361.5999755859375,1361.5999755859375,321
2618,2011-02-16,1374.699951171875,1382.0,1370.5,1373.5999755859375,156
2619,2011-02-17,1384.699951171875,1384.699951171875,1377.0,1377.699951171875,113
2620,2011-02-18,1388.199951171875,1391.800048828125,1381.800048828125,1384.0999755859375,98
2621,2011-02-22,1400.5,1408.699951171875,1395.0999755859375,1395.0999755859375,430
2622,2011-02-23,1413.4000244140625,1413.800048828125,1397.800048828125,1397.800048828125,318
2623,2011-02-24,1415.300048828125,1415.300048828125,1408.300048828125,1415.0999755859375,809
2624,2011-02-25,1408.699951171875,1411.0,1401.0,1401.699951171875,352
2625,2011-02-28,1409.300048828125,1415.699951171875,1407.699951171875,1410.699951171875,205
2626,2011-03-01,1430.699951171875,1434.4000244140625,1415.300048828125,1415.300048828125,116
2627,2011-03-02,1437.199951171875,1440.5,1428.800048828125,1432.5,1600
2628,2011-03-03,1416.0,1432.300048828125,1415.9000244140625,1432.300048828125,244
2629,2011-03-04,1428.199951171875,1429.800048828125,1416.800048828125,1418.9000244140625,60
2630,2011-03-07,1434.0999755859375,1445.0,1429.5,1434.5,613
2631,2011-03-08,1426.9000244140625,1432.5999755859375,1424.300048828125,1431.5999755859375,198
2632,2011-03-09,1429.300048828125,1435.699951171875,1426.0999755859375,1430.0,98
2633,2011-03-10,1412.199951171875,1429.800048828125,1403.800048828125,1429.5,23
2634,2011-03-11,1421.5,1422.5999755859375,1404.9000244140625,1413.699951171875,23
2635,2011-03-14,1424.5999755859375,1427.699951171875,1420.0,1420.0,58
2636,2011-03-15,1392.5999755859375,1413.300048828125,1385.5,1413.300048828125,20
2637,2011-03-16,1396.0,1404.199951171875,1394.300048828125,1398.0,38
2638,2011-03-17,1404.0,1393.5999755859375,1387.699951171875,1387.699951171875,27
2639,2011-03-18,1415.9000244140625,1419.300048828125,1406.4000244140625,1406.4000244140625,6
2640,2011-03-21,1426.199951171875,1433.5,1430.800048828125,1433.5,43
2641,2011-03-22,1427.5,1430.4000244140625,1430.4000244140625,1430.4000244140625,85
2642,2011-03-23,1437.9000244140625,1439.699951171875,1432.199951171875,1432.199951171875,19
2643,2011-03-24,1434.800048828125,1446.9000244140625,1437.5,1437.699951171875,27
2644,2011-03-25,1426.0999755859375,1436.0,1436.0,1436.0,1
2645,2011-03-28,1419.800048828125,1415.5999755859375,1413.199951171875,1413.199951171875,6
2646,2011-03-29,1416.0,1416.0,1416.0,1416.0,135792
2647,2011-03-30,1423.800048828125,1430.300048828125,1412.0,1418.699951171875,47011
2648,2011-03-31,1438.9000244140625,1440.0,1420.699951171875,1423.300048828125,8230
2649,2011-04-01,1428.0999755859375,1436.5,1413.0,1433.4000244140625,5318
2650,2011-04-04,1432.199951171875,1439.0999755859375,1428.800048828125,1429.0999755859375,683
2651,2011-04-05,1451.800048828125,1457.5999755859375,1430.300048828125,1437.9000244140625,2609
2652,2011-04-06,1457.699951171875,1462.300048828125,1452.0,1456.9000244140625,901
2653,2011-04-07,1458.5,1462.5,1453.9000244140625,1459.699951171875,229
2654,2011-04-08,1473.4000244140625,1475.5,1457.5,1457.5999755859375,1407
2655,2011-04-11,1467.4000244140625,1476.0,1459.699951171875,1476.0,378
2656,2011-04-12,1452.9000244140625,1467.199951171875,1444.4000244140625,1461.800048828125,345
2657,2011-04-13,1454.9000244140625,1462.0,1454.0,1455.0,197
2658,2011-04-14,1471.699951171875,1476.0,1452.699951171875,1456.800048828125,535
2659,2011-04-15,1485.300048828125,1487.5,1473.199951171875,1477.5999755859375,293
2660,2011-04-18,1492.300048828125,1497.300048828125,1477.5,1486.300048828125,650
2661,2011-04-19,1494.5,1499.5,1489.0,1493.300048828125,168
2662,2011-04-20,1498.300048828125,1505.300048828125,1494.0,1494.0,386
2663,2011-04-21,1503.199951171875,1508.300048828125,1501.699951171875,1503.699951171875,237
2664,2011-04-25,1508.5999755859375,1518.0,1502.800048828125,1513.300048828125,233
2665,2011-04-26,1503.0,1506.300048828125,1495.0,1501.5,223
2666,2011-04-27,1516.699951171875,1512.800048828125,1505.199951171875,1507.0999755859375,460
2667,2011-04-28,1530.800048828125,1536.0,1526.5999755859375,1528.5999755859375,425
2668,2011-04-29,1556.0,1568.699951171875,1537.300048828125,1538.699951171875,124
2669,2011-05-02,1556.699951171875,1576.5999755859375,1543.0999755859375,1572.9000244140625,200
2670,2011-05-03,1540.0999755859375,1547.0,1527.5,1542.5,246
2671,2011-05-04,1514.9000244140625,1539.0,1506.199951171875,1535.0,272
2672,2011-05-05,1480.9000244140625,1520.699951171875,1471.0,1514.699951171875,133
2673,2011-05-06,1491.199951171875,1494.800048828125,1472.300048828125,1473.199951171875,144
2674,2011-05-09,1502.9000244140625,1512.800048828125,1501.300048828125,1501.5,44
2675,2011-05-10,1516.5999755859375,1516.9000244140625,1508.4000244140625,1508.4000244140625,13
2676,2011-05-11,1501.0999755859375,1524.0999755859375,1495.199951171875,1524.0,30
2677,2011-05-12,1506.5999755859375,1498.5,1484.800048828125,1492.0999755859375,11
2678,2011-05-13,1493.4000244140625,1511.300048828125,1490.199951171875,1503.5,16
2679,2011-05-16,1490.4000244140625,1494.9000244140625,1489.300048828125,1489.300048828125,10
2680,2011-05-17,1479.800048828125,1491.800048828125,1473.0,1489.800048828125,41
2681,2011-05-18,1495.5999755859375,1497.0,1496.300048828125,1496.4000244140625,82
2682,2011-05-19,1492.199951171875,1491.5,1491.5,1491.5,1
2683,2011-05-20,1508.800048828125,1512.699951171875,1488.699951171875,1499.0,93
2684,2011-05-23,1515.300048828125,1512.300048828125,1507.0,1510.5,42
2685,2011-05-24,1523.199951171875,1527.0999755859375,1521.9000244140625,1527.0999755859375,4
2686,2011-05-25,1526.5999755859375,1527.5,1526.0999755859375,1526.4000244140625,10
2687,2011-05-26,1522.800048828125,1521.199951171875,1519.5,1521.199951171875,186986
2688,2011-05-27,1536.300048828125,1538.5,1518.4000244140625,1519.4000244140625,76719
2689,2011-05-31,1535.9000244140625,1541.0999755859375,1532.4000244140625,1536.699951171875,6152
2690,2011-06-01,1542.4000244140625,1550.5999755859375,1529.699951171875,1535.699951171875,2845
2691,2011-06-02,1532.0,1544.5,1520.0,1541.300048828125,1651
2692,2011-06-03,1541.699951171875,1546.300048828125,1525.0,1534.699951171875,1745
2693,2011-06-06,1546.5,1553.9000244140625,1542.0,1542.9000244140625,691
2694,2011-06-07,1543.300048828125,1549.9000244140625,1537.199951171875,1545.0,2530
2695,2011-06-08,1538.0999755859375,1544.199951171875,1531.300048828125,1544.199951171875,489
2696,2011-06-09,1542.0999755859375,1548.800048828125,1534.4000244140625,1536.0999755859375,288
2697,2011-06-10,1528.5999755859375,1543.9000244140625,1526.4000244140625,1543.699951171875,632
2698,2011-06-13,1515.0,1533.0,1511.300048828125,1528.0999755859375,851
2699,2011-06-14,1523.800048828125,1526.199951171875,1513.0999755859375,1517.199951171875,306
2700,2011-06-15,1525.5999755859375,1533.4000244140625,1515.0,1525.0,648
2701,2011-06-16,1529.300048828125,1531.199951171875,1522.0,1526.0,164
2702,2011-06-17,1538.5999755859375,1541.5999755859375,1523.0,1523.0,72
2703,2011-06-20,1541.5,1545.699951171875,1535.199951171875,1536.0,99
2704,2011-06-21,1546.0,1547.5,1540.0,1540.0999755859375,125
2705,2011-06-22,1552.9000244140625,1558.5,1544.4000244140625,1547.199951171875,222
2706,2011-06-23,1520.0999755859375,1547.199951171875,1514.699951171875,1547.199951171875,300
2707,2011-06-24,1500.5,1525.0,1498.5,1524.699951171875,257
2708,2011-06-27,1496.0,1503.5,1490.699951171875,1503.5,140
2709,2011-06-28,1499.699951171875,1505.0,1496.0999755859375,1499.9000244140625,508
2710,2011-06-29,1509.9000244140625,1512.199951171875,1504.0999755859375,1504.0999755859375,395
2711,2011-06-30,1502.300048828125,1514.0,1498.800048828125,1511.5,69
2712,2011-07-01,1482.300048828125,1502.199951171875,1480.0,1502.199951171875,66
2713,2011-07-05,1512.300048828125,1515.0,1490.300048828125,1490.4000244140625,199
2714,2011-07-06,1528.699951171875,1531.5,1510.300048828125,1513.699951171875,71
2715,2011-07-07,1530.199951171875,1533.0999755859375,1522.699951171875,1529.0999755859375,55
2716,2011-07-08,1541.199951171875,1542.5999755859375,1526.5999755859375,1527.0,3
2717,2011-07-11,1548.800048828125,1555.199951171875,1543.0999755859375,1550.0,14
2718,2011-07-12,1561.9000244140625,1565.0,1542.0,1548.199951171875,8
2719,2011-07-13,1585.199951171875,1585.5999755859375,1570.800048828125,1574.0,29
2720,2011-07-14,1589.0,1592.800048828125,1583.5999755859375,1586.300048828125,19
2721,2011-07-15,1589.800048828125,1592.199951171875,1582.300048828125,1582.300048828125,8
2722,2011-07-18,1602.0999755859375,1605.0,1592.800048828125,1592.800048828125,13
2723,2011-07-19,1600.9000244140625,1608.800048828125,1583.300048828125,1608.0999755859375,63
2724,2011-07-20,1596.699951171875,1596.699951171875,1582.4000244140625,1584.300048828125,9
2725,2011-07-21,1586.800048828125,1601.5999755859375,1586.5999755859375,1598.0,24
2726,2011-07-22,1601.300048828125,1606.5,1588.5,1588.5,12
2727,2011-07-25,1612.0,1619.4000244140625,1610.0,1610.0,67
2728,2011-07-26,1616.5999755859375,1618.5,1609.800048828125,1609.800048828125,28
2729,2011-07-27,1615.0,1619.699951171875,1617.0,1619.699951171875,232220
2730,2011-07-28,1613.4000244140625,1620.5999755859375,1602.800048828125,1614.199951171875,70263
2731,2011-07-29,1628.300048828125,1634.9000244140625,1610.5999755859375,1617.0999755859375,6761
2732,2011-08-01,1619.0,1631.800048828125,1607.0,1623.0,2889
2733,2011-08-02,1641.9000244140625,1660.5999755859375,1616.800048828125,1619.300048828125,2440
2734,2011-08-03,1663.4000244140625,1672.300048828125,1651.5999755859375,1659.9000244140625,2024
2735,2011-08-04,1656.199951171875,1681.800048828125,1640.0,1660.5,1952
2736,2011-08-05,1648.800048828125,1666.0999755859375,1642.699951171875,1647.5,825
2737,2011-08-08,1710.199951171875,1720.0,1678.0999755859375,1679.0999755859375,1885
2738,2011-08-09,1740.0,1779.0,1720.0999755859375,1722.5,1861
2739,2011-08-10,1781.300048828125,1795.5999755859375,1741.300048828125,1744.0,969
2740,2011-08-11,1748.800048828125,1813.5,1733.300048828125,1795.0999755859375,1503
2741,2011-08-12,1740.199951171875,1764.199951171875,1723.800048828125,1760.5999755859375,1166
2742,2011-08-15,1755.5,1765.199951171875,1730.5,1734.9000244140625,976
2743,2011-08-16,1782.4000244140625,1787.300048828125,1761.5999755859375,1769.0,278
2744,2011-08-17,1791.199951171875,1794.300048828125,1782.0,1784.800048828125,231
2745,2011-08-18,1818.9000244140625,1828.5,1785.5,1786.5,868
2746,2011-08-19,1848.9000244140625,1874.4000244140625,1823.699951171875,1823.699951171875,328
2747,2011-08-22,1888.699951171875,1895.0,1858.4000244140625,1868.5999755859375,1106
2748,2011-08-23,1858.300048828125,1909.300048828125,1824.5999755859375,1909.0,458
2749,2011-08-24,1754.0999755859375,1853.0999755859375,1753.0999755859375,1833.0,992
2750,2011-08-25,1759.800048828125,1772.5,1707.300048828125,1748.4000244140625,864
2751,2011-08-26,1794.0999755859375,1829.300048828125,1768.5,1768.5,270
2752,2011-08-29,1788.4000244140625,1817.9000244140625,1786.699951171875,1817.9000244140625,828
2753,2011-08-30,1826.699951171875,1839.5999755859375,1783.0999755859375,1787.199951171875,598
2754,2011-08-31,1828.5,1837.9000244140625,1811.4000244140625,1830.5999755859375,336
2755,2011-09-01,1826.0,1829.5,1814.4000244140625,1825.800048828125,263
2756,2011-09-02,1873.699951171875,1884.199951171875,1828.5999755859375,1828.5999755859375,442
2757,2011-09-06,1869.9000244140625,1911.5999755859375,1864.0,1886.300048828125,536
2758,2011-09-07,1814.199951171875,1873.699951171875,1792.800048828125,1868.9000244140625,470
2759,2011-09-08,1854.4000244140625,1870.0,1835.0,1839.300048828125,142
2760,2011-09-09,1856.4000244140625,1881.300048828125,1830.0,1858.0999755859375,188
2761,2011-09-12,1809.9000244140625,1852.4000244140625,1806.0,1852.4000244140625,245
2762,2011-09-13,1826.800048828125,1835.300048828125,1808.0999755859375,1817.800048828125,52
2763,2011-09-14,1823.5,1843.0,1809.0,1843.0,156
2764,2011-09-15,1778.5,1816.300048828125,1775.800048828125,1816.300048828125,80
2765,2011-09-16,1812.0999755859375,1819.0999755859375,1768.5,1768.5,111
2766,2011-09-19,1776.4000244140625,1818.9000244140625,1788.0,1814.699951171875,13
2767,2011-09-20,1806.5999755859375,1807.800048828125,1776.0,1778.800048828125,86
2768,2011-09-21,1805.5,1811.699951171875,1782.800048828125,1808.0,22
2769,2011-09-22,1739.199951171875,1773.199951171875,1730.9000244140625,1773.199951171875,23
2770,2011-09-23,1637.5,1737.300048828125,1636.300048828125,1737.300048828125,81
2771,2011-09-26,1592.5,1661.800048828125,1562.4000244140625,1646.4000244140625,151
2772,2011-09-27,1650.5999755859375,1665.4000244140625,1653.699951171875,1653.800048828125,47
2773,2011-09-28,1616.300048828125,1650.0,1650.0,1650.0,21275
2774,2011-09-29,1615.5,1633.800048828125,1585.0,1604.0,7181
2775,2011-09-30,1620.4000244140625,1639.4000244140625,1609.4000244140625,1620.800048828125,284
2776,2011-10-03,1656.0,1660.800048828125,1627.5999755859375,1627.800048828125,101
2777,2011-10-04,1614.699951171875,1678.0999755859375,1596.5999755859375,1661.0,159
2778,2011-10-05,1640.300048828125,1640.300048828125,1599.5999755859375,1629.300048828125,114
2779,2011-10-06,1651.9000244140625,1654.699951171875,1637.5999755859375,1642.5999755859375,38
2780,2011-10-07,1634.5,1665.0,1626.199951171875,1657.0,66
2781,2011-10-10,1669.5999755859375,1676.800048828125,1645.5999755859375,1645.5999755859375,61
2782,2011-10-11,1659.699951171875,1685.0,1657.5999755859375,1685.0,151
2783,2011-10-12,1681.300048828125,1691.0,1667.0999755859375,1667.0999755859375,37
2784,2011-10-13,1667.300048828125,1678.800048828125,1656.199951171875,1676.0999755859375,148
2785,2011-10-14,1681.800048828125,1683.300048828125,1665.800048828125,1665.800048828125,51
2786,2011-10-17,1675.5,1693.5,1667.300048828125,1683.5999755859375,41
2787,2011-10-18,1651.699951171875,1666.0,1627.5,1666.0,85
2788,2011-10-19,1646.0,1659.300048828125,1641.300048828125,1659.300048828125,22
2789,2011-10-20,1611.9000244140625,1643.199951171875,1608.699951171875,1643.199951171875,92
2790,2011-10-21,1635.0999755859375,1647.4000244140625,1626.0999755859375,1626.0999755859375,32
2791,2011-10-24,1651.5,1657.800048828125,1646.199951171875,1646.199951171875,313
2792,2011-10-25,1699.5999755859375,1706.800048828125,1645.0,1645.0,355
2793,2011-10-26,1722.699951171875,1723.5999755859375,1708.9000244140625,1717.0,135
2794,2011-10-27,1746.699951171875,1735.5,1717.800048828125,1717.800048828125,494
2795,2011-10-28,1746.199951171875,1752.0,1733.0,1752.0,158
2796,2011-10-31,1724.199951171875,1741.9000244140625,1717.0,1741.9000244140625,62
2797,2011-11-01,1711.0,1720.0999755859375,1682.5,1706.699951171875,246
2798,2011-11-02,1728.699951171875,1741.4000244140625,1723.199951171875,1724.300048828125,294
2799,2011-11-03,1764.199951171875,1766.0,1726.5999755859375,1740.5,290
2800,2011-11-04,1755.300048828125,1761.199951171875,1754.9000244140625,1757.0,47
2801,2011-11-07,1790.300048828125,1797.0,1755.300048828125,1755.300048828125,35
2802,2011-11-08,1798.4000244140625,1798.4000244140625,1785.699951171875,1798.4000244140625,14
2803,2011-11-09,1790.9000244140625,1793.0,1774.199951171875,1793.0,6
2804,2011-11-10,1758.9000244140625,1766.800048828125,1754.800048828125,1766.800048828125,16
2805,2011-11-11,1787.5,1789.0999755859375,1777.0,1777.0,28
2806,2011-11-14,1777.800048828125,1779.0,1779.0,1779.0,24
2807,2011-11-15,1781.699951171875,1783.0999755859375,1761.300048828125,1779.199951171875,18
2808,2011-11-16,1773.800048828125,1777.5,1757.699951171875,1777.5,65
2809,2011-11-17,1719.800048828125,1755.300048828125,1714.0,1755.300048828125,54
2810,2011-11-18,1724.699951171875,1736.0,1719.0,1725.0,14
2811,2011-11-21,1678.300048828125,1704.5999755859375,1674.4000244140625,1704.5999755859375,9
2812,2011-11-22,1702.199951171875,1702.199951171875,1675.4000244140625,1675.4000244140625,13
2813,2011-11-23,1695.699951171875,1700.0,1681.5999755859375,1691.199951171875,34
2814,2011-11-25,1685.5,1693.5,1675.300048828125,1690.0999755859375,28
2815,2011-11-28,1710.800048828125,1710.800048828125,1710.800048828125,1710.800048828125,175525
2816,2011-11-29,1713.4000244140625,1718.4000244140625,1704.0,1711.300048828125,64786
2817,2011-11-30,1745.5,1749.199951171875,1699.9000244140625,1714.0,15463
2818,2011-12-01,1735.300048828125,1753.300048828125,1734.5,1747.0,1350
2819,2011-12-02,1747.0,1762.9000244140625,1741.5999755859375,1744.800048828125,1067
2820,2011-12-05,1730.699951171875,1752.5999755859375,1718.699951171875,1748.9000244140625,756
2821,2011-12-06,1727.9000244140625,1731.800048828125,1703.0,1722.0999755859375,648
2822,2011-12-07,1740.9000244140625,1741.9000244140625,1720.0,1730.5999755859375,300
2823,2011-12-08,1709.800048828125,1752.300048828125,1705.4000244140625,1742.0,942
2824,2011-12-09,1712.800048828125,1720.699951171875,1705.699951171875,1713.300048828125,568
2825,2011-12-12,1664.199951171875,1708.199951171875,1658.5,1707.5,894
2826,2011-12-13,1659.9000244140625,1671.800048828125,1628.0,1654.699951171875,274
2827,2011-12-14,1584.300048828125,1639.5,1565.800048828125,1636.5,890
2828,2011-12-15,1574.5999755859375,1592.800048828125,1565.5999755859375,1571.4000244140625,589
2829,2011-12-16,1595.5999755859375,1595.9000244140625,1586.0,1587.4000244140625,57
2830,2011-12-19,1594.4000244140625,1603.4000244140625,1589.699951171875,1596.4000244140625,92
2831,2011-12-20,1615.5999755859375,1617.0,1596.4000244140625,1596.4000244140625,215
2832,2011-12-21,1611.9000244140625,1635.0,1608.300048828125,1615.5999755859375,38
2833,2011-12-22,1608.9000244140625,1610.0,1601.9000244140625,1608.800048828125,599
2834,2011-12-23,1604.699951171875,1612.800048828125,1604.699951171875,1612.0,62
2835,2011-12-27,1594.199951171875,1599.0,1592.5999755859375,1599.0,52
2836,2011-12-28,1562.9000244140625,1588.5999755859375,1561.300048828125,1584.9000244140625,763
2837,2011-12-29,1539.9000244140625,1559.300048828125,1525.0,1559.300048828125,866
2838,2011-12-30,1565.800048828125,1579.5,1547.9000244140625,1549.4000244140625,289
2839,2012-01-03,1599.699951171875,1604.300048828125,1566.0,1568.9000244140625,229
2840,2012-01-04,1611.9000244140625,1618.5999755859375,1594.5,1596.5999755859375,172
2841,2012-01-05,1619.4000244140625,1624.0999755859375,1597.800048828125,1610.800048828125,362
2842,2012-01-06,1616.0999755859375,1627.800048828125,1616.0999755859375,1622.5,20
2843,2012-01-09,1607.5,1620.0999755859375,1607.5,1614.300048828125,8
2844,2012-01-10,1631.0,1638.0,1619.9000244140625,1619.9000244140625,47
2845,2012-01-11,1639.199951171875,1645.4000244140625,1633.800048828125,1634.800048828125,65
2846,2012-01-12,1647.300048828125,1656.0999755859375,1645.199951171875,1645.199951171875,84
2847,2012-01-13,1630.4000244140625,1643.4000244140625,1630.4000244140625,1638.9000244140625,368
2848,2012-01-17,1655.199951171875,1657.800048828125,1642.0999755859375,1643.699951171875,16
2849,2012-01-18,1659.5,1660.300048828125,1654.0,1654.0,11
2850,2012-01-19,1654.0999755859375,1664.4000244140625,1653.5,1663.0,58
2851,2012-01-20,1663.699951171875,1664.300048828125,1652.800048828125,1652.800048828125,8
2852,2012-01-23,1678.0,1680.0,1669.9000244140625,1676.9000244140625,10
2853,2012-01-24,1664.199951171875,1668.199951171875,1664.199951171875,1666.9000244140625,5
2854,2012-01-25,1699.800048828125,1706.199951171875,1672.0,1673.0,239
2855,2012-01-26,1726.300048828125,1729.0,1721.0,1729.0,16
2856,2012-01-27,1731.800048828125,1734.0999755859375,1727.0,1727.0,175023
2857,2012-01-30,1731.0,1739.9000244140625,1715.699951171875,1737.199951171875,53427
2858,2012-01-31,1737.800048828125,1747.699951171875,1725.0,1731.699951171875,7540
2859,2012-02-01,1747.0999755859375,1751.0999755859375,1734.0,1738.199951171875,2027
2860,2012-02-02,1756.800048828125,1761.0999755859375,1742.9000244140625,1745.0999755859375,2062
2861,2012-02-03,1737.9000244140625,1761.300048828125,1724.5,1758.699951171875,543
2862,2012-02-06,1722.800048828125,1738.300048828125,1713.300048828125,1728.0,726
2863,2012-02-07,1746.4000244140625,1748.0,1713.199951171875,1722.0,272
2864,2012-02-08,1729.300048828125,1751.5,1728.199951171875,1744.0,955
2865,2012-02-09,1739.0,1749.699951171875,1726.0999755859375,1731.4000244140625,119
2866,2012-02-10,1723.300048828125,1734.4000244140625,1706.4000244140625,1732.699951171875,248
2867,2012-02-13,1723.0,1733.0,1718.4000244140625,1725.0,104
2868,2012-02-14,1715.9000244140625,1724.9000244140625,1715.0,1720.0,94
2869,2012-02-15,1726.300048828125,1737.0,1723.5999755859375,1723.5999755859375,110
2870,2012-02-16,1726.800048828125,1728.4000244140625,1707.0,1718.4000244140625,38
2871,2012-02-17,1724.5,1735.0999755859375,1718.800048828125,1733.5999755859375,80
2872,2012-02-21,1757.0999755859375,1760.0,1733.5999755859375,1736.0999755859375,115
2873,2012-02-22,1770.0,1781.9000244140625,1750.0,1758.699951171875,161
2874,2012-02-23,1784.9000244140625,1786.0,1773.0,1774.0,298
2875,2012-02-24,1775.0999755859375,1780.699951171875,1771.300048828125,1778.5,129
2876,2012-02-27,1773.5999755859375,1775.5999755859375,1768.0999755859375,1773.5999755859375,841
2877,2012-02-28,1787.0,1789.4000244140625,1767.9000244140625,1767.9000244140625,306
2878,2012-02-29,1709.9000244140625,1790.4000244140625,1669.0,1789.9000244140625,359
2879,2012-03-01,1721.0999755859375,1724.5999755859375,1698.5999755859375,1698.5999755859375,214
2880,2012-03-02,1708.800048828125,1723.0,1705.199951171875,1723.0,135
2881,2012-03-05,1703.0,1709.5,1695.4000244140625,1705.5,421
2882,2012-03-06,1671.4000244140625,1708.699951171875,1666.0,1708.699951171875,176
2883,2012-03-07,1683.300048828125,1684.0,1673.0999755859375,1676.0,39
2884,2012-03-08,1698.0999755859375,1702.4000244140625,1686.4000244140625,1686.4000244140625,301
2885,2012-03-09,1710.9000244140625,1710.9000244140625,1680.699951171875,1698.800048828125,73
2886,2012-03-12,1699.199951171875,1708.0999755859375,1694.9000244140625,1708.0999755859375,98
2887,2012-03-13,1693.699951171875,1698.4000244140625,1685.0999755859375,1698.4000244140625,47
2888,2012-03-14,1642.5,1681.0,1637.4000244140625,1676.9000244140625,201
2889,2012-03-15,1659.0999755859375,1660.199951171875,1640.0,1646.300048828125,405
2890,2012-03-16,1655.5,1661.4000244140625,1641.300048828125,1660.0,317
2891,2012-03-19,1666.9000244140625,1668.0,1652.0999755859375,1661.199951171875,462
2892,2012-03-20,1646.699951171875,1652.300048828125,1642.0,1648.0999755859375,250
2893,2012-03-21,1650.0,1660.0,1646.0999755859375,1657.800048828125,546
2894,2012-03-22,1642.300048828125,1649.4000244140625,1633.800048828125,1648.0,321
2895,2012-03-23,1662.300048828125,1665.0999755859375,1646.300048828125,1652.5,76
2896,2012-03-26,1685.5,1692.9000244140625,1657.800048828125,1665.0,84
2897,2012-03-27,1684.800048828125,1690.800048828125,1684.4000244140625,1687.800048828125,100
2898,2012-03-28,1657.9000244140625,1670.0999755859375,1657.9000244140625,1670.0999755859375,193107
2899,2012-03-29,1652.199951171875,1664.5,1644.300048828125,1661.800048828125,47342
2900,2012-03-30,1669.300048828125,1670.0,1659.0,1660.5999755859375,9825
2901,2012-04-02,1677.5,1682.800048828125,1662.0,1670.4000244140625,2531
2902,2012-04-03,1670.0,1679.5,1638.699951171875,1677.5999755859375,1165
2903,2012-04-04,1612.300048828125,1647.0,1612.300048828125,1646.5,1122
2904,2012-04-05,1628.5,1633.199951171875,1620.4000244140625,1620.800048828125,289
2905,2012-04-09,1642.5,1646.4000244140625,1636.5,1645.300048828125,158
2906,2012-04-10,1659.5,1661.699951171875,1636.199951171875,1649.0,350
2907,2012-04-11,1659.0,1659.699951171875,1654.699951171875,1654.800048828125,426
2908,2012-04-12,1679.5,1680.0999755859375,1650.0,1660.0,1309
2909,2012-04-13,1659.0999755859375,1674.800048828125,1650.0,1673.300048828125,220
2910,2012-04-16,1648.699951171875,1656.800048828125,1641.199951171875,1650.800048828125,717
2911,2012-04-17,1650.300048828125,1652.9000244140625,1637.0,1652.0,69
2912,2012-04-18,1638.800048828125,1653.300048828125,1638.0999755859375,1653.199951171875,273
2913,2012-04-19,1640.5999755859375,1653.0999755859375,1632.0,1642.0999755859375,77
2914,2012-04-20,1642.0999755859375,1645.5999755859375,1640.9000244140625,1641.699951171875,54
2915,2012-04-23,1631.9000244140625,1642.4000244140625,1625.0999755859375,1642.4000244140625,226
2916,2012-04-24,1643.0,1648.5999755859375,1634.4000244140625,1634.4000244140625,123
2917,2012-04-25,1641.4000244140625,1643.800048828125,1626.9000244140625,1641.300048828125,82
2918,2012-04-26,1659.5999755859375,1659.5999755859375,1658.300048828125,1658.300048828125,280
2919,2012-04-27,1664.0,1666.9000244140625,1654.0,1654.5,236
2920,2012-04-30,1663.4000244140625,1665.699951171875,1653.0,1663.0,36
2921,2012-05-01,1661.699951171875,1670.5,1661.699951171875,1665.0,25
2922,2012-05-02,1653.4000244140625,1659.199951171875,1648.300048828125,1659.199951171875,50
2923,2012-05-03,1634.199951171875,1652.199951171875,1631.300048828125,1651.199951171875,78
2924,2012-05-04,1644.699951171875,1645.5999755859375,1629.4000244140625,1635.699951171875,68
2925,2012-05-07,1638.5999755859375,1640.0,1632.5999755859375,1637.9000244140625,21
2926,2012-05-08,1604.0,1636.699951171875,1596.0,1636.699951171875,154
2927,2012-05-09,1593.699951171875,1595.300048828125,1586.300048828125,1595.300048828125,30
2928,2012-05-10,1595.0999755859375,1595.0999755859375,1592.4000244140625,1594.199951171875,6
2929,2012-05-11,1583.5999755859375,1589.5999755859375,1583.5999755859375,1586.0999755859375,6
2930,2012-05-14,1560.5999755859375,1563.0999755859375,1555.5,1563.0,5
2931,2012-05-15,1556.800048828125,1558.300048828125,1542.4000244140625,1555.4000244140625,28
2932,2012-05-16,1536.199951171875,1541.4000244140625,1528.5,1541.4000244140625,26
2933,2012-05-17,1574.5,1579.0,1546.9000244140625,1546.9000244140625,51
2934,2012-05-18,1591.5999755859375,1591.5999755859375,1568.199951171875,1573.699951171875,26
2935,2012-05-21,1588.4000244140625,1594.0999755859375,1588.4000244140625,1591.9000244140625,32
2936,2012-05-22,1576.300048828125,1578.0999755859375,1568.4000244140625,1575.699951171875,27
2937,2012-05-23,1548.0999755859375,1548.0999755859375,1534.4000244140625,1538.199951171875,6
2938,2012-05-24,1557.300048828125,1569.4000244140625,1551.5,1559.0,23
2939,2012-05-25,1568.800048828125,1568.800048828125,1557.300048828125,1558.199951171875,7
2940,2012-05-29,1548.5999755859375,1582.5,1548.5999755859375,1574.699951171875,259050
2941,2012-05-30,1563.4000244140625,1569.0,1530.4000244140625,1553.9000244140625,79887
2942,2012-05-31,1562.5999755859375,1572.5999755859375,1551.800048828125,1562.699951171875,5901
2943,2012-06-01,1620.5,1630.0,1545.5,1560.0,2820
2944,2012-06-04,1612.199951171875,1627.9000244140625,1609.0,1623.0,2134
2945,2012-06-05,1615.199951171875,1622.699951171875,1612.9000244140625,1619.300048828125,604
2946,2012-06-06,1632.800048828125,1639.699951171875,1616.5,1619.699951171875,419
2947,2012-06-07,1586.5999755859375,1627.199951171875,1581.9000244140625,1622.5999755859375,1200
2948,2012-06-08,1590.0999755859375,1593.9000244140625,1566.5,1589.9000244140625,157
2949,2012-06-11,1595.5,1608.0,1583.0,1608.0,129
2950,2012-06-12,1612.699951171875,1612.800048828125,1588.5,1594.0999755859375,523
2951,2012-06-13,1618.0999755859375,1622.4000244140625,1608.199951171875,1608.199951171875,655
2952,2012-06-14,1618.4000244140625,1626.4000244140625,1610.0999755859375,1621.199951171875,493
2953,2012-06-15,1627.0,1630.0,1621.5,1624.300048828125,1015
2954,2012-06-18,1625.699951171875,1627.5999755859375,1615.0,1622.5999755859375,246
2955,2012-06-19,1622.199951171875,1630.699951171875,1622.0,1629.800048828125,32
2956,2012-06-20,1614.800048828125,1618.300048828125,1601.300048828125,1618.300048828125,140
2957,2012-06-21,1564.5,1603.300048828125,1564.5,1603.199951171875,29
2958,2012-06-22,1566.0,1568.4000244140625,1560.0,1565.5,16
2959,2012-06-25,1587.5,1587.5,1571.0,1574.9000244140625,32
2960,2012-06-26,1574.0,1583.5,1567.699951171875,1583.5,104
2961,2012-06-27,1577.5,1577.5,1563.0,1567.0,220
2962,2012-06-28,1549.699951171875,1573.699951171875,1548.4000244140625,1573.699951171875,133
2963,2012-06-29,1603.5,1603.5,1561.9000244140625,1562.5999755859375,61
2964,2012-07-02,1597.199951171875,1598.300048828125,1589.699951171875,1597.0999755859375,35
2965,2012-07-03,1621.300048828125,1624.0,1603.800048828125,1603.800048828125,44
2966,2012-07-05,1608.9000244140625,1619.199951171875,1598.0,1618.5,27
2967,2012-07-06,1578.4000244140625,1593.800048828125,1578.4000244140625,1592.300048828125,15
2968,2012-07-09,1588.5999755859375,1588.5999755859375,1580.9000244140625,1582.0999755859375,5
2969,2012-07-10,1579.300048828125,1599.800048828125,1567.5999755859375,1599.199951171875,12
2970,2012-07-11,1575.199951171875,1579.5,1575.199951171875,1577.4000244140625,12
2971,2012-07-12,1564.9000244140625,1574.699951171875,1557.199951171875,1569.300048828125,44
2972,2012-07-13,1591.5999755859375,1594.0999755859375,1567.800048828125,1567.800048828125,26
2973,2012-07-16,1591.199951171875,1591.199951171875,1585.800048828125,1586.199951171875,7
2974,2012-07-17,1589.0999755859375,1596.0,1576.300048828125,1596.0,27
2975,2012-07-18,1570.4000244140625,1583.699951171875,1569.9000244140625,1581.199951171875,30
2976,2012-07-19,1580.0999755859375,1586.9000244140625,1578.4000244140625,1580.0,60
2977,2012-07-20,1582.5,1584.4000244140625,1576.0999755859375,1583.9000244140625,5
2978,2012-07-23,1577.0999755859375,1577.0999755859375,1569.800048828125,1571.699951171875,4
2979,2012-07-24,1576.0,1581.9000244140625,1574.0,1574.0,9
2980,2012-07-25,1608.0,1608.0,1583.300048828125,1583.699951171875,12
2981,2012-07-26,1615.0,1615.0,1614.0999755859375,1614.9000244140625,7
2982,2012-07-27,1617.9000244140625,1617.9000244140625,1613.4000244140625,1613.4000244140625,197976
2983,2012-07-30,1619.699951171875,1625.800048828125,1613.0999755859375,1622.9000244140625,52890
2984,2012-07-31,1610.5,1627.5,1610.0,1621.0999755859375,6281
2985,2012-08-01,1603.699951171875,1617.199951171875,1592.0,1613.4000244140625,3530
2986,2012-08-02,1587.4000244140625,1615.0,1583.0999755859375,1600.0,933
2987,2012-08-03,1606.0,1606.0,1585.0999755859375,1589.300048828125,676
2988,2012-08-06,1612.9000244140625,1614.0999755859375,1603.199951171875,1604.699951171875,662
2989,2012-08-07,1609.699951171875,1615.699951171875,1609.300048828125,1610.800048828125,449
2990,2012-08-08,1612.9000244140625,1614.800048828125,1603.0,1610.199951171875,341
2991,2012-08-09,1617.0999755859375,1617.199951171875,1610.0999755859375,1612.800048828125,433
2992,2012-08-10,1619.699951171875,1624.0999755859375,1605.0,1615.800048828125,1219
2993,2012-08-13,1609.5999755859375,1623.699951171875,1607.300048828125,1622.0,402
2994,2012-08-14,1599.4000244140625,1615.5999755859375,1591.199951171875,1612.800048828125,910
2995,2012-08-15,1603.699951171875,1604.5999755859375,1592.0,1593.800048828125,280
2996,2012-08-16,1616.0999755859375,1616.0999755859375,1600.199951171875,1600.199951171875,199
2997,2012-08-17,1616.300048828125,1617.800048828125,1611.4000244140625,1617.800048828125,249
2998,2012-08-20,1620.0999755859375,1621.4000244140625,1611.5999755859375,1614.0,68
2999,2012-08-21,1639.9000244140625,1639.9000244140625,1620.0,1620.0,258
3000,2012-08-22,1637.4000244140625,1653.0999755859375,1635.0,1638.4000244140625,37
3001,2012-08-23,1669.5999755859375,1672.699951171875,1658.0,1659.9000244140625,141
3002,2012-08-24,1669.800048828125,1669.800048828125,1662.199951171875,1665.800048828125,24
3003,2012-08-27,1672.4000244140625,1674.9000244140625,1663.9000244140625,1674.9000244140625,42
3004,2012-08-28,1666.5,1671.0,1659.199951171875,1659.9000244140625,51
3005,2012-08-29,1659.800048828125,1667.300048828125,1659.800048828125,1667.199951171875,403
3006,2012-08-30,1653.5,1662.0,1650.699951171875,1655.4000244140625,418
3007,2012-08-31,1684.5999755859375,1690.0,1646.199951171875,1658.5999755859375,58
3008,2012-09-04,1692.9000244140625,1698.0,1687.699951171875,1689.0999755859375,43
3009,2012-09-05,1690.800048828125,1693.300048828125,1690.4000244140625,1690.4000244140625,82
3010,2012-09-06,1702.5999755859375,1712.4000244140625,1696.4000244140625,1696.4000244140625,39
3011,2012-09-07,1737.5,1738.199951171875,1696.699951171875,1696.699951171875,109
3012,2012-09-10,1728.699951171875,1733.5,1727.199951171875,1733.0999755859375,14
3013,2012-09-11,1731.800048828125,1736.0,1731.800048828125,1736.0,2
3014,2012-09-12,1730.5999755859375,1742.300048828125,1730.5,1742.199951171875,15
3015,2012-09-13,1769.0999755859375,1769.0999755859375,1728.699951171875,1728.699951171875,33
3016,2012-09-14,1769.800048828125,1774.5,1766.0,1771.0,25
3017,2012-09-17,1767.699951171875,1774.800048828125,1753.800048828125,1774.800048828125,54
3018,2012-09-18,1768.4000244140625,1768.4000244140625,1766.300048828125,1766.300048828125,13
3019,2012-09-19,1769.0,1778.5,1768.0,1776.0,27
3020,2012-09-20,1767.699951171875,1771.300048828125,1760.5999755859375,1769.0999755859375,17
3021,2012-09-21,1775.5,1785.300048828125,1772.300048828125,1785.300048828125,10
3022,2012-09-24,1762.0999755859375,1762.0999755859375,1762.0999755859375,1762.0999755859375,4
3023,2012-09-25,1763.800048828125,1772.699951171875,1763.800048828125,1772.5999755859375,5
3024,2012-09-26,1750.5999755859375,1764.199951171875,1743.0,1762.800048828125,15237
3025,2012-09-27,1777.5999755859375,1780.199951171875,1750.699951171875,1752.5999755859375,6989
3026,2012-09-28,1771.0999755859375,1782.199951171875,1767.5,1776.800048828125,2839
3027,2012-10-01,1780.5,1791.0,1763.300048828125,1766.0,816
3028,2012-10-02,1772.699951171875,1779.300048828125,1772.699951171875,1777.9000244140625,94
3029,2012-10-03,1777.300048828125,1779.9000244140625,1771.9000244140625,1772.199951171875,134
3030,2012-10-04,1794.0999755859375,1794.800048828125,1783.5,1783.5,199
3031,2012-10-05,1778.5999755859375,1792.199951171875,1776.5999755859375,1792.199951171875,257
3032,2012-10-08,1773.5,1778.0,1766.800048828125,1778.0,33
3033,2012-10-09,1763.0,1776.699951171875,1762.300048828125,1776.699951171875,24
3034,2012-10-10,1763.199951171875,1764.199951171875,1758.0999755859375,1762.4000244140625,29
3035,2012-10-11,1768.800048828125,1771.0,1761.5999755859375,1761.5999755859375,30
3036,2012-10-12,1758.0,1769.5,1753.5999755859375,1769.5,84
3037,2012-10-15,1736.0,1750.0,1729.9000244140625,1750.0,108
3038,2012-10-16,1744.699951171875,1744.699951171875,1736.5999755859375,1736.699951171875,15
3039,2012-10-17,1751.5,1751.5,1746.0,1749.4000244140625,36
3040,2012-10-18,1743.300048828125,1749.0999755859375,1740.5,1749.0999755859375,27
3041,2012-10-19,1722.800048828125,1741.0999755859375,1721.0,1741.0999755859375,70
3042,2012-10-22,1725.0999755859375,1728.300048828125,1715.0,1715.0,12
3043,2012-10-23,1708.300048828125,1726.5999755859375,1708.300048828125,1726.5999755859375,75
3044,2012-10-24,1700.5,1708.5,1698.5999755859375,1708.4000244140625,27
3045,2012-10-25,1712.0,1716.699951171875,1711.699951171875,1711.699951171875,33
3046,2012-10-26,1710.9000244140625,1716.199951171875,1706.0999755859375,1706.0999755859375,77
3047,2012-10-31,1717.5,1724.5,1714.4000244140625,1714.4000244140625,64
3048,2012-11-01,1714.0999755859375,1725.0999755859375,1714.0999755859375,1722.300048828125,24
3049,2012-11-02,1674.0999755859375,1711.300048828125,1674.0999755859375,1711.300048828125,50
3050,2012-11-05,1682.199951171875,1683.0999755859375,1674.300048828125,1682.800048828125,7
3051,2012-11-06,1714.0999755859375,1718.0,1690.0999755859375,1690.0999755859375,47
3052,2012-11-07,1713.199951171875,1726.5,1703.699951171875,1707.699951171875,42
3053,2012-11-08,1725.4000244140625,1725.4000244140625,1714.199951171875,1715.9000244140625,34
3054,2012-11-09,1730.300048828125,1734.0999755859375,1727.5999755859375,1733.699951171875,6
3055,2012-11-12,1730.300048828125,1733.4000244140625,1730.300048828125,1733.199951171875,6
3056,2012-11-13,1724.199951171875,1728.199951171875,1718.5,1721.5999755859375,12
3057,2012-11-14,1729.5,1729.5,1722.0,1722.0,11
3058,2012-11-15,1713.300048828125,1724.9000244140625,1706.300048828125,1724.9000244140625,10
3059,2012-11-16,1714.300048828125,1714.300048828125,1706.9000244140625,1710.0,16
3060,2012-11-19,1734.0,1734.0,1721.800048828125,1721.800048828125,4
3061,2012-11-20,1723.199951171875,1731.0999755859375,1722.5,1730.5999755859375,21
3062,2012-11-21,1727.9000244140625,1727.9000244140625,1725.800048828125,1725.800048828125,23
3063,2012-11-23,1751.300048828125,1751.300048828125,1735.0,1735.0,8
3064,2012-11-26,1749.5,1750.5,1749.4000244140625,1750.300048828125,24
3065,2012-11-27,1742.199951171875,1746.4000244140625,1742.199951171875,1746.4000244140625,7
3066,2012-11-28,1716.5,1739.800048828125,1716.5,1739.800048828125,276136
3067,2012-11-29,1727.199951171875,1729.0,1717.699951171875,1719.5999755859375,65599
3068,2012-11-30,1710.9000244140625,1731.199951171875,1708.4000244140625,1725.199951171875,3690
3069,2012-12-03,1719.5999755859375,1721.9000244140625,1714.5,1714.9000244140625,1238
3070,2012-12-04,1694.4000244140625,1716.800048828125,1691.5999755859375,1716.300048828125,1428
3071,2012-12-05,1692.4000244140625,1706.0,1685.0,1697.0999755859375,1262
3072,2012-12-06,1700.300048828125,1702.0999755859375,1686.4000244140625,1694.300048828125,525
3073,2012-12-07,1704.0,1704.5,1684.0,1701.199951171875,169
3074,2012-12-10,1713.0,1717.0,1704.199951171875,1704.199951171875,88
3075,2012-12-11,1708.199951171875,1714.0999755859375,1705.9000244140625,1710.0,88
3076,2012-12-12,1716.5999755859375,1722.300048828125,1708.0,1710.0999755859375,195
3077,2012-12-13,1695.5999755859375,1707.199951171875,1689.9000244140625,1707.199951171875,240
3078,2012-12-14,1695.800048828125,1699.199951171875,1694.4000244140625,1698.300048828125,72
3079,2012-12-17,1697.0,1698.5,1689.5,1690.5,65
3080,2012-12-18,1669.5,1702.800048828125,1661.0,1701.4000244140625,501
3081,2012-12-19,1666.5,1676.0,1664.5999755859375,1675.300048828125,76
3082,2012-12-20,1644.9000244140625,1671.0,1637.5999755859375,1667.9000244140625,158
3083,2012-12-21,1659.0999755859375,1659.0999755859375,1635.800048828125,1648.0,78
3084,2012-12-24,1658.5999755859375,1663.800048828125,1654.9000244140625,1657.699951171875,73
3085,2012-12-26,1659.800048828125,1666.699951171875,1654.5,1654.5,73
3086,2012-12-27,1662.5999755859375,1662.5999755859375,1656.199951171875,1656.199951171875,446
3087,2012-12-28,1654.9000244140625,1664.0,1653.699951171875,1664.0,197
3088,2012-12-31,1674.800048828125,1677.0999755859375,1655.4000244140625,1655.4000244140625,89
3089,2013-01-02,1687.9000244140625,1693.800048828125,1670.0,1672.800048828125,35
3090,2013-01-03,1673.699951171875,1686.800048828125,1662.0,1686.0999755859375,140
3091,2013-01-04,1648.0999755859375,1658.300048828125,1625.699951171875,1647.0,199
3092,2013-01-07,1645.5,1659.9000244140625,1643.800048828125,1656.5,49
3093,2013-01-08,1661.5,1661.5,1647.699951171875,1647.699951171875,17
3094,2013-01-09,1654.800048828125,1662.0999755859375,1651.9000244140625,1658.5999755859375,9
3095,2013-01-10,1677.300048828125,1677.300048828125,1672.5,1672.5,9
3096,2013-01-11,1660.0,1673.0999755859375,1654.199951171875,1673.0999755859375,147
3097,2013-01-14,1668.9000244140625,1673.800048828125,1664.0999755859375,1665.4000244140625,10
3098,2013-01-15,1683.4000244140625,1684.300048828125,1671.5999755859375,1671.5999755859375,20
3099,2013-01-16,1682.699951171875,1682.699951171875,1674.4000244140625,1674.4000244140625,11
3100,2013-01-17,1690.4000244140625,1694.5999755859375,1671.0,1676.4000244140625,81
3101,2013-01-18,1686.5999755859375,1692.0,1686.5999755859375,1687.4000244140625,14
3102,2013-01-22,1692.800048828125,1694.699951171875,1687.800048828125,1690.300048828125,15
3103,2013-01-23,1686.300048828125,1693.699951171875,1685.199951171875,1691.300048828125,28
3104,2013-01-24,1669.5,1681.699951171875,1668.0,1680.800048828125,13
3105,2013-01-25,1656.4000244140625,1663.0,1656.4000244140625,1663.0,44
3106,2013-01-28,1652.4000244140625,1655.5,1651.5999755859375,1651.5999755859375,82
3107,2013-01-29,1660.699951171875,1661.5,1660.699951171875,1661.199951171875,145863
3108,2013-01-30,1679.9000244140625,1683.0,1661.800048828125,1662.4000244140625,44893
3109,2013-01-31,1660.5999755859375,1680.0,1657.4000244140625,1675.4000244140625,6044
3110,2013-02-01,1669.4000244140625,1681.199951171875,1659.9000244140625,1663.9000244140625,3250
3111,2013-02-04,1675.300048828125,1676.5,1661.5999755859375,1668.0,450
3112,2013-02-05,1672.4000244140625,1683.4000244140625,1666.5,1674.199951171875,353
3113,2013-02-06,1677.699951171875,1678.5,1668.0,1672.199951171875,376
3114,2013-02-07,1670.4000244140625,1682.0999755859375,1663.0999755859375,1677.0,475
3115,2013-02-08,1666.0,1672.5,1664.800048828125,1671.5,289
3116,2013-02-11,1648.199951171875,1668.0,1643.699951171875,1666.5,868
3117,2013-02-12,1648.699951171875,1650.4000244140625,1642.4000244140625,1643.800048828125,85
3118,2013-02-13,1644.199951171875,1652.300048828125,1640.199951171875,1652.199951171875,236
3119,2013-02-14,1634.699951171875,1646.9000244140625,1632.699951171875,1641.0999755859375,219
3120,2013-02-15,1608.800048828125,1633.9000244140625,1599.5,1633.199951171875,460
3121,2013-02-19,1603.5999755859375,1617.0,1599.699951171875,1610.0,272
3122,2013-02-20,1577.5999755859375,1606.9000244140625,1561.800048828125,1604.699951171875,278
3123,2013-02-21,1578.199951171875,1581.199951171875,1555.199951171875,1568.5,2019
3124,2013-02-22,1572.4000244140625,1585.4000244140625,1572.4000244140625,1580.0,76
3125,2013-02-25,1586.199951171875,1596.0,1577.699951171875,1579.4000244140625,118
3126,2013-02-26,1615.199951171875,1615.199951171875,1589.0,1593.300048828125,1158
3127,2013-02-27,1595.199951171875,1612.800048828125,1591.800048828125,1612.800048828125,700
3128,2013-02-28,1577.699951171875,1601.5999755859375,1575.0999755859375,1596.0,102
3129,2013-03-01,1571.9000244140625,1585.5999755859375,1566.0,1579.5999755859375,68
3130,2013-03-04,1572.0999755859375,1580.800048828125,1569.699951171875,1580.800048828125,64
3131,2013-03-05,1574.5999755859375,1585.5,1571.4000244140625,1577.5999755859375,65
3132,2013-03-06,1574.5999755859375,1582.5999755859375,1566.800048828125,1577.5999755859375,106
3133,2013-03-07,1574.800048828125,1583.5,1573.9000244140625,1580.0,52
3134,2013-03-08,1576.5999755859375,1581.199951171875,1561.800048828125,1578.5999755859375,68
3135,2013-03-11,1577.800048828125,1579.699951171875,1576.0,1576.0,1115
3136,2013-03-12,1591.5,1595.5999755859375,1579.800048828125,1579.800048828125,159
3137,2013-03-13,1588.300048828125,1596.0,1585.0,1592.300048828125,396
3138,2013-03-14,1590.5999755859375,1590.5999755859375,1575.699951171875,1585.699951171875,137
3139,2013-03-15,1592.5,1594.4000244140625,1590.199951171875,1590.5,11
3140,2013-03-18,1604.5999755859375,1607.699951171875,1601.5999755859375,1605.9000244140625,613
3141,2013-03-19,1611.300048828125,1613.0999755859375,1611.300048828125,1613.0999755859375,202
3142,2013-03-20,1607.5,1612.5,1606.199951171875,1610.0,5
3143,2013-03-21,1613.800048828125,1613.800048828125,1611.9000244140625,1612.800048828125,7
3144,2013-03-22,1606.199951171875,1611.0,1604.0999755859375,1611.0,101
3145,2013-03-25,1604.5999755859375,1607.800048828125,1596.0999755859375,1607.0999755859375,27
3146,2013-03-26,1595.800048828125,1595.800048828125,1595.800048828125,1595.800048828125,165484
3147,2013-03-27,1606.199951171875,1608.0999755859375,1590.300048828125,1598.5,50450
3148,2013-03-28,1594.800048828125,1606.5999755859375,1593.5999755859375,1604.699951171875,4717
3149,2013-04-01,1600.0,1600.5,1594.800048828125,1596.800048828125,688
3150,2013-04-02,1575.0999755859375,1602.5999755859375,1574.0999755859375,1599.199951171875,2289
3151,2013-04-03,1552.800048828125,1576.4000244140625,1549.199951171875,1575.699951171875,2171
3152,2013-04-04,1551.800048828125,1557.300048828125,1539.0999755859375,1557.300048828125,829
3153,2013-04-05,1575.4000244140625,1580.5999755859375,1550.0999755859375,1553.199951171875,1184
3154,2013-04-08,1572.0,1577.800048828125,1567.800048828125,1575.800048828125,101
3155,2013-04-09,1586.199951171875,1589.300048828125,1570.0,1571.5999755859375,215
3156,2013-04-10,1558.300048828125,1586.0,1557.0,1584.4000244140625,359
3157,2013-04-11,1564.300048828125,1566.699951171875,1554.800048828125,1557.0999755859375,1070
3158,2013-04-12,1501.0,1560.800048828125,1480.199951171875,1560.800048828125,881
3159,2013-04-15,1360.5999755859375,1487.4000244140625,1338.0,1478.199951171875,1309
3160,2013-04-16,1386.800048828125,1401.0,1323.0,1358.0,619
3161,2013-04-17,1382.199951171875,1394.199951171875,1370.199951171875,1373.199951171875,92
3162,2013-04-18,1392.0,1396.4000244140625,1347.5,1347.5,57
3163,2013-04-19,1395.300048828125,1420.300048828125,1395.0999755859375,1419.300048828125,241
3164,2013-04-22,1421.0,1434.9000244140625,1406.800048828125,1406.800048828125,70
3165,2013-04-23,1408.5999755859375,1429.5,1405.800048828125,1429.5,334
3166,2013-04-24,1423.4000244140625,1430.0999755859375,1420.4000244140625,1423.199951171875,138
3167,2013-04-25,1461.800048828125,1461.800048828125,1433.0,1433.0,222
3168,2013-04-26,1453.5999755859375,1476.199951171875,1451.4000244140625,1467.4000244140625,976
3169,2013-04-29,1467.4000244140625,1475.5,1462.300048828125,1462.699951171875,269
3170,2013-04-30,1472.199951171875,1476.5999755859375,1461.0,1471.0999755859375,534
3171,2013-05-01,1446.300048828125,1477.0999755859375,1440.0,1475.800048828125,131
3172,2013-05-02,1467.699951171875,1471.199951171875,1453.5,1459.0,244
3173,2013-05-03,1464.300048828125,1487.0999755859375,1461.4000244140625,1465.5,68
3174,2013-05-06,1468.0999755859375,1477.199951171875,1466.800048828125,1468.0999755859375,33
3175,2013-05-07,1449.0,1466.199951171875,1441.199951171875,1462.0,91
3176,2013-05-08,1473.9000244140625,1474.699951171875,1450.699951171875,1455.5,81
3177,2013-05-09,1468.800048828125,1473.4000244140625,1453.0,1471.199951171875,27
3178,2013-05-10,1436.800048828125,1459.300048828125,1423.0,1455.5999755859375,569
3179,2013-05-13,1434.5,1440.5999755859375,1427.800048828125,1440.0,344
3180,2013-05-14,1424.699951171875,1444.4000244140625,1422.0,1430.0999755859375,72
3181,2013-05-15,1396.5,1425.699951171875,1390.0999755859375,1425.699951171875,364
3182,2013-05-16,1387.0999755859375,1395.0999755859375,1370.5999755859375,1390.4000244140625,38
3183,2013-05-17,1364.9000244140625,1391.0999755859375,1359.0999755859375,1386.699951171875,50
3184,2013-05-20,1384.300048828125,1387.5,1342.9000244140625,1342.9000244140625,21
3185,2013-05-21,1377.800048828125,1392.300048828125,1358.5,1386.5,51
3186,2013-05-22,1367.5999755859375,1395.699951171875,1364.5,1387.199951171875,14
3187,2013-05-23,1392.0,1394.800048828125,1377.800048828125,1380.5999755859375,58
3188,2013-05-24,1386.800048828125,1386.800048828125,1386.800048828125,1386.800048828125,2
3189,2013-05-28,1379.0999755859375,1390.4000244140625,1379.0999755859375,1380.800048828125,55
3190,2013-05-29,1391.300048828125,1391.300048828125,1391.300048828125,1391.300048828125,168665
3191,2013-05-30,1411.5,1417.5,1388.300048828125,1392.0999755859375,45133
3192,2013-05-31,1392.5999755859375,1421.0999755859375,1384.199951171875,1412.4000244140625,5997
3193,2013-06-03,1411.699951171875,1416.300048828125,1388.300048828125,1389.0999755859375,1420
3194,2013-06-04,1397.0999755859375,1413.699951171875,1389.0,1410.9000244140625,930
3195,2013-06-05,1398.4000244140625,1410.0,1395.5999755859375,1397.5,1687
3196,2013-06-06,1415.699951171875,1422.699951171875,1391.5999755859375,1401.699951171875,782
3197,2013-06-07,1383.0,1416.0999755859375,1377.9000244140625,1411.5,1163
3198,2013-06-10,1386.199951171875,1386.9000244140625,1375.5999755859375,1378.800048828125,367
3199,2013-06-11,1377.0,1384.4000244140625,1366.0,1384.199951171875,482
3200,2013-06-12,1391.800048828125,1393.5,1373.699951171875,1375.0,514
3201,2013-06-13,1377.5999755859375,1390.9000244140625,1373.4000244140625,1386.800048828125,458
3202,2013-06-14,1387.300048828125,1389.5999755859375,1377.800048828125,1383.9000244140625,90
3203,2013-06-17,1382.800048828125,1390.5,1380.0,1390.300048828125,114
3204,2013-06-18,1366.5999755859375,1383.5,1363.0,1383.0999755859375,346
3205,2013-06-19,1373.5999755859375,1373.5999755859375,1348.0999755859375,1368.0999755859375,198
3206,2013-06-20,1285.9000244140625,1348.0999755859375,1275.4000244140625,1348.0999755859375,712
3207,2013-06-21,1291.5999755859375,1300.0,1268.9000244140625,1280.4000244140625,456
3208,2013-06-24,1276.800048828125,1297.300048828125,1275.699951171875,1297.300048828125,321
3209,2013-06-25,1274.800048828125,1286.0,1273.199951171875,1281.300048828125,953
3210,2013-06-26,1229.5999755859375,1273.9000244140625,1228.800048828125,1273.9000244140625,981
3211,2013-06-27,1211.4000244140625,1241.4000244140625,1198.300048828125,1224.699951171875,533
3212,2013-06-28,1223.800048828125,1232.300048828125,1183.199951171875,1200.9000244140625,232
3213,2013-07-01,1255.9000244140625,1261.0,1234.199951171875,1234.699951171875,150
3214,2013-07-02,1243.5999755859375,1266.300048828125,1241.199951171875,1254.0999755859375,107
3215,2013-07-03,1252.0999755859375,1258.199951171875,1240.300048828125,1243.800048828125,19
3216,2013-07-05,1212.9000244140625,1254.0999755859375,1208.9000244140625,1252.699951171875,72
3217,2013-07-08,1234.9000244140625,1235.199951171875,1215.4000244140625,1218.800048828125,58
3218,2013-07-09,1245.9000244140625,1254.5,1234.4000244140625,1234.699951171875,33
3219,2013-07-10,1247.4000244140625,1263.9000244140625,1244.5999755859375,1244.5999755859375,58
3220,2013-07-11,1280.0999755859375,1285.0,1278.9000244140625,1284.5999755859375,18
3221,2013-07-12,1277.800048828125,1282.300048828125,1274.300048828125,1282.300048828125,6
3222,2013-07-15,1283.800048828125,1292.4000244140625,1281.5999755859375,1292.0999755859375,19
3223,2013-07-16,1290.800048828125,1291.4000244140625,1279.4000244140625,1279.4000244140625,13
3224,2013-07-17,1277.9000244140625,1294.4000244140625,1272.9000244140625,1286.199951171875,11
3225,2013-07-18,1284.5999755859375,1286.4000244140625,1275.199951171875,1275.300048828125,26
3226,2013-07-19,1293.300048828125,1293.300048828125,1290.0,1291.699951171875,9
3227,2013-07-22,1336.4000244140625,1336.4000244140625,1317.0,1317.0,18
3228,2013-07-23,1335.0999755859375,1342.300048828125,1327.9000244140625,1334.800048828125,10
3229,2013-07-24,1319.699951171875,1343.5,1318.5999755859375,1342.199951171875,42
3230,2013-07-25,1329.0,1336.800048828125,1318.5,1318.5,55
3231,2013-07-26,1321.699951171875,1326.5,1321.699951171875,1326.5,66
3232,2013-07-29,1328.4000244140625,1328.4000244140625,1328.4000244140625,1328.4000244140625,134359
3233,2013-07-30,1324.0,1329.5999755859375,1316.199951171875,1327.199951171875,44769
3234,2013-07-31,1312.4000244140625,1338.4000244140625,1304.9000244140625,1325.5,6252
3235,2013-08-01,1311.0,1328.5,1306.9000244140625,1323.0,1562
3236,2013-08-02,1310.5999755859375,1317.0,1283.0,1306.699951171875,1451
3237,2013-08-05,1302.5999755859375,1318.300048828125,1297.5,1311.199951171875,904
3238,2013-08-06,1283.199951171875,1305.9000244140625,1279.300048828125,1303.0,1314
3239,2013-08-07,1286.0999755859375,1288.4000244140625,1274.0,1282.5,989
3240,2013-08-08,1310.699951171875,1312.800048828125,1283.699951171875,1283.9000244140625,482
3241,2013-08-09,1312.9000244140625,1315.800048828125,1306.699951171875,1315.0999755859375,449
3242,2013-08-12,1334.699951171875,1342.4000244140625,1317.199951171875,1317.199951171875,312
3243,2013-08-13,1321.199951171875,1339.0999755859375,1320.199951171875,1331.9000244140625,209
3244,2013-08-14,1334.0,1336.300048828125,1317.699951171875,1317.699951171875,333
3245,2013-08-15,1361.5999755859375,1369.5999755859375,1319.9000244140625,1340.0999755859375,235
3246,2013-08-16,1371.699951171875,1378.9000244140625,1361.0,1366.800048828125,175
3247,2013-08-19,1366.199951171875,1384.4000244140625,1363.9000244140625,1379.0,139
3248,2013-08-20,1373.0999755859375,1377.0,1355.0,1355.0,123
3249,2013-08-21,1370.5999755859375,1377.300048828125,1360.9000244140625,1372.5,109
3250,2013-08-22,1371.199951171875,1380.4000244140625,1362.0,1362.0,79
3251,2013-08-23,1395.699951171875,1398.199951171875,1373.9000244140625,1376.800048828125,178
3252,2013-08-26,1393.0,1402.800048828125,1391.300048828125,1398.5999755859375,203
3253,2013-08-27,1420.5999755859375,1421.0999755859375,1398.699951171875,1403.800048828125,397
3254,2013-08-28,1419.0,1428.0,1417.300048828125,1417.300048828125,489
3255,2013-08-29,1412.9000244140625,1417.4000244140625,1404.5,1417.4000244140625,375
3256,2013-08-30,1396.0999755859375,1409.800048828125,1392.300048828125,1407.199951171875,0
3257,2013-09-03,1412.0,1414.4000244140625,1382.300048828125,1393.0,139
3258,2013-09-04,1389.9000244140625,1413.0,1387.0999755859375,1413.0,104
3259,2013-09-05,1373.0999755859375,1397.5,1367.0999755859375,1393.5,37
3260,2013-09-06,1386.699951171875,1390.0999755859375,1368.9000244140625,1371.0,52
3261,2013-09-09,1386.800048828125,1389.800048828125,1386.5,1389.800048828125,44
3262,2013-09-10,1364.0999755859375,1377.5,1357.5999755859375,1377.5,21
3263,2013-09-11,1363.9000244140625,1365.800048828125,1356.699951171875,1365.800048828125,60
3264,2013-09-12,1330.4000244140625,1360.0,1322.4000244140625,1360.0,120
3265,2013-09-13,1308.4000244140625,1323.0,1305.300048828125,1322.9000244140625,38
3266,2013-09-16,1317.9000244140625,1329.5999755859375,1310.800048828125,1328.4000244140625,107
3267,2013-09-17,1309.5,1313.0999755859375,1309.5,1313.0,24
3268,2013-09-18,1307.800048828125,1347.699951171875,1292.0999755859375,1292.0999755859375,29
3269,2013-09-19,1369.4000244140625,1373.0,1362.9000244140625,1362.9000244140625,35
3270,2013-09-20,1332.5,1347.5,1330.699951171875,1347.5,2
3271,2013-09-23,1326.9000244140625,1327.800048828125,1317.5999755859375,1327.0999755859375,78
3272,2013-09-24,1316.0,1324.9000244140625,1309.4000244140625,1321.199951171875,61
3273,2013-09-25,1335.9000244140625,1335.9000244140625,1322.699951171875,1322.699951171875,51
3274,2013-09-26,1323.5999755859375,1338.300048828125,1323.5999755859375,1335.199951171875,13170
3275,2013-09-27,1338.4000244140625,1343.800048828125,1319.699951171875,1321.5,2990
3276,2013-09-30,1326.5,1350.9000244140625,1322.0,1345.800048828125,597
3277,2013-10-01,1286.0,1334.0,1284.5,1328.0,815
3278,2013-10-02,1320.5999755859375,1321.0,1280.0,1288.5,152
3279,2013-10-03,1317.4000244140625,1319.5,1302.5,1312.0,217
3280,2013-10-04,1309.699951171875,1318.0999755859375,1305.699951171875,1316.199951171875,38
3281,2013-10-07,1324.800048828125,1325.4000244140625,1311.800048828125,1313.800048828125,84
3282,2013-10-08,1324.199951171875,1330.0,1321.199951171875,1326.5,57
3283,2013-10-09,1306.9000244140625,1319.0,1295.300048828125,1317.5999755859375,140
3284,2013-10-10,1296.5999755859375,1310.800048828125,1285.0,1303.4000244140625,89
3285,2013-10-11,1268.0,1291.5999755859375,1263.800048828125,1286.9000244140625,210
3286,2013-10-14,1276.4000244140625,1285.800048828125,1273.9000244140625,1275.800048828125,61
3287,2013-10-15,1273.0,1283.5999755859375,1254.0999755859375,1270.5,208
3288,2013-10-16,1282.0,1284.0,1269.199951171875,1282.800048828125,86
3289,2013-10-17,1322.699951171875,1322.699951171875,1307.0,1307.0,72
3290,2013-10-18,1314.4000244140625,1326.0,1312.5999755859375,1318.800048828125,65
3291,2013-10-21,1315.699951171875,1317.699951171875,1315.699951171875,1316.800048828125,23
3292,2013-10-22,1342.5,1342.5999755859375,1313.9000244140625,1313.9000244140625,55
3293,2013-10-23,1333.9000244140625,1333.9000244140625,1331.9000244140625,1331.9000244140625,13
3294,2013-10-24,1350.199951171875,1350.199951171875,1334.5,1334.5,18
3295,2013-10-25,1352.4000244140625,1353.0,1346.199951171875,1346.199951171875,23
3296,2013-10-28,1352.0,1359.199951171875,1349.0,1351.4000244140625,23
3297,2013-10-29,1345.199951171875,1359.699951171875,1345.199951171875,1359.5999755859375,168
3298,2013-10-30,1349.0,1355.800048828125,1335.5999755859375,1340.800048828125,44
3299,2013-10-31,1323.5999755859375,1334.0,1321.699951171875,1334.0,62
3300,2013-11-01,1313.0999755859375,1325.699951171875,1308.0,1325.699951171875,21
3301,2013-11-04,1314.5999755859375,1320.5,1312.0999755859375,1314.5999755859375,39
3302,2013-11-05,1308.0,1317.5,1306.9000244140625,1313.300048828125,98
3303,2013-11-06,1317.699951171875,1318.5999755859375,1312.5,1313.5,11
3304,2013-11-07,1308.4000244140625,1323.5999755859375,1298.0,1323.5999755859375,129
3305,2013-11-08,1284.5,1308.0999755859375,1281.300048828125,1308.0,22
3306,2013-11-11,1281.0,1281.800048828125,1281.0,1281.5999755859375,5
3307,2013-11-12,1271.0999755859375,1282.300048828125,1271.0999755859375,1282.300048828125,3
3308,2013-11-13,1268.300048828125,1280.5,1268.300048828125,1274.0,17
3309,2013-11-14,1286.199951171875,1293.300048828125,1278.0999755859375,1280.199951171875,29
3310,2013-11-15,1287.300048828125,1288.5,1281.5,1287.699951171875,16
3311,2013-11-18,1272.199951171875,1284.800048828125,1272.199951171875,1284.699951171875,10
3312,2013-11-19,1273.4000244140625,1275.199951171875,1271.0,1274.199951171875,10
3313,2013-11-20,1257.9000244140625,1269.0,1241.9000244140625,1269.0,120
3314,2013-11-21,1243.5,1247.0999755859375,1236.5,1245.699951171875,90
3315,2013-11-22,1244.0,1247.0,1241.4000244140625,1243.199951171875,77
3316,2013-11-25,1241.0999755859375,1241.0999755859375,1229.0,1231.0999755859375,19
3317,2013-11-26,1241.4000244140625,1243.0,1241.4000244140625,1243.0,178417
3318,2013-11-27,1237.800048828125,1254.800048828125,1235.5,1241.5999755859375,82331
3319,2013-11-29,1250.5999755859375,1254.5,1233.699951171875,1237.800048828125,9203
3320,2013-12-02,1222.300048828125,1251.5,1217.800048828125,1251.4000244140625,4979
3321,2013-12-03,1221.699951171875,1225.699951171875,1215.5999755859375,1219.199951171875,1932
3322,2013-12-04,1248.199951171875,1250.4000244140625,1212.9000244140625,1225.0999755859375,1823
3323,2013-12-05,1233.199951171875,1241.5,1218.5999755859375,1240.0,446
3324,2013-12-06,1230.300048828125,1242.0,1213.0,1228.699951171875,1032
3325,2013-12-09,1235.300048828125,1243.199951171875,1229.0,1230.199951171875,352
3326,2013-12-10,1262.4000244140625,1267.0,1239.0,1239.0,882
3327,2013-12-11,1258.5,1261.9000244140625,1252.0999755859375,1261.9000244140625,147
3328,2013-12-12,1226.0,1255.4000244140625,1225.9000244140625,1253.5,609
3329,2013-12-13,1235.699951171875,1239.0,1222.199951171875,1226.699951171875,446
3330,2013-12-16,1245.5,1250.5999755859375,1228.9000244140625,1238.4000244140625,242
3331,2013-12-17,1231.199951171875,1240.4000244140625,1231.199951171875,1237.0,22
3332,2013-12-18,1236.0999755859375,1245.0999755859375,1217.0,1231.5,114
3333,2013-12-19,1195.0,1226.5999755859375,1188.699951171875,1226.5999755859375,124
3334,2013-12-20,1205.0999755859375,1207.800048828125,1190.9000244140625,1190.9000244140625,204
3335,2013-12-23,1198.4000244140625,1205.199951171875,1195.9000244140625,1205.199951171875,123
3336,2013-12-24,1205.0999755859375,1205.5999755859375,1197.699951171875,1199.800048828125,184
3337,2013-12-26,1214.0999755859375,1215.9000244140625,1207.0999755859375,1207.0999755859375,140
3338,2013-12-27,1216.0999755859375,1218.5,1212.9000244140625,1213.4000244140625,278
3339,2013-12-30,1203.0999755859375,1215.0,1194.4000244140625,1215.0,351
3340,2013-12-31,1201.9000244140625,1212.4000244140625,1182.0,1196.4000244140625,124
3341,2014-01-02,1225.0,1227.300048828125,1204.300048828125,1204.300048828125,209
3342,2014-01-03,1238.4000244140625,1239.0,1221.699951171875,1221.699951171875,142
3343,2014-01-06,1237.800048828125,1247.0,1221.9000244140625,1232.800048828125,127
3344,2014-01-07,1229.4000244140625,1242.4000244140625,1226.300048828125,1239.300048828125,73
3345,2014-01-08,1225.300048828125,1227.5,1218.5999755859375,1227.5,189
3346,2014-01-09,1229.300048828125,1229.300048828125,1225.800048828125,1225.800048828125,7
3347,2014-01-10,1246.699951171875,1246.800048828125,1234.0,1235.0,58
3348,2014-01-13,1250.9000244140625,1252.699951171875,1245.5,1250.5999755859375,46
3349,2014-01-14,1245.199951171875,1251.300048828125,1242.0,1251.0,37
3350,2014-01-15,1238.0999755859375,1243.199951171875,1238.0999755859375,1243.0999755859375,68
3351,2014-01-16,1240.0,1242.800048828125,1239.0,1239.300048828125,48
3352,2014-01-17,1251.699951171875,1254.300048828125,1239.699951171875,1239.699951171875,101
3353,2014-01-21,1242.300048828125,1257.5,1240.0,1256.4000244140625,224
3354,2014-01-22,1239.0,1242.0,1239.0,1241.699951171875,58
3355,2014-01-23,1262.5999755859375,1264.199951171875,1235.199951171875,1235.199951171875,40
3356,2014-01-24,1264.5,1269.4000244140625,1258.300048828125,1258.300048828125,38
3357,2014-01-27,1263.5999755859375,1264.4000244140625,1254.4000244140625,1259.800048828125,92
3358,2014-01-28,1251.0,1258.4000244140625,1251.0,1257.9000244140625,20
3359,2014-01-29,1262.199951171875,1262.199951171875,1262.199951171875,1262.199951171875,137028
3360,2014-01-30,1242.199951171875,1267.699951171875,1237.5,1267.0,45276
3361,2014-01-31,1240.0999755859375,1254.5,1238.4000244140625,1243.5999755859375,5820
3362,2014-02-03,1260.4000244140625,1266.300048828125,1241.199951171875,1242.4000244140625,2914
3363,2014-02-04,1251.699951171875,1260.699951171875,1247.800048828125,1258.4000244140625,1745
3364,2014-02-05,1257.300048828125,1273.699951171875,1253.0999755859375,1254.0,1616
3365,2014-02-06,1257.5999755859375,1267.0,1253.5,1258.0,274
3366,2014-02-07,1263.300048828125,1271.4000244140625,1257.9000244140625,1258.300048828125,436
3367,2014-02-10,1274.800048828125,1277.300048828125,1265.699951171875,1269.5999755859375,742
3368,2014-02-11,1290.0999755859375,1292.0,1273.800048828125,1274.0,562
3369,2014-02-12,1295.300048828125,1296.199951171875,1285.5,1290.5,140
3370,2014-02-13,1300.4000244140625,1303.5,1287.5,1293.300048828125,877
3371,2014-02-14,1319.0,1320.699951171875,1301.699951171875,1301.699951171875,308
3372,2014-02-18,1324.699951171875,1330.5999755859375,1313.9000244140625,1322.9000244140625,373
3373,2014-02-19,1320.5999755859375,1321.5999755859375,1309.0999755859375,1318.300048828125,193
3374,2014-02-20,1317.0999755859375,1323.5,1309.5999755859375,1310.699951171875,116
3375,2014-02-21,1323.9000244140625,1328.300048828125,1317.4000244140625,1320.0,171
3376,2014-02-24,1338.300048828125,1339.0,1321.4000244140625,1324.300048828125,93
3377,2014-02-25,1343.0,1343.9000244140625,1333.0999755859375,1336.4000244140625,290
3378,2014-02-26,1328.199951171875,1342.0,1325.5999755859375,1341.199951171875,485
3379,2014-02-27,1331.5999755859375,1335.0,1324.5999755859375,1329.300048828125,369
3380,2014-02-28,1321.4000244140625,1332.5999755859375,1321.0999755859375,1329.800048828125,239
3381,2014-03-03,1350.0999755859375,1354.0999755859375,1332.9000244140625,1335.9000244140625,232
3382,2014-03-04,1337.800048828125,1350.4000244140625,1332.199951171875,1350.4000244140625,80
3383,2014-03-05,1340.199951171875,1341.0,1334.800048828125,1334.800048828125,32
3384,2014-03-06,1351.699951171875,1351.699951171875,1333.300048828125,1338.0,59
3385,2014-03-07,1338.0999755859375,1352.699951171875,1329.199951171875,1349.5,97
3386,2014-03-10,1341.4000244140625,1344.699951171875,1330.5,1336.0,97
3387,2014-03-11,1346.5,1352.4000244140625,1338.0999755859375,1340.0,53
3388,2014-03-12,1370.300048828125,1370.5,1348.699951171875,1349.0999755859375,58
3389,2014-03-13,1372.199951171875,1374.5,1366.5,1366.800048828125,23
3390,2014-03-14,1379.0,1386.5999755859375,1371.0999755859375,1376.0999755859375,91
3391,2014-03-17,1372.9000244140625,1391.4000244140625,1372.199951171875,1386.0999755859375,29
3392,2014-03-18,1359.0,1361.800048828125,1353.4000244140625,1359.300048828125,35
3393,2014-03-19,1341.4000244140625,1358.0,1332.699951171875,1357.0999755859375,57
3394,2014-03-20,1330.5,1333.699951171875,1325.800048828125,1333.699951171875,72
3395,2014-03-21,1336.0,1339.0999755859375,1335.800048828125,1339.0999755859375,3
3396,2014-03-24,1311.199951171875,1333.0,1310.5,1333.0,103
3397,2014-03-25,1311.4000244140625,1315.5,1307.5,1315.5,46
3398,2014-03-26,1303.4000244140625,1315.199951171875,1303.4000244140625,1315.199951171875,4
3399,2014-03-27,1294.699951171875,1294.699951171875,1294.699951171875,1294.699951171875,185016
3400,2014-03-28,1293.800048828125,1299.4000244140625,1285.9000244140625,1292.199951171875,65486
3401,2014-03-31,1283.4000244140625,1298.800048828125,1282.4000244140625,1294.300048828125,4121
3402,2014-04-01,1279.5999755859375,1287.9000244140625,1277.300048828125,1285.0999755859375,884
3403,2014-04-02,1290.5,1294.0999755859375,1280.199951171875,1280.199951171875,1099
3404,2014-04-03,1284.4000244140625,1293.5,1282.699951171875,1290.800048828125,775
3405,2014-04-04,1303.199951171875,1306.0999755859375,1284.4000244140625,1285.5,976
3406,2014-04-07,1298.0,1304.0,1296.300048828125,1301.4000244140625,361
3407,2014-04-08,1308.699951171875,1314.0999755859375,1296.5999755859375,1296.5999755859375,264
3408,2014-04-09,1305.5,1313.5999755859375,1301.0999755859375,1309.5,191
3409,2014-04-10,1320.0999755859375,1323.800048828125,1311.199951171875,1311.800048828125,127
3410,2014-04-11,1318.699951171875,1322.800048828125,1316.300048828125,1319.0,76
3411,2014-04-14,1327.199951171875,1330.0,1320.0999755859375,1320.0999755859375,328
3412,2014-04-15,1300.0,1322.699951171875,1291.5,1322.699951171875,238
3413,2014-04-16,1303.0999755859375,1303.5,1295.0,1302.699951171875,177
3414,2014-04-17,1293.4000244140625,1303.0,1292.5,1300.0999755859375,124
3415,2014-04-21,1288.0,1299.199951171875,1283.800048828125,1290.0,100
3416,2014-04-22,1280.5999755859375,1291.5999755859375,1276.0,1289.199951171875,100
3417,2014-04-23,1284.199951171875,1287.699951171875,1282.4000244140625,1284.300048828125,176
3418,2014-04-24,1290.5,1297.9000244140625,1272.4000244140625,1284.5999755859375,522
3419,2014-04-25,1300.699951171875,1304.5999755859375,1293.800048828125,1293.800048828125,274
3420,2014-04-28,1298.9000244140625,1305.4000244140625,1293.0,1305.4000244140625,388
3421,2014-04-29,1296.0,1300.5,1289.0999755859375,1295.5,904
3422,2014-04-30,1295.5999755859375,1296.5,1286.5999755859375,1296.0,181
3423,2014-05-01,1283.0999755859375,1288.699951171875,1278.0,1288.699951171875,25
3424,2014-05-02,1302.5999755859375,1302.699951171875,1276.699951171875,1276.699951171875,90
3425,2014-05-05,1309.0,1314.199951171875,1305.5,1305.5999755859375,31
3426,2014-05-06,1308.300048828125,1309.4000244140625,1306.9000244140625,1309.4000244140625,14
3427,2014-05-07,1288.5999755859375,1312.0,1288.0,1310.300048828125,21
3428,2014-05-08,1287.4000244140625,1291.5,1285.5,1291.5,65
3429,2014-05-09,1287.300048828125,1287.300048828125,1287.300048828125,1287.300048828125,3
3430,2014-05-12,1295.5999755859375,1295.9000244140625,1281.199951171875,1282.0999755859375,19
3431,2014-05-13,1294.5999755859375,1295.5,1292.0,1295.5,20
3432,2014-05-14,1305.699951171875,1306.9000244140625,1292.800048828125,1292.800048828125,25
3433,2014-05-15,1293.5,1302.5,1292.800048828125,1302.5,27
3434,2014-05-16,1293.300048828125,1293.300048828125,1293.300048828125,1293.300048828125,8
3435,2014-05-19,1293.699951171875,1293.699951171875,1293.699951171875,1293.699951171875,44
3436,2014-05-20,1294.5,1294.5,1290.0999755859375,1290.699951171875,8
3437,2014-05-21,1288.0,1288.0,1287.4000244140625,1287.4000244140625,2
3438,2014-05-22,1294.9000244140625,1295.0,1294.199951171875,1294.199951171875,4
3439,2014-05-23,1291.5999755859375,1293.4000244140625,1291.5999755859375,1293.199951171875,3
3440,2014-05-27,1265.4000244140625,1291.9000244140625,1265.4000244140625,1291.9000244140625,25
3441,2014-05-28,1259.300048828125,1259.300048828125,1259.300048828125,1259.300048828125,168825
3442,2014-05-29,1256.300048828125,1260.5999755859375,1250.9000244140625,1258.300048828125,38045
3443,2014-05-30,1245.5999755859375,1259.5999755859375,1241.800048828125,1255.0999755859375,3839
3444,2014-06-02,1243.699951171875,1250.699951171875,1240.9000244140625,1250.0,774
3445,2014-06-03,1244.300048828125,1247.5,1240.5,1244.0999755859375,654
3446,2014-06-04,1244.0,1248.800048828125,1242.699951171875,1245.0999755859375,604
3447,2014-06-05,1253.0,1256.5999755859375,1241.199951171875,1244.0,1317
3448,2014-06-06,1252.0999755859375,1256.5999755859375,1246.300048828125,1253.4000244140625,381
3449,2014-06-09,1253.5,1256.0999755859375,1252.5999755859375,1252.699951171875,97
3450,2014-06-10,1259.800048828125,1262.300048828125,1251.0,1252.4000244140625,1007
3451,2014-06-11,1260.800048828125,1264.4000244140625,1259.0999755859375,1259.9000244140625,128
3452,2014-06-12,1273.5999755859375,1274.5,1260.0,1260.0,129
3453,2014-06-13,1273.699951171875,1274.699951171875,1271.300048828125,1272.5,145
3454,2014-06-16,1274.9000244140625,1282.0999755859375,1270.800048828125,1279.800048828125,334
3455,2014-06-17,1271.699951171875,1272.800048828125,1260.9000244140625,1272.800048828125,819
3456,2014-06-18,1272.4000244140625,1272.699951171875,1267.4000244140625,1269.9000244140625,143
3457,2014-06-19,1313.699951171875,1321.0,1277.199951171875,1277.199951171875,601
3458,2014-06-20,1316.199951171875,1321.4000244140625,1306.800048828125,1321.4000244140625,254
3459,2014-06-23,1318.0,1318.0,1312.300048828125,1312.300048828125,142
3460,2014-06-24,1320.9000244140625,1325.5999755859375,1315.5999755859375,1315.5999755859375,223
3461,2014-06-25,1322.199951171875,1323.4000244140625,1312.0,1315.300048828125,294
3462,2014-06-26,1316.0999755859375,1319.5999755859375,1312.4000244140625,1319.5999755859375,1204
3463,2014-06-27,1319.0,1320.9000244140625,1313.300048828125,1317.4000244140625,625
3464,2014-06-30,1321.800048828125,1328.699951171875,1311.800048828125,1315.300048828125,744
3465,2014-07-01,1326.4000244140625,1331.4000244140625,1326.199951171875,1326.699951171875,51
3466,2014-07-02,1330.699951171875,1330.699951171875,1326.800048828125,1326.800048828125,226
3467,2014-07-03,1320.4000244140625,1327.699951171875,1313.0,1327.300048828125,40
3468,2014-07-07,1316.5,1320.300048828125,1313.199951171875,1318.699951171875,93
3469,2014-07-08,1316.0,1323.5,1316.0,1318.4000244140625,6
3470,2014-07-09,1323.800048828125,1330.4000244140625,1323.800048828125,1324.0,16
3471,2014-07-10,1338.699951171875,1343.699951171875,1328.0,1330.5,28
3472,2014-07-11,1337.0,1339.0,1336.199951171875,1337.9000244140625,112
3473,2014-07-14,1306.300048828125,1332.800048828125,1304.699951171875,1332.800048828125,103
3474,2014-07-15,1296.9000244140625,1311.9000244140625,1294.0999755859375,1307.4000244140625,368
3475,2014-07-16,1299.5999755859375,1303.0999755859375,1296.9000244140625,1298.4000244140625,34
3476,2014-07-17,1316.699951171875,1323.800048828125,1303.0999755859375,1303.0999755859375,16
3477,2014-07-18,1309.199951171875,1322.699951171875,1306.199951171875,1322.699951171875,27
3478,2014-07-21,1313.699951171875,1315.5,1311.0,1311.0,18
3479,2014-07-22,1306.0999755859375,1306.0999755859375,1306.0999755859375,1306.0999755859375,2
3480,2014-07-23,1304.5,1304.5,1304.5,1304.5,0
3481,2014-07-24,1290.5999755859375,1297.5,1290.5999755859375,1297.5,1
3482,2014-07-25,1303.0999755859375,1303.0999755859375,1294.800048828125,1294.800048828125,8
3483,2014-07-28,1303.300048828125,1308.0,1303.300048828125,1307.4000244140625,52
3484,2014-07-29,1298.300048828125,1310.9000244140625,1298.300048828125,1310.9000244140625,181554
3485,2014-07-30,1294.9000244140625,1303.0,1291.0,1298.5999755859375,36189
3486,2014-07-31,1281.300048828125,1297.300048828125,1280.5999755859375,1295.0999755859375,5663
3487,2014-08-01,1293.5999755859375,1296.5999755859375,1279.699951171875,1284.0999755859375,1985
3488,2014-08-04,1287.699951171875,1295.0,1285.9000244140625,1294.4000244140625,917
3489,2014-08-05,1284.0,1292.699951171875,1282.5999755859375,1288.0,825
3490,2014-08-06,1306.699951171875,1309.0,1287.800048828125,1288.0999755859375,706
3491,2014-08-07,1310.800048828125,1313.0999755859375,1302.5,1305.300048828125,225
3492,2014-08-08,1308.9000244140625,1321.4000244140625,1308.0,1310.800048828125,586
3493,2014-08-11,1308.5,1309.699951171875,1305.300048828125,1308.4000244140625,194
3494,2014-08-12,1308.800048828125,1315.800048828125,1305.800048828125,1306.199951171875,438
3495,2014-08-13,1312.800048828125,1312.800048828125,1305.0,1308.800048828125,238
3496,2014-08-14,1313.9000244140625,1316.4000244140625,1309.699951171875,1311.800048828125,320
3497,2014-08-15,1304.5,1312.800048828125,1292.0,1311.699951171875,199
3498,2014-08-18,1297.699951171875,1302.0999755859375,1295.699951171875,1301.4000244140625,100
3499,2014-08-19,1295.0999755859375,1301.5999755859375,1294.0,1298.800048828125,144
3500,2014-08-20,1293.4000244140625,1295.800048828125,1288.4000244140625,1295.4000244140625,332
3501,2014-08-21,1273.699951171875,1290.0,1272.0,1290.0,264
3502,2014-08-22,1278.5999755859375,1280.0,1275.0,1276.0,119
3503,2014-08-25,1277.300048828125,1277.5999755859375,1273.699951171875,1277.300048828125,251
3504,2014-08-26,1283.800048828125,1289.5,1281.0999755859375,1289.4000244140625,74
3505,2014-08-27,1281.9000244140625,1282.300048828125,1281.5,1281.5,783
3506,2014-08-28,1288.699951171875,1293.699951171875,1284.300048828125,1284.5,817
3507,2014-08-29,1285.800048828125,1289.699951171875,1284.800048828125,1289.5,116
3508,2014-09-02,1263.699951171875,1286.4000244140625,1262.5,1284.5,280
3509,2014-09-03,1268.9000244140625,1271.0999755859375,1263.0999755859375,1266.300048828125,279
3510,2014-09-04,1265.0999755859375,1272.699951171875,1260.4000244140625,1268.699951171875,290
3511,2014-09-05,1265.800048828125,1268.0999755859375,1263.199951171875,1263.199951171875,123
3512,2014-09-08,1252.699951171875,1268.4000244140625,1252.699951171875,1268.4000244140625,2
3513,2014-09-09,1246.800048828125,1246.800048828125,1246.800048828125,1246.800048828125,0
3514,2014-09-10,1243.5,1256.699951171875,1243.5,1256.699951171875,95
3515,2014-09-11,1237.4000244140625,1237.4000244140625,1237.4000244140625,1237.4000244140625,0
3516,2014-09-12,1229.9000244140625,1229.9000244140625,1227.0,1227.0,47
3517,2014-09-15,1233.5999755859375,1235.0,1226.699951171875,1226.699951171875,21
3518,2014-09-16,1235.199951171875,1238.300048828125,1235.199951171875,1238.300048828125,3
3519,2014-09-17,1234.4000244140625,1236.199951171875,1221.9000244140625,1236.199951171875,10
3520,2014-09-18,1225.699951171875,1225.699951171875,1216.199951171875,1216.199951171875,5
3521,2014-09-19,1215.300048828125,1218.300048828125,1215.300048828125,1218.300048828125,4
3522,2014-09-22,1216.800048828125,1216.800048828125,1212.4000244140625,1214.9000244140625,7
3523,2014-09-23,1221.0,1221.0,1221.0,1221.0,5
3524,2014-09-24,1218.5999755859375,1218.5999755859375,1216.800048828125,1218.5999755859375,2
3525,2014-09-25,1221.199951171875,1221.199951171875,1209.5,1209.5,11
3526,2014-09-26,1214.0999755859375,1214.0999755859375,1214.0999755859375,1214.0999755859375,19497
3527,2014-09-29,1217.5,1222.199951171875,1214.800048828125,1216.300048828125,6344
3528,2014-09-30,1210.5,1218.199951171875,1204.0,1214.800048828125,680
3529,2014-10-01,1214.5999755859375,1217.800048828125,1205.5,1207.699951171875,178
3530,2014-10-02,1214.199951171875,1219.5,1210.300048828125,1215.300048828125,176
3531,2014-10-03,1192.199951171875,1212.4000244140625,1191.0,1212.4000244140625,499
3532,2014-10-06,1206.699951171875,1208.0,1182.800048828125,1187.699951171875,415
3533,2014-10-07,1211.699951171875,1211.699951171875,1205.300048828125,1209.0999755859375,272
3534,2014-10-08,1205.300048828125,1217.9000244140625,1205.300048828125,1210.199951171875,9
3535,2014-10-09,1224.5999755859375,1229.0,1223.9000244140625,1223.9000244140625,19
3536,2014-10-10,1221.0,1223.5,1217.0,1223.5,186
3537,2014-10-13,1229.300048828125,1234.0,1227.0,1229.800048828125,103
3538,2014-10-14,1233.5999755859375,1235.9000244140625,1233.5999755859375,1235.9000244140625,73
3539,2014-10-15,1244.0999755859375,1247.0,1243.699951171875,1243.699951171875,250
3540,2014-10-16,1240.5,1243.0,1236.699951171875,1242.0999755859375,6
3541,2014-10-17,1238.300048828125,1238.300048828125,1232.5999755859375,1237.4000244140625,356
3542,2014-10-20,1244.0,1244.0,1235.4000244140625,1237.300048828125,105
3543,2014-10-21,1251.0,1251.0,1251.0,1251.0,48
3544,2014-10-22,1244.800048828125,1244.800048828125,1244.800048828125,1244.800048828125,2
3545,2014-10-23,1228.5,1228.5,1227.9000244140625,1228.0,2
3546,2014-10-24,1231.199951171875,1232.699951171875,1229.4000244140625,1229.4000244140625,71
3547,2014-10-27,1229.0999755859375,1230.199951171875,1227.300048828125,1230.199951171875,282
3548,2014-10-28,1229.199951171875,1231.0,1224.699951171875,1224.9000244140625,46
3549,2014-10-29,1224.300048828125,1224.300048828125,1224.300048828125,1224.300048828125,631
3550,2014-10-30,1198.0999755859375,1214.699951171875,1195.800048828125,1213.699951171875,521
3551,2014-10-31,1171.0999755859375,1199.699951171875,1161.4000244140625,1199.5999755859375,260
3552,2014-11-03,1169.4000244140625,1172.300048828125,1163.0999755859375,1166.4000244140625,60
3553,2014-11-04,1167.4000244140625,1171.0,1165.0,1166.9000244140625,40
3554,2014-11-05,1145.4000244140625,1168.699951171875,1137.800048828125,1168.0999755859375,157
3555,2014-11-06,1142.300048828125,1147.5,1137.9000244140625,1141.0999755859375,137
3556,2014-11-07,1169.5999755859375,1169.699951171875,1133.0,1139.9000244140625,97
3557,2014-11-10,1159.5999755859375,1171.0,1150.699951171875,1171.0,40
3558,2014-11-11,1162.800048828125,1170.5,1151.5999755859375,1155.0,22
3559,2014-11-12,1158.9000244140625,1168.0999755859375,1157.5,1162.5,17
3560,2014-11-13,1161.0999755859375,1164.5,1155.0,1163.699951171875,1047
3561,2014-11-14,1185.0,1191.0,1148.0,1155.199951171875,486
3562,2014-11-17,1183.0,1186.9000244140625,1180.5999755859375,1183.0999755859375,17
3563,2014-11-18,1196.699951171875,1197.0999755859375,1193.9000244140625,1197.0999755859375,2
3564,2014-11-19,1193.5999755859375,1198.300048828125,1190.5999755859375,1196.5,23
3565,2014-11-20,1190.699951171875,1191.9000244140625,1190.699951171875,1191.800048828125,3
3566,2014-11-21,1197.5,1202.4000244140625,1189.0,1191.0,20
3567,2014-11-24,1195.5,1197.9000244140625,1195.5,1197.699951171875,17
3568,2014-11-25,1197.0999755859375,1197.0999755859375,1197.0999755859375,1197.0999755859375,210753
3569,2014-11-26,1196.5999755859375,1201.0,1193.699951171875,1200.5,75297
3570,2014-11-28,1175.199951171875,1198.199951171875,1163.800048828125,1197.0,11175
3571,2014-12-01,1218.0,1220.4000244140625,1141.699951171875,1160.0,5524
3572,2014-12-02,1199.199951171875,1212.300048828125,1191.300048828125,1212.300048828125,1236
3573,2014-12-03,1208.5,1213.699951171875,1196.0999755859375,1198.0999755859375,440
3574,2014-12-04,1207.5,1213.0,1201.5999755859375,1208.199951171875,358
3575,2014-12-05,1190.0999755859375,1206.0,1186.699951171875,1203.0999755859375,560
3576,2014-12-08,1194.699951171875,1207.0,1187.199951171875,1190.5999755859375,183
3577,2014-12-09,1231.5,1238.0,1202.0,1202.0,314
3578,2014-12-10,1228.9000244140625,1234.5999755859375,1226.5999755859375,1231.199951171875,306
3579,2014-12-11,1225.0999755859375,1231.199951171875,1216.199951171875,1226.5999755859375,264
3580,2014-12-12,1222.0,1227.800048828125,1216.199951171875,1227.800048828125,203
3581,2014-12-15,1207.199951171875,1223.0999755859375,1198.4000244140625,1223.0999755859375,77
3582,2014-12-16,1193.9000244140625,1222.0,1192.699951171875,1197.199951171875,223
3583,2014-12-17,1194.300048828125,1199.5999755859375,1184.0,1198.199951171875,94
3584,2014-12-18,1194.699951171875,1207.300048828125,1189.699951171875,1189.699951171875,197
3585,2014-12-19,1195.9000244140625,1200.800048828125,1195.9000244140625,1198.0,96
3586,2014-12-22,1179.699951171875,1198.0,1172.699951171875,1198.0,223
3587,2014-12-23,1177.9000244140625,1180.300048828125,1175.0,1179.300048828125,232
3588,2014-12-24,1173.5,1179.300048828125,1173.5,1177.0,23
3589,2014-12-26,1195.300048828125,1195.300048828125,1177.199951171875,1177.199951171875,124
3590,2014-12-29,1181.699951171875,1186.5,1181.300048828125,1186.5,180
3591,2014-12-30,1200.199951171875,1210.300048828125,1181.4000244140625,1181.4000244140625,191
3592,2014-12-31,1183.9000244140625,1199.199951171875,1182.699951171875,1199.199951171875,92
3593,2015-01-02,1186.0,1194.5,1169.5,1184.0,138
3594,2015-01-05,1203.9000244140625,1206.9000244140625,1180.0999755859375,1180.300048828125,470
3595,2015-01-06,1219.300048828125,1220.0,1203.5,1203.5,97
3596,2015-01-07,1210.5999755859375,1219.199951171875,1210.5999755859375,1219.199951171875,29
3597,2015-01-08,1208.4000244140625,1215.699951171875,1206.300048828125,1207.0,92
3598,2015-01-09,1216.0,1220.199951171875,1210.300048828125,1211.0999755859375,43
3599,2015-01-12,1232.699951171875,1234.4000244140625,1219.0999755859375,1224.199951171875,100
3600,2015-01-13,1234.300048828125,1239.300048828125,1230.300048828125,1239.199951171875,20
3601,2015-01-14,1234.4000244140625,1243.800048828125,1225.5999755859375,1229.5999755859375,21
3602,2015-01-15,1264.699951171875,1265.0,1227.300048828125,1231.5,130
3603,2015-01-16,1276.9000244140625,1279.699951171875,1256.0999755859375,1256.0999755859375,44
3604,2015-01-20,1294.199951171875,1297.300048828125,1273.800048828125,1278.9000244140625,157
3605,2015-01-21,1293.699951171875,1303.5,1286.699951171875,1295.199951171875,78
3606,2015-01-22,1300.699951171875,1302.0999755859375,1283.5,1293.199951171875,131
3607,2015-01-23,1292.5999755859375,1299.800048828125,1292.5999755859375,1299.800048828125,23
3608,2015-01-26,1279.4000244140625,1290.5999755859375,1279.4000244140625,1289.5,26
3609,2015-01-27,1291.699951171875,1291.699951171875,1277.199951171875,1277.199951171875,20
3610,2015-01-28,1285.9000244140625,1286.800048828125,1285.9000244140625,1285.9000244140625,180387
3611,2015-01-29,1254.5999755859375,1285.4000244140625,1251.0,1283.300048828125,67983
3612,2015-01-30,1278.5,1284.300048828125,1257.0,1258.0,8626
3613,2015-02-02,1276.199951171875,1284.0999755859375,1266.0,1284.0999755859375,1654
3614,2015-02-03,1259.699951171875,1284.699951171875,1255.300048828125,1273.5,2380
3615,2015-02-04,1263.800048828125,1271.5999755859375,1256.800048828125,1262.0,668
3616,2015-02-05,1262.0,1272.5999755859375,1257.800048828125,1271.800048828125,133
3617,2015-02-06,1233.9000244140625,1267.5999755859375,1228.0,1265.0,432
3618,2015-02-09,1240.800048828125,1242.300048828125,1235.4000244140625,1237.5,319
3619,2015-02-10,1231.5999755859375,1245.0,1231.199951171875,1237.5,231
3620,2015-02-11,1219.0,1237.4000244140625,1219.0,1233.300048828125,102
3621,2015-02-12,1220.0999755859375,1229.800048828125,1217.9000244140625,1217.9000244140625,99
3622,2015-02-13,1226.5,1232.800048828125,1222.199951171875,1222.199951171875,65
3623,2015-02-17,1208.0999755859375,1234.0,1203.0,1227.699951171875,204
3624,2015-02-18,1199.699951171875,1210.199951171875,1197.800048828125,1207.0999755859375,147
3625,2015-02-19,1207.0999755859375,1220.0,1205.0,1216.5,65
3626,2015-02-20,1204.4000244140625,1213.0999755859375,1199.0999755859375,1206.5,51
3627,2015-02-23,1200.300048828125,1203.300048828125,1191.5999755859375,1201.300048828125,268
3628,2015-02-24,1196.9000244140625,1203.5,1193.800048828125,1203.4000244140625,151
3629,2015-02-25,1201.0,1204.5999755859375,1201.0,1204.300048828125,570
3630,2015-02-26,1209.5999755859375,1219.0,1204.800048828125,1204.800048828125,560
3631,2015-02-27,1212.5999755859375,1217.800048828125,1204.5,1207.699951171875,195
3632,2015-03-02,1207.699951171875,1222.699951171875,1204.9000244140625,1214.300048828125,124
3633,2015-03-03,1204.0,1212.0,1195.0,1201.5,51
3634,2015-03-04,1200.5999755859375,1206.9000244140625,1198.0,1204.800048828125,27
3635,2015-03-05,1195.9000244140625,1205.4000244140625,1195.9000244140625,1201.699951171875,29
3636,2015-03-06,1164.0999755859375,1195.699951171875,1163.699951171875,1195.0,168
3637,2015-03-09,1166.4000244140625,1174.199951171875,1166.300048828125,1169.4000244140625,45
3638,2015-03-10,1160.0999755859375,1168.4000244140625,1156.5,1166.4000244140625,94
3639,2015-03-11,1150.699951171875,1162.0,1147.699951171875,1162.0,74
3640,2015-03-12,1152.0999755859375,1160.5,1149.699951171875,1155.4000244140625,63
3641,2015-03-13,1152.5999755859375,1159.199951171875,1152.5999755859375,1158.199951171875,44
3642,2015-03-16,1153.300048828125,1162.300048828125,1150.0999755859375,1159.699951171875,56
3643,2015-03-17,1148.300048828125,1158.199951171875,1144.300048828125,1153.5999755859375,71
3644,2015-03-18,1151.4000244140625,1174.300048828125,1147.0,1148.699951171875,112
3645,2015-03-19,1169.0999755859375,1171.5999755859375,1159.300048828125,1171.5999755859375,39
3646,2015-03-20,1184.800048828125,1185.4000244140625,1171.0,1171.0,54
3647,2015-03-23,1188.0,1188.0,1181.199951171875,1181.5999755859375,5
3648,2015-03-24,1191.699951171875,1193.0,1186.0,1188.0,411
3649,2015-03-25,1197.300048828125,1199.199951171875,1192.5,1192.5,11
3650,2015-03-26,1205.0999755859375,1213.699951171875,1198.199951171875,1198.199951171875,68
3651,2015-03-27,1199.800048828125,1199.800048828125,1196.300048828125,1197.0,172260
3652,2015-03-30,1184.800048828125,1198.5,1181.5999755859375,1198.0,37990
3653,2015-03-31,1183.0999755859375,1190.0999755859375,1178.199951171875,1185.800048828125,3409
3654,2015-04-01,1208.0999755859375,1208.199951171875,1181.0,1182.9000244140625,1632
3655,2015-04-02,1200.9000244140625,1205.699951171875,1194.800048828125,1204.0,1684
3656,2015-04-06,1218.5999755859375,1224.199951171875,1209.9000244140625,1209.9000244140625,343
3657,2015-04-07,1210.5999755859375,1214.800048828125,1208.199951171875,1214.800048828125,406
3658,2015-04-08,1203.0999755859375,1211.4000244140625,1197.5999755859375,1208.9000244140625,236
3659,2015-04-09,1193.5999755859375,1202.5,1193.0,1201.699951171875,521
3660,2015-04-10,1204.5999755859375,1209.5999755859375,1195.800048828125,1195.800048828125,202
3661,2015-04-13,1199.300048828125,1208.0999755859375,1198.300048828125,1208.0999755859375,424
3662,2015-04-14,1192.800048828125,1200.5999755859375,1184.0999755859375,1198.800048828125,546
3663,2015-04-15,1201.5,1203.0999755859375,1188.5999755859375,1194.5999755859375,196
3664,2015-04-16,1198.0,1208.5,1194.5999755859375,1204.300048828125,199
3665,2015-04-17,1202.9000244140625,1206.0,1200.199951171875,1200.199951171875,21
3666,2015-04-20,1193.5,1206.9000244140625,1191.0,1205.699951171875,67
3667,2015-04-21,1202.9000244140625,1202.9000244140625,1192.800048828125,1193.199951171875,33
3668,2015-04-22,1186.9000244140625,1202.5999755859375,1185.199951171875,1199.0999755859375,93
3669,2015-04-23,1194.4000244140625,1197.0,1186.0999755859375,1187.199951171875,331
3670,2015-04-24,1175.199951171875,1194.699951171875,1174.5999755859375,1192.300048828125,52
3671,2015-04-27,1203.300048828125,1206.699951171875,1181.4000244140625,1182.300048828125,194
3672,2015-04-28,1214.0,1214.0,1199.699951171875,1199.699951171875,401
3673,2015-04-29,1209.800048828125,1212.5999755859375,1201.9000244140625,1211.199951171875,114
3674,2015-04-30,1182.4000244140625,1205.9000244140625,1176.699951171875,1203.0999755859375,143
3675,2015-05-01,1174.5,1178.0999755859375,1170.0,1178.0999755859375,23
3676,2015-05-04,1186.800048828125,1189.4000244140625,1177.5,1177.5,38
3677,2015-05-05,1193.199951171875,1198.699951171875,1186.9000244140625,1187.5,48
3678,2015-05-06,1190.300048828125,1194.5999755859375,1189.9000244140625,1194.5,14
3679,2015-05-07,1182.4000244140625,1186.0,1179.699951171875,1181.5,44
3680,2015-05-08,1189.0999755859375,1189.0999755859375,1182.9000244140625,1183.300048828125,51
3681,2015-05-11,1183.199951171875,1190.5,1179.300048828125,1189.699951171875,26
3682,2015-05-12,1192.5999755859375,1194.800048828125,1189.699951171875,1194.5999755859375,10
3683,2015-05-13,1218.4000244140625,1218.4000244140625,1191.0,1192.699951171875,34
3684,2015-05-14,1225.4000244140625,1225.5999755859375,1214.5,1214.5,35
3685,2015-05-15,1225.5,1225.5,1214.800048828125,1218.5,12
3686,2015-05-18,1227.800048828125,1228.0999755859375,1222.5999755859375,1224.5,8
3687,2015-05-19,1206.9000244140625,1223.9000244140625,1206.0,1223.9000244140625,9
3688,2015-05-20,1208.9000244140625,1210.800048828125,1205.0999755859375,1205.0999755859375,11
3689,2015-05-21,1204.4000244140625,1204.5,1203.699951171875,1204.5,43
3690,2015-05-22,1204.300048828125,1211.9000244140625,1204.300048828125,1211.5999755859375,8
3691,2015-05-26,1187.199951171875,1193.5999755859375,1186.0,1193.5999755859375,40
3692,2015-05-27,1185.9000244140625,1185.9000244140625,1185.9000244140625,1185.9000244140625,200216
3693,2015-05-28,1188.0999755859375,1192.0,1179.5999755859375,1187.0999755859375,52705
3694,2015-05-29,1189.4000244140625,1193.300048828125,1185.699951171875,1187.800048828125,4748
3695,2015-06-01,1188.300048828125,1204.0,1184.300048828125,1190.5999755859375,1236
3696,2015-06-02,1194.0999755859375,1194.300048828125,1186.0,1189.0,1003
3697,2015-06-03,1184.699951171875,1193.9000244140625,1179.0999755859375,1193.9000244140625,630
3698,2015-06-04,1174.9000244140625,1185.300048828125,1173.0,1184.9000244140625,447
3699,2015-06-05,1167.800048828125,1177.300048828125,1164.0,1176.4000244140625,390
3700,2015-06-08,1173.199951171875,1176.0999755859375,1169.0999755859375,1169.5,173
3701,2015-06-09,1177.300048828125,1180.300048828125,1172.699951171875,1172.9000244140625,144
3702,2015-06-10,1186.0999755859375,1190.0999755859375,1175.5999755859375,1176.0999755859375,295
3703,2015-06-11,1179.9000244140625,1183.199951171875,1174.4000244140625,1183.199951171875,69
3704,2015-06-12,1178.800048828125,1181.199951171875,1176.199951171875,1180.4000244140625,141
3705,2015-06-15,1185.300048828125,1188.5,1172.699951171875,1179.9000244140625,102
3706,2015-06-16,1180.5,1186.5,1175.9000244140625,1186.5,29
3707,2015-06-17,1176.4000244140625,1186.300048828125,1174.9000244140625,1177.5999755859375,168
3708,2015-06-18,1201.5,1202.0,1183.4000244140625,1183.4000244140625,130
3709,2015-06-19,1201.5,1203.0999755859375,1199.699951171875,1199.699951171875,142
3710,2015-06-22,1183.699951171875,1197.800048828125,1182.699951171875,1197.800048828125,30
3711,2015-06-23,1176.199951171875,1186.0,1176.199951171875,1183.800048828125,60
3712,2015-06-24,1172.5999755859375,1176.5999755859375,1170.699951171875,1176.5999755859375,263
3713,2015-06-25,1171.5,1175.9000244140625,1171.5,1175.800048828125,95
3714,2015-06-26,1172.9000244140625,1172.9000244140625,1170.5,1170.5,308
3715,2015-06-29,1178.5,1186.0,1173.800048828125,1185.0999755859375,174
3716,2015-06-30,1171.5,1176.4000244140625,1166.5999755859375,1176.300048828125,223
3717,2015-07-01,1169.0,1173.0999755859375,1166.5999755859375,1173.0999755859375,455
3718,2015-07-02,1163.0,1168.0999755859375,1155.5,1166.4000244140625,316
3719,2015-07-06,1172.9000244140625,1173.0,1162.199951171875,1171.0999755859375,634
3720,2015-07-07,1152.4000244140625,1166.800048828125,1149.5,1166.800048828125,469
3721,2015-07-08,1163.300048828125,1163.300048828125,1146.4000244140625,1152.5999755859375,65
3722,2015-07-09,1159.0,1163.5999755859375,1154.800048828125,1154.800048828125,65
3723,2015-07-10,1157.699951171875,1161.4000244140625,1157.5,1160.0999755859375,27
3724,2015-07-13,1155.199951171875,1159.0,1151.199951171875,1159.0,14
3725,2015-07-14,1153.300048828125,1157.199951171875,1153.0,1157.199951171875,39
3726,2015-07-15,1147.199951171875,1154.0,1144.800048828125,1154.0,15
3727,2015-07-16,1143.800048828125,1146.199951171875,1142.9000244140625,1146.199951171875,14
3728,2015-07-17,1131.800048828125,1144.0,1130.199951171875,1144.0,120
3729,2015-07-20,1106.699951171875,1130.699951171875,1095.0999755859375,1130.4000244140625,189
3730,2015-07-21,1103.4000244140625,1106.4000244140625,1097.0999755859375,1097.0999755859375,118
3731,2015-07-22,1091.4000244140625,1095.0,1086.0,1093.0,46
3732,2015-07-23,1094.0,1097.5999755859375,1087.800048828125,1097.4000244140625,64
3733,2015-07-24,1085.5999755859375,1100.699951171875,1078.5999755859375,1078.5999755859375,52
3734,2015-07-27,1096.5,1102.5,1093.9000244140625,1100.0,19
3735,2015-07-28,1096.300048828125,1097.699951171875,1096.300048828125,1097.199951171875,31
3736,2015-07-29,1092.699951171875,1096.9000244140625,1092.699951171875,1096.4000244140625,159142
3737,2015-07-30,1088.4000244140625,1097.5,1081.0,1096.0999755859375,49298
3738,2015-07-31,1094.9000244140625,1102.800048828125,1079.0999755859375,1087.699951171875,5700
3739,2015-08-03,1089.4000244140625,1097.0999755859375,1085.0,1095.5,2418
3740,2015-08-04,1090.699951171875,1093.9000244140625,1080.5,1085.0999755859375,1139
3741,2015-08-05,1085.699951171875,1090.5999755859375,1082.5,1086.5,1207
3742,2015-08-06,1090.199951171875,1092.199951171875,1083.5999755859375,1084.4000244140625,269
3743,2015-08-07,1094.0999755859375,1098.300048828125,1081.699951171875,1088.9000244140625,614
3744,2015-08-10,1104.199951171875,1107.5999755859375,1089.5,1093.199951171875,900
3745,2015-08-11,1107.5999755859375,1116.699951171875,1094.0,1103.800048828125,997
3746,2015-08-12,1123.199951171875,1124.5,1101.5,1106.0,797
3747,2015-08-13,1115.699951171875,1124.300048828125,1113.0,1124.300048828125,441
3748,2015-08-14,1112.9000244140625,1118.800048828125,1112.5,1113.9000244140625,908
3749,2015-08-17,1118.5999755859375,1122.0,1113.800048828125,1113.800048828125,399
3750,2015-08-18,1117.0999755859375,1118.4000244140625,1110.0,1118.199951171875,475
3751,2015-08-19,1128.0999755859375,1134.300048828125,1116.800048828125,1117.0,348
3752,2015-08-20,1153.0,1153.300048828125,1132.800048828125,1132.800048828125,409
3753,2015-08-21,1159.5999755859375,1166.5,1150.5,1154.0999755859375,261
3754,2015-08-24,1153.4000244140625,1169.0,1147.5,1164.0,299
3755,2015-08-25,1138.199951171875,1155.5,1134.0,1151.5,217
3756,2015-08-26,1124.5999755859375,1143.0,1119.5999755859375,1139.199951171875,116
3757,2015-08-27,1122.4000244140625,1127.4000244140625,1118.4000244140625,1127.199951171875,564
3758,2015-08-28,1133.0999755859375,1139.0,1123.5999755859375,1125.300048828125,279
3759,2015-08-31,1131.5999755859375,1134.0,1124.800048828125,1131.0999755859375,194
3760,2015-09-01,1138.699951171875,1144.699951171875,1133.5,1133.5,375
3761,2015-09-02,1132.5,1140.4000244140625,1130.800048828125,1137.300048828125,201
3762,2015-09-03,1123.699951171875,1132.9000244140625,1120.300048828125,1130.300048828125,122
3763,2015-09-04,1120.5999755859375,1125.199951171875,1116.199951171875,1123.4000244140625,51
3764,2015-09-08,1120.4000244140625,1124.300048828125,1116.4000244140625,1119.800048828125,138
3765,2015-09-09,1102.199951171875,1123.5,1102.0999755859375,1123.5,150
3766,2015-09-10,1109.5,1113.5,1105.5,1107.300048828125,56
3767,2015-09-11,1103.5,1111.699951171875,1098.199951171875,1110.800048828125,81
3768,2015-09-14,1107.699951171875,1108.5999755859375,1104.0999755859375,1107.800048828125,19
3769,2015-09-15,1102.800048828125,1104.5,1102.800048828125,1104.5,8
3770,2015-09-16,1119.199951171875,1119.9000244140625,1109.800048828125,1109.800048828125,31
3771,2015-09-17,1117.300048828125,1130.5,1117.0999755859375,1118.5999755859375,14
3772,2015-09-18,1138.0999755859375,1141.199951171875,1127.800048828125,1128.300048828125,59
3773,2015-09-21,1133.0999755859375,1138.5,1130.800048828125,1137.5999755859375,17
3774,2015-09-22,1125.0,1135.0,1122.5,1132.5999755859375,43
3775,2015-09-23,1131.5999755859375,1132.199951171875,1128.300048828125,1128.5999755859375,33
3776,2015-09-24,1153.800048828125,1155.9000244140625,1133.0,1133.0,37
3777,2015-09-25,1146.0,1149.800048828125,1143.4000244140625,1149.800048828125,56
3778,2015-09-28,1132.0,1133.199951171875,1132.0,1133.199951171875,4346
3779,2015-09-29,1127.0999755859375,1134.4000244140625,1124.300048828125,1132.199951171875,2417
3780,2015-09-30,1115.5,1126.0,1112.0999755859375,1124.300048828125,865
3781,2015-10-01,1114.199951171875,1119.0,1113.300048828125,1115.199951171875,1181
3782,2015-10-02,1137.0999755859375,1141.199951171875,1105.800048828125,1112.199951171875,323
3783,2015-10-05,1138.0999755859375,1141.699951171875,1132.5,1137.0999755859375,226
3784,2015-10-06,1146.800048828125,1150.0,1136.300048828125,1136.300048828125,145
3785,2015-10-07,1149.0,1152.9000244140625,1143.0,1147.5999755859375,104
3786,2015-10-08,1144.699951171875,1146.699951171875,1138.699951171875,1142.699951171875,138
3787,2015-10-09,1156.300048828125,1157.199951171875,1151.5999755859375,1151.5999755859375,22
3788,2015-10-12,1164.9000244140625,1166.800048828125,1155.9000244140625,1155.9000244140625,40
3789,2015-10-13,1165.800048828125,1166.199951171875,1154.9000244140625,1163.5,132
3790,2015-10-14,1180.0999755859375,1189.0,1167.300048828125,1172.4000244140625,143
3791,2015-10-15,1187.9000244140625,1188.300048828125,1177.800048828125,1184.199951171875,143
3792,2015-10-16,1183.5999755859375,1184.0999755859375,1176.199951171875,1182.5,243
3793,2015-10-19,1173.300048828125,1177.800048828125,1169.300048828125,1176.5,62
3794,2015-10-20,1178.0,1179.0999755859375,1168.699951171875,1168.699951171875,19
3795,2015-10-21,1167.5999755859375,1176.4000244140625,1164.9000244140625,1175.9000244140625,41
3796,2015-10-22,1166.5999755859375,1168.5999755859375,1163.5,1166.199951171875,48
3797,2015-10-23,1163.300048828125,1178.699951171875,1163.300048828125,1166.199951171875,38
3798,2015-10-26,1167.0,1170.0,1163.800048828125,1165.0999755859375,176
3799,2015-10-27,1166.800048828125,1166.800048828125,1162.0,1164.5,302
3800,2015-10-28,1177.0999755859375,1182.699951171875,1175.0999755859375,1175.0999755859375,217
3801,2015-10-29,1147.199951171875,1162.0,1144.9000244140625,1158.0,329
3802,2015-10-30,1141.5,1147.5999755859375,1139.199951171875,1147.5,249
3803,2015-11-02,1135.800048828125,1138.699951171875,1132.5999755859375,1137.9000244140625,180
3804,2015-11-03,1114.199951171875,1134.699951171875,1114.199951171875,1133.300048828125,185
3805,2015-11-04,1106.5,1121.9000244140625,1106.5,1119.0,141
3806,2015-11-05,1104.4000244140625,1110.699951171875,1104.4000244140625,1107.9000244140625,84
3807,2015-11-06,1087.5999755859375,1109.5,1084.800048828125,1105.199951171875,78
3808,2015-11-09,1087.9000244140625,1088.5999755859375,1087.9000244140625,1088.5999755859375,5
3809,2015-11-10,1088.199951171875,1091.300048828125,1085.0,1090.0999755859375,18
3810,2015-11-11,1084.699951171875,1091.4000244140625,1084.199951171875,1091.4000244140625,15
3811,2015-11-12,1080.800048828125,1086.5999755859375,1080.800048828125,1086.0,4
3812,2015-11-13,1080.800048828125,1085.9000244140625,1080.800048828125,1083.0999755859375,23
3813,2015-11-16,1083.699951171875,1092.4000244140625,1083.699951171875,1092.0,11
3814,2015-11-17,1068.699951171875,1075.800048828125,1065.0999755859375,1075.5,6
3815,2015-11-18,1068.800048828125,1071.9000244140625,1064.0,1064.0,5
3816,2015-11-19,1078.0,1082.4000244140625,1077.4000244140625,1077.4000244140625,10
3817,2015-11-20,1076.4000244140625,1082.9000244140625,1076.4000244140625,1082.9000244140625,5
3818,2015-11-23,1066.800048828125,1071.5,1066.800048828125,1070.0,57
3819,2015-11-24,1074.300048828125,1079.4000244140625,1073.199951171875,1073.199951171875,222
3820,2015-11-25,1070.5,1072.0,1068.5,1070.199951171875,148662
3821,2015-11-27,1056.199951171875,1074.199951171875,1051.0999755859375,1070.699951171875,52133
3822,2015-11-30,1065.800048828125,1068.4000244140625,1052.0999755859375,1056.5,4601
3823,2015-12-01,1063.800048828125,1074.5999755859375,1063.4000244140625,1064.5999755859375,3441
3824,2015-12-02,1054.199951171875,1069.5,1049.5999755859375,1068.699951171875,503
3825,2015-12-03,1061.699951171875,1064.5999755859375,1046.199951171875,1054.4000244140625,1161
3826,2015-12-04,1084.5,1088.800048828125,1058.699951171875,1063.0,889
3827,2015-12-07,1076.4000244140625,1086.5,1067.4000244140625,1084.9000244140625,656
3828,2015-12-08,1076.300048828125,1078.4000244140625,1069.5999755859375,1071.0,306
3829,2015-12-09,1077.5999755859375,1086.0,1070.5999755859375,1075.0999755859375,386
3830,2015-12-10,1073.0999755859375,1076.300048828125,1071.699951171875,1073.0,226
3831,2015-12-11,1076.9000244140625,1079.4000244140625,1064.4000244140625,1067.800048828125,410
3832,2015-12-14,1064.699951171875,1076.699951171875,1060.0,1074.0,509
3833,2015-12-15,1062.9000244140625,1066.199951171875,1061.800048828125,1064.5999755859375,220
3834,2015-12-16,1078.0,1078.699951171875,1064.300048828125,1064.800048828125,81
3835,2015-12-17,1050.800048828125,1072.5999755859375,1050.5,1072.5999755859375,56
3836,2015-12-18,1066.199951171875,1070.300048828125,1052.699951171875,1053.699951171875,253
3837,2015-12-21,1081.9000244140625,1081.9000244140625,1070.199951171875,1070.199951171875,26
3838,2015-12-22,1074.800048828125,1078.5999755859375,1073.800048828125,1078.5999755859375,106
3839,2015-12-23,1069.4000244140625,1074.800048828125,1069.4000244140625,1074.5,202
3840,2015-12-24,1077.199951171875,1077.800048828125,1073.5,1074.300048828125,24
3841,2015-12-28,1070.5,1098.800048828125,1070.5,1077.9000244140625,361
3842,2015-12-29,1077.5,1079.699951171875,1077.5,1079.0999755859375,252
3843,2015-12-30,1060.0999755859375,1070.199951171875,1059.699951171875,1068.5999755859375,71
3844,2015-12-31,1060.300048828125,1062.0,1058.5,1061.9000244140625,10
3845,2016-01-04,1075.0999755859375,1082.5,1063.199951171875,1063.4000244140625,143
3846,2016-01-05,1078.4000244140625,1081.5,1075.300048828125,1075.5999755859375,82
3847,2016-01-06,1091.9000244140625,1093.699951171875,1081.5999755859375,1081.5999755859375,52
3848,2016-01-07,1107.699951171875,1109.4000244140625,1091.5999755859375,1091.5999755859375,122
3849,2016-01-08,1097.800048828125,1111.0999755859375,1093.0,1111.0999755859375,98
3850,2016-01-11,1096.5,1107.9000244140625,1096.5,1105.699951171875,43
3851,2016-01-12,1085.5999755859375,1098.5,1084.0,1093.800048828125,87
3852,2016-01-13,1087.5,1093.9000244140625,1081.5,1081.5,50
3853,2016-01-14,1073.9000244140625,1091.5,1073.699951171875,1091.5,59
3854,2016-01-15,1091.5,1095.800048828125,1081.800048828125,1085.0,44
3855,2016-01-19,1089.9000244140625,1094.4000244140625,1084.9000244140625,1089.800048828125,17
3856,2016-01-20,1107.0999755859375,1109.800048828125,1099.800048828125,1099.800048828125,30
3857,2016-01-21,1099.0999755859375,1103.5999755859375,1094.0999755859375,1103.5999755859375,16
3858,2016-01-22,1097.199951171875,1103.199951171875,1097.199951171875,1098.0,4
3859,2016-01-25,1106.199951171875,1109.300048828125,1099.300048828125,1099.300048828125,8
3860,2016-01-26,1121.699951171875,1121.699951171875,1114.300048828125,1115.0999755859375,181
3861,2016-01-27,1116.0999755859375,1117.800048828125,1115.800048828125,1117.800048828125,168706
3862,2016-01-28,1115.5999755859375,1125.699951171875,1109.800048828125,1125.4000244140625,52861
3863,2016-01-29,1116.4000244140625,1118.5999755859375,1108.800048828125,1114.4000244140625,6955
3864,2016-02-01,1127.9000244140625,1130.0,1115.300048828125,1116.699951171875,1682
3865,2016-02-02,1127.300048828125,1131.4000244140625,1123.0,1128.300048828125,1230
3866,2016-02-03,1141.300048828125,1146.0,1125.0,1128.5,1630
3867,2016-02-04,1157.5999755859375,1157.5999755859375,1141.0,1142.5,771
3868,2016-02-05,1157.800048828125,1174.800048828125,1146.0,1155.5999755859375,877
3869,2016-02-08,1197.9000244140625,1200.4000244140625,1165.0,1173.5,931
3870,2016-02-09,1198.699951171875,1199.199951171875,1186.699951171875,1188.699951171875,700
3871,2016-02-10,1194.699951171875,1197.699951171875,1182.0999755859375,1189.800048828125,671
3872,2016-02-11,1247.9000244140625,1260.800048828125,1204.5999755859375,1205.5999755859375,995
3873,2016-02-12,1239.0999755859375,1247.800048828125,1233.5,1247.800048828125,250
3874,2016-02-16,1207.9000244140625,1233.5999755859375,1193.5999755859375,1233.0999755859375,422
3875,2016-02-17,1211.0999755859375,1212.9000244140625,1196.5,1196.5,53
3876,2016-02-18,1226.0999755859375,1239.199951171875,1201.5999755859375,1209.5999755859375,315
3877,2016-02-19,1230.4000244140625,1232.800048828125,1221.800048828125,1230.800048828125,76
3878,2016-02-22,1209.5,1226.0999755859375,1203.0,1226.0999755859375,280
3879,2016-02-23,1222.300048828125,1226.0999755859375,1207.4000244140625,1207.4000244140625,351
3880,2016-02-24,1238.699951171875,1250.0999755859375,1230.0,1230.0,111
3881,2016-02-25,1238.199951171875,1241.5,1235.0,1239.4000244140625,1349
3882,2016-02-26,1219.800048828125,1239.0999755859375,1212.199951171875,1232.4000244140625,656
3883,2016-02-29,1233.9000244140625,1241.0,1218.5999755859375,1218.5999755859375,580
3884,2016-03-01,1230.300048828125,1248.4000244140625,1229.0,1240.5,477
3885,2016-03-02,1241.0999755859375,1242.5999755859375,1226.0,1232.800048828125,267
3886,2016-03-03,1257.4000244140625,1267.9000244140625,1238.0,1238.4000244140625,123
3887,2016-03-04,1269.9000244140625,1279.9000244140625,1250.9000244140625,1263.0,268
3888,2016-03-07,1263.199951171875,1272.300048828125,1259.699951171875,1259.800048828125,67
3889,2016-03-08,1262.0999755859375,1276.300048828125,1261.0,1268.699951171875,43
3890,2016-03-09,1256.5999755859375,1260.0,1244.800048828125,1254.5,79
3891,2016-03-10,1272.0,1273.0,1237.5,1250.0,119
3892,2016-03-11,1258.699951171875,1280.699951171875,1249.4000244140625,1270.0,87
3893,2016-03-14,1244.4000244140625,1258.0,1234.5,1256.0,58
3894,2016-03-15,1230.4000244140625,1236.0,1228.0,1228.300048828125,37
3895,2016-03-16,1229.300048828125,1263.800048828125,1228.9000244140625,1229.5,45
3896,2016-03-17,1264.5,1270.0999755859375,1255.9000244140625,1261.5,27
3897,2016-03-18,1253.800048828125,1264.4000244140625,1251.5,1257.0999755859375,542
3898,2016-03-21,1243.800048828125,1256.199951171875,1243.4000244140625,1256.199951171875,1061
3899,2016-03-22,1248.199951171875,1252.4000244140625,1243.800048828125,1244.0,20
3900,2016-03-23,1223.699951171875,1247.699951171875,1218.5999755859375,1247.699951171875,28
3901,2016-03-24,1221.4000244140625,1221.4000244140625,1214.199951171875,1214.199951171875,13
3902,2016-03-28,1219.9000244140625,1222.199951171875,1210.0,1211.5,33
3903,2016-03-29,1235.5999755859375,1235.5999755859375,1217.699951171875,1217.800048828125,189732
3904,2016-03-30,1226.9000244140625,1245.0,1223.4000244140625,1241.4000244140625,48248
3905,2016-03-31,1234.199951171875,1239.5999755859375,1224.5,1225.5999755859375,3377
3906,2016-04-01,1222.199951171875,1235.199951171875,1209.199951171875,1232.300048828125,1602
3907,2016-04-04,1218.0,1222.300048828125,1215.0,1221.699951171875,2038
3908,2016-04-05,1228.4000244140625,1236.699951171875,1215.4000244140625,1215.4000244140625,477
3909,2016-04-06,1222.5,1230.4000244140625,1217.5999755859375,1230.4000244140625,248
3910,2016-04-07,1236.199951171875,1242.9000244140625,1224.5999755859375,1224.800048828125,375
3911,2016-04-08,1242.5,1242.800048828125,1232.0,1241.0,409
3912,2016-04-11,1256.699951171875,1258.699951171875,1241.5,1241.5,437
3913,2016-04-12,1259.4000244140625,1261.699951171875,1253.699951171875,1260.0,185
3914,2016-04-13,1246.800048828125,1256.9000244140625,1241.300048828125,1256.5,203
3915,2016-04-14,1225.0,1243.699951171875,1224.5,1231.4000244140625,264
3916,2016-04-15,1233.0999755859375,1235.0,1225.699951171875,1225.699951171875,97
3917,2016-04-18,1233.5999755859375,1241.0999755859375,1232.199951171875,1238.699951171875,304
3918,2016-04-19,1253.0,1256.199951171875,1228.800048828125,1231.5999755859375,386
3919,2016-04-20,1253.199951171875,1256.0999755859375,1243.0,1256.0999755859375,180
3920,2016-04-21,1249.0,1270.5999755859375,1247.5999755859375,1247.699951171875,124
3921,2016-04-22,1228.699951171875,1248.5,1228.0,1248.5,188
3922,2016-04-25,1238.9000244140625,1240.9000244140625,1231.5999755859375,1231.5999755859375,442
3923,2016-04-26,1242.199951171875,1244.199951171875,1233.0,1239.800048828125,97
3924,2016-04-27,1249.199951171875,1249.5,1248.5999755859375,1248.5999755859375,547
3925,2016-04-28,1265.5,1270.0999755859375,1238.5,1245.9000244140625,887
3926,2016-04-29,1289.199951171875,1295.5,1267.199951171875,1267.300048828125,464
3927,2016-05-02,1294.699951171875,1304.4000244140625,1290.4000244140625,1292.0999755859375,192
3928,2016-05-03,1290.699951171875,1301.5,1284.5,1292.699951171875,151
3929,2016-05-04,1273.300048828125,1290.0,1273.0,1286.9000244140625,109
3930,2016-05-05,1271.4000244140625,1286.0,1270.800048828125,1282.9000244140625,330
3931,2016-05-06,1292.9000244140625,1295.5999755859375,1276.9000244140625,1278.5999755859375,305
3932,2016-05-09,1265.5999755859375,1286.5,1262.300048828125,1286.5,341
3933,2016-05-10,1263.9000244140625,1267.4000244140625,1258.699951171875,1265.0999755859375,23
3934,2016-05-11,1274.5999755859375,1279.199951171875,1266.9000244140625,1266.9000244140625,50
3935,2016-05-12,1270.300048828125,1281.199951171875,1264.0,1267.0,101
3936,2016-05-13,1271.9000244140625,1275.699951171875,1264.5999755859375,1271.4000244140625,66
3937,2016-05-16,1273.4000244140625,1287.800048828125,1272.800048828125,1272.800048828125,44
3938,2016-05-17,1276.199951171875,1281.5999755859375,1270.800048828125,1272.5,16
3939,2016-05-18,1273.699951171875,1276.4000244140625,1256.800048828125,1276.4000244140625,17
3940,2016-05-19,1254.199951171875,1255.5,1247.5,1248.0,69
3941,2016-05-20,1252.4000244140625,1256.5999755859375,1252.4000244140625,1256.5999755859375,44
3942,2016-05-23,1251.0999755859375,1251.5999755859375,1247.5,1251.5999755859375,56
3943,2016-05-24,1228.9000244140625,1240.0,1228.199951171875,1240.0,20
3944,2016-05-25,1223.5,1223.5,1218.5999755859375,1219.300048828125,5
3945,2016-05-26,1220.0999755859375,1232.5999755859375,1220.0999755859375,1232.5999755859375,199778
3946,2016-05-27,1213.800048828125,1223.199951171875,1206.4000244140625,1220.300048828125,63739
3947,2016-05-31,1214.800048828125,1217.5999755859375,1199.0,1212.5,6432
3948,2016-06-01,1211.9000244140625,1219.800048828125,1205.4000244140625,1215.699951171875,2717
3949,2016-06-02,1209.800048828125,1217.0,1209.5999755859375,1212.4000244140625,1627
3950,2016-06-03,1240.0999755859375,1244.5,1206.4000244140625,1209.0999755859375,1622
3951,2016-06-06,1244.5999755859375,1247.300048828125,1240.0,1244.4000244140625,1135
3952,2016-06-07,1244.4000244140625,1244.9000244140625,1236.5,1244.0,281
3953,2016-06-08,1259.800048828125,1264.0,1247.300048828125,1247.5999755859375,406
3954,2016-06-09,1270.199951171875,1271.4000244140625,1258.0999755859375,1262.5,381
3955,2016-06-10,1273.4000244140625,1278.0,1265.300048828125,1267.5999755859375,397
3956,2016-06-13,1284.4000244140625,1287.300048828125,1273.0,1276.199951171875,328
3957,2016-06-14,1285.5999755859375,1289.699951171875,1277.800048828125,1281.800048828125,554
3958,2016-06-15,1285.800048828125,1296.199951171875,1278.800048828125,1284.5999755859375,162
3959,2016-06-16,1296.0999755859375,1316.4000244140625,1281.0999755859375,1296.300048828125,251
3960,2016-06-17,1292.5,1300.0999755859375,1280.300048828125,1280.300048828125,129
3961,2016-06-20,1290.0,1291.199951171875,1280.300048828125,1288.9000244140625,153
3962,2016-06-21,1270.5,1293.9000244140625,1266.300048828125,1293.9000244140625,134
3963,2016-06-22,1268.0,1269.199951171875,1264.9000244140625,1267.0,53
3964,2016-06-23,1261.199951171875,1270.5,1255.199951171875,1263.4000244140625,218
3965,2016-06-24,1320.0,1355.5999755859375,1253.699951171875,1253.699951171875,694
3966,2016-06-27,1322.5,1331.699951171875,1320.0,1330.0,92
3967,2016-06-28,1315.300048828125,1315.5999755859375,1314.0999755859375,1314.800048828125,1072
3968,2016-06-29,1323.9000244140625,1327.4000244140625,1311.5999755859375,1311.5999755859375,414
3969,2016-06-30,1318.4000244140625,1323.5,1314.5,1315.800048828125,560
3970,2016-07-01,1336.699951171875,1344.199951171875,1321.9000244140625,1324.5,137
3971,2016-07-05,1356.4000244140625,1356.800048828125,1339.699951171875,1342.199951171875,90
3972,2016-07-06,1364.9000244140625,1374.9000244140625,1359.0,1359.0,130
3973,2016-07-07,1360.0999755859375,1368.5999755859375,1350.5,1366.800048828125,207
3974,2016-07-08,1356.5999755859375,1365.800048828125,1335.0,1361.300048828125,249
3975,2016-07-11,1355.0,1371.800048828125,1353.0,1371.699951171875,26
3976,2016-07-12,1334.0999755859375,1356.0,1330.300048828125,1353.5999755859375,252
3977,2016-07-13,1342.4000244140625,1342.4000244140625,1336.699951171875,1341.5,7
3978,2016-07-14,1331.300048828125,1341.4000244140625,1322.699951171875,1341.4000244140625,20
3979,2016-07-15,1326.5,1333.699951171875,1322.9000244140625,1333.699951171875,52
3980,2016-07-18,1328.4000244140625,1335.0,1326.199951171875,1327.5,54
3981,2016-07-19,1331.5,1333.199951171875,1326.4000244140625,1328.5,322
3982,2016-07-20,1318.800048828125,1337.5,1315.5,1331.0,751
3983,2016-07-21,1330.5,1330.5,1312.800048828125,1312.800048828125,318
3984,2016-07-22,1323.0999755859375,1330.699951171875,1320.4000244140625,1330.699951171875,55
3985,2016-07-25,1319.300048828125,1319.300048828125,1313.800048828125,1315.699951171875,548
3986,2016-07-26,1320.699951171875,1320.699951171875,1315.199951171875,1315.199951171875,63
3987,2016-07-27,1326.5999755859375,1326.5999755859375,1326.0,1326.0,215388
3988,2016-07-28,1332.300048828125,1344.300048828125,1330.0999755859375,1339.5,56908
3989,2016-07-29,1349.0,1353.300048828125,1325.800048828125,1333.199951171875,6076
3990,2016-08-01,1351.4000244140625,1353.5,1345.5999755859375,1348.800048828125,1257
3991,2016-08-02,1364.4000244140625,1366.0,1346.5999755859375,1352.0999755859375,2941
3992,2016-08-03,1356.0999755859375,1364.699951171875,1353.300048828125,1362.4000244140625,715
3993,2016-08-04,1358.800048828125,1361.5999755859375,1347.0,1354.4000244140625,381
3994,2016-08-05,1336.4000244140625,1360.800048828125,1333.699951171875,1357.5999755859375,1107
3995,2016-08-08,1333.4000244140625,1335.4000244140625,1327.800048828125,1330.0,587
3996,2016-08-09,1339.0,1339.4000244140625,1328.5,1331.800048828125,620
3997,2016-08-10,1344.300048828125,1354.199951171875,1344.300048828125,1344.800048828125,110
3998,2016-08-11,1342.5,1350.4000244140625,1334.800048828125,1341.5999755859375,666
3999,2016-08-12,1335.800048828125,1351.800048828125,1333.199951171875,1336.800048828125,113
4000,2016-08-15,1340.300048828125,1340.5999755859375,1333.5999755859375,1336.5,62
4001,2016-08-16,1350.5,1355.0,1341.0,1342.199951171875,338
4002,2016-08-17,1342.699951171875,1347.300048828125,1338.5999755859375,1345.5,135
4003,2016-08-18,1351.199951171875,1354.4000244140625,1348.199951171875,1351.300048828125,140
4004,2016-08-19,1340.4000244140625,1350.0999755859375,1338.5999755859375,1350.0999755859375,197
4005,2016-08-22,1337.699951171875,1337.699951171875,1333.300048828125,1334.4000244140625,117
4006,2016-08-23,1340.5999755859375,1341.199951171875,1334.300048828125,1337.0,551
4007,2016-08-24,1324.4000244140625,1337.199951171875,1322.9000244140625,1337.199951171875,262
4008,2016-08-25,1320.0999755859375,1324.0,1317.0,1321.4000244140625,58
4009,2016-08-26,1321.5,1340.5,1320.0999755859375,1323.800048828125,141
4010,2016-08-29,1322.9000244140625,1323.0,1315.0,1315.0,437
4011,2016-08-30,1311.699951171875,1322.0999755859375,1308.0,1322.0,705
4012,2016-08-31,1306.9000244140625,1313.699951171875,1306.300048828125,1310.300048828125,214
4013,2016-09-01,1312.199951171875,1313.0999755859375,1301.5,1305.300048828125,225
4014,2016-09-02,1322.0999755859375,1326.699951171875,1309.199951171875,1309.5999755859375,55
4015,2016-09-06,1349.4000244140625,1349.4000244140625,1323.199951171875,1323.300048828125,46
4016,2016-09-07,1344.300048828125,1350.5,1343.9000244140625,1348.4000244140625,14
4017,2016-09-08,1336.800048828125,1345.4000244140625,1335.699951171875,1344.800048828125,30
4018,2016-09-09,1330.0999755859375,1338.5,1328.0,1338.5,35
4019,2016-09-12,1321.0,1329.300048828125,1319.9000244140625,1327.0,177
4020,2016-09-13,1319.0,1324.5999755859375,1315.0,1324.5999755859375,79
4021,2016-09-14,1321.5,1322.300048828125,1319.199951171875,1319.199951171875,73
4022,2016-09-15,1313.5,1320.699951171875,1310.800048828125,1320.699951171875,37
4023,2016-09-16,1305.800048828125,1312.5999755859375,1305.800048828125,1312.199951171875,4
4024,2016-09-19,1313.5,1313.5,1313.5,1313.5,20
4025,2016-09-20,1313.699951171875,1313.699951171875,1313.699951171875,1313.699951171875,97
4026,2016-09-21,1326.9000244140625,1326.9000244140625,1324.0,1326.300048828125,76
4027,2016-09-22,1340.4000244140625,1340.4000244140625,1338.199951171875,1338.5999755859375,23
4028,2016-09-23,1337.199951171875,1337.199951171875,1337.199951171875,1337.199951171875,40
4029,2016-09-26,1339.699951171875,1341.800048828125,1335.199951171875,1335.199951171875,24
4030,2016-09-27,1325.9000244140625,1328.699951171875,1325.9000244140625,1328.0,48
4031,2016-09-28,1319.4000244140625,1319.4000244140625,1319.4000244140625,1319.4000244140625,10551
4032,2016-09-29,1321.699951171875,1325.0,1314.699951171875,1321.199951171875,6108
4033,2016-09-30,1313.300048828125,1327.699951171875,1312.9000244140625,1320.5999755859375,868
4034,2016-10-03,1309.0,1316.800048828125,1308.199951171875,1313.5,299
4035,2016-10-04,1266.300048828125,1310.199951171875,1266.300048828125,1307.5999755859375,1893
4036,2016-10-05,1265.199951171875,1274.0,1261.300048828125,1272.0999755859375,246
4037,2016-10-06,1249.800048828125,1265.300048828125,1249.800048828125,1265.300048828125,114
4038,2016-10-07,1248.9000244140625,1263.5999755859375,1248.9000244140625,1253.9000244140625,169
4039,2016-10-11,1253.0,1258.9000244140625,1253.0,1258.9000244140625,26
4040,2016-10-12,1251.0999755859375,1254.0,1251.0999755859375,1251.699951171875,127
4041,2016-10-13,1255.0,1259.0,1255.0,1258.699951171875,315
4042,2016-10-14,1253.0999755859375,1253.9000244140625,1250.5999755859375,1253.9000244140625,311
4043,2016-10-17,1254.4000244140625,1255.0,1249.9000244140625,1249.9000244140625,41
4044,2016-10-18,1260.800048828125,1261.699951171875,1260.800048828125,1260.9000244140625,11
4045,2016-10-19,1267.9000244140625,1271.5,1262.9000244140625,1262.9000244140625,219
4046,2016-10-20,1265.5999755859375,1270.5,1265.5,1270.0,415
4047,2016-10-21,1265.9000244140625,1265.9000244140625,1265.9000244140625,1265.9000244140625,224
4048,2016-10-24,1262.0,1269.199951171875,1261.800048828125,1269.199951171875,42
4049,2016-10-25,1271.9000244140625,1274.0999755859375,1264.0999755859375,1264.0999755859375,61
4050,2016-10-26,1264.800048828125,1274.0,1264.800048828125,1274.0,279
4051,2016-10-27,1267.9000244140625,1269.4000244140625,1267.9000244140625,1269.4000244140625,338
4052,2016-10-28,1275.5,1281.5,1262.0,1270.300048828125,560
4053,2016-10-31,1271.5,1276.5999755859375,1271.5,1276.5999755859375,58
4054,2016-11-01,1286.4000244140625,1290.699951171875,1279.0,1279.300048828125,49
4055,2016-11-02,1306.800048828125,1307.0,1288.300048828125,1288.300048828125,30
4056,2016-11-03,1302.0999755859375,1303.0999755859375,1287.300048828125,1296.4000244140625,73
4057,2016-11-04,1303.300048828125,1303.300048828125,1296.699951171875,1300.0,11
4058,2016-11-07,1278.300048828125,1294.5,1278.300048828125,1292.0,34
4059,2016-11-08,1273.4000244140625,1289.4000244140625,1273.199951171875,1284.0999755859375,50
4060,2016-11-09,1272.5999755859375,1318.5999755859375,1270.0,1272.199951171875,108
4061,2016-11-10,1265.5,1287.5,1253.300048828125,1274.4000244140625,63
4062,2016-11-14,1221.199951171875,1229.5,1210.4000244140625,1227.800048828125,216
4063,2016-11-15,1224.0,1226.0,1222.5,1224.300048828125,20
4064,2016-11-16,1223.4000244140625,1229.300048828125,1223.0,1229.300048828125,66
4065,2016-11-17,1216.5,1225.0,1211.0,1224.5999755859375,1139
4066,2016-11-18,1208.5,1211.9000244140625,1207.199951171875,1211.9000244140625,607
4067,2016-11-21,1209.5999755859375,1209.5999755859375,1209.5999755859375,1209.5999755859375,19
4068,2016-11-22,1211.0,1211.0999755859375,1207.5999755859375,1210.4000244140625,19
4069,2016-11-23,1189.0999755859375,1213.800048828125,1186.800048828125,1212.800048828125,309
4070,2016-11-25,1178.199951171875,1189.300048828125,1177.0,1177.0,14
4071,2016-11-28,1190.5999755859375,1190.5999755859375,1188.0,1188.0,189914
4072,2016-11-29,1187.9000244140625,1194.800048828125,1179.4000244140625,1193.199951171875,42124
4073,2016-11-30,1170.800048828125,1193.300048828125,1167.9000244140625,1187.0999755859375,7158
4074,2016-12-01,1166.9000244140625,1174.5999755859375,1160.0,1172.699951171875,1588
4075,2016-12-02,1175.0999755859375,1177.300048828125,1166.4000244140625,1172.300048828125,1521
4076,2016-12-05,1174.0,1186.699951171875,1157.0,1181.800048828125,358
4077,2016-12-06,1167.5999755859375,1174.5,1167.0999755859375,1170.9000244140625,652
4078,2016-12-07,1175.0,1178.5,1166.4000244140625,1167.699951171875,182
4079,2016-12-08,1169.800048828125,1177.800048828125,1169.0999755859375,1173.800048828125,322
4080,2016-12-09,1159.4000244140625,1168.800048828125,1156.0,1166.5999755859375,365
4081,2016-12-12,1163.5,1163.9000244140625,1153.0,1158.300048828125,331
4082,2016-12-13,1156.699951171875,1164.0,1155.4000244140625,1163.5,637
4083,2016-12-14,1161.300048828125,1164.0,1142.0,1159.800048828125,487
4084,2016-12-15,1127.800048828125,1143.300048828125,1123.9000244140625,1139.800048828125,244
4085,2016-12-16,1135.300048828125,1140.9000244140625,1126.9000244140625,1126.9000244140625,146
4086,2016-12-19,1140.5,1140.699951171875,1137.9000244140625,1139.4000244140625,249
4087,2016-12-20,1131.5,1133.5,1126.5,1133.5,46
4088,2016-12-21,1131.0999755859375,1136.0999755859375,1130.0,1136.0999755859375,50
4089,2016-12-22,1128.800048828125,1132.800048828125,1128.300048828125,1131.199951171875,104
4090,2016-12-23,1131.9000244140625,1132.800048828125,1130.300048828125,1130.9000244140625,70
4091,2016-12-27,1137.300048828125,1142.199951171875,1134.300048828125,1134.300048828125,84
4092,2016-12-28,1139.4000244140625,1141.199951171875,1138.0,1141.199951171875,1570
4093,2016-12-29,1156.4000244140625,1158.800048828125,1143.5999755859375,1143.800048828125,950
4094,2016-12-30,1150.0,1162.0,1150.0,1162.0,16
4095,2017-01-03,1160.4000244140625,1160.800048828125,1146.5,1155.199951171875,52
4096,2017-01-04,1163.800048828125,1165.0,1156.300048828125,1156.300048828125,36
4097,2017-01-05,1179.699951171875,1183.300048828125,1171.5,1172.0,500
4098,2017-01-06,1171.9000244140625,1176.5,1171.9000244140625,1176.5,16
4099,2017-01-09,1183.5,1183.5999755859375,1173.0,1173.9000244140625,62
4100,2017-01-10,1184.199951171875,1188.9000244140625,1182.300048828125,1184.300048828125,8
4101,2017-01-11,1195.5999755859375,1197.0,1176.5,1187.5,20
4102,2017-01-12,1198.9000244140625,1204.300048828125,1192.300048828125,1192.699951171875,110
4103,2017-01-13,1195.300048828125,1196.0,1187.699951171875,1195.699951171875,65
4104,2017-01-17,1212.0,1214.5999755859375,1200.800048828125,1205.5,79
4105,2017-01-18,1211.300048828125,1214.699951171875,1203.0999755859375,1213.5999755859375,114
4106,2017-01-19,1200.9000244140625,1204.0,1195.800048828125,1200.5,26
4107,2017-01-20,1204.300048828125,1212.0999755859375,1202.800048828125,1202.800048828125,38
4108,2017-01-23,1215.0,1215.0,1210.0,1212.0,16
4109,2017-01-24,1210.300048828125,1219.0,1207.699951171875,1219.0,24
4110,2017-01-25,1197.300048828125,1202.800048828125,1194.9000244140625,1202.0,403
4111,2017-01-26,1189.5,1199.699951171875,1185.5999755859375,1199.699951171875,19
4112,2017-01-27,1188.0999755859375,1188.300048828125,1187.9000244140625,1187.9000244140625,234352
4113,2017-01-30,1193.199951171875,1198.5,1187.0999755859375,1191.699951171875,50503
4114,2017-01-31,1208.5999755859375,1214.699951171875,1193.5,1194.9000244140625,3212
4115,2017-02-01,1205.5999755859375,1211.9000244140625,1197.9000244140625,1211.9000244140625,1145
4116,2017-02-02,1216.699951171875,1224.199951171875,1208.9000244140625,1209.699951171875,1512
4117,2017-02-03,1218.5,1220.5999755859375,1206.199951171875,1214.9000244140625,865
4118,2017-02-06,1230.0,1235.4000244140625,1218.5,1221.9000244140625,908
4119,2017-02-07,1234.199951171875,1236.199951171875,1228.5,1234.199951171875,1177
4120,2017-02-08,1237.5999755859375,1243.9000244140625,1231.0,1232.0999755859375,288
4121,2017-02-09,1235.0999755859375,1243.5,1226.9000244140625,1239.4000244140625,885
4122,2017-02-10,1234.4000244140625,1234.4000244140625,1221.5,1227.5999755859375,391
4123,2017-02-13,1224.4000244140625,1231.0999755859375,1219.0,1230.5,398
4124,2017-02-14,1223.9000244140625,1233.5,1222.0999755859375,1225.9000244140625,159
4125,2017-02-15,1231.699951171875,1231.699951171875,1217.300048828125,1225.5,175
4126,2017-02-16,1240.0,1240.699951171875,1233.199951171875,1234.5,87
4127,2017-02-17,1237.5999755859375,1241.199951171875,1234.800048828125,1240.699951171875,301
4128,2017-02-21,1237.5,1237.5,1228.0999755859375,1237.300048828125,119
4129,2017-02-22,1232.0,1238.5999755859375,1231.800048828125,1236.0999755859375,36
4130,2017-02-23,1250.199951171875,1250.300048828125,1236.0999755859375,1236.0999755859375,112
4131,2017-02-24,1256.9000244140625,1258.800048828125,1250.0,1250.0,1264
4132,2017-02-27,1257.4000244140625,1263.0999755859375,1250.4000244140625,1254.699951171875,544
4133,2017-02-28,1252.5999755859375,1257.300048828125,1247.199951171875,1253.5999755859375,721
4134,2017-03-01,1248.9000244140625,1248.9000244140625,1236.9000244140625,1247.800048828125,138
4135,2017-03-02,1231.9000244140625,1247.5999755859375,1230.699951171875,1247.199951171875,79
4136,2017-03-03,1225.5,1235.199951171875,1222.9000244140625,1231.699951171875,121
4137,2017-03-06,1224.5,1235.199951171875,1224.5,1235.199951171875,29
4138,2017-03-07,1215.0999755859375,1225.4000244140625,1213.699951171875,1224.300048828125,53
4139,2017-03-08,1208.5,1212.199951171875,1206.699951171875,1212.199951171875,24
4140,2017-03-09,1202.4000244140625,1205.5999755859375,1202.300048828125,1204.5,37
4141,2017-03-10,1200.699951171875,1203.300048828125,1196.199951171875,1196.199951171875,3
4142,2017-03-13,1202.4000244140625,1210.0,1202.300048828125,1206.199951171875,35
4143,2017-03-14,1201.9000244140625,1205.9000244140625,1196.800048828125,1203.0999755859375,22
4144,2017-03-15,1200.0999755859375,1221.199951171875,1197.699951171875,1198.199951171875,36
4145,2017-03-16,1226.5,1231.4000244140625,1222.199951171875,1222.199951171875,47
4146,2017-03-17,1229.800048828125,1230.9000244140625,1227.0999755859375,1227.0999755859375,26
4147,2017-03-20,1233.5999755859375,1234.4000244140625,1229.300048828125,1229.300048828125,23
4148,2017-03-21,1246.0999755859375,1246.0999755859375,1226.4000244140625,1226.4000244140625,11
4149,2017-03-22,1249.300048828125,1249.5,1247.699951171875,1247.9000244140625,3
4150,2017-03-23,1246.9000244140625,1247.5,1244.800048828125,1246.4000244140625,16
4151,2017-03-24,1248.199951171875,1248.300048828125,1247.5999755859375,1248.0,3
4152,2017-03-27,1255.4000244140625,1257.699951171875,1253.800048828125,1255.800048828125,72
4153,2017-03-28,1255.300048828125,1255.9000244140625,1255.300048828125,1255.9000244140625,19
4154,2017-03-29,1253.4000244140625,1253.4000244140625,1252.0999755859375,1252.199951171875,190678
4155,2017-03-30,1245.0,1253.5999755859375,1241.0999755859375,1253.0999755859375,51328
4156,2017-03-31,1247.300048828125,1248.800048828125,1238.699951171875,1242.0999755859375,8223
4157,2017-04-03,1250.800048828125,1252.4000244140625,1243.5999755859375,1247.5,1160
4158,2017-04-04,1255.0,1260.300048828125,1253.0,1253.0999755859375,724
4159,2017-04-05,1245.4000244140625,1255.4000244140625,1243.0,1255.4000244140625,907
4160,2017-04-06,1250.300048828125,1257.5,1249.0,1256.0999755859375,169
4161,2017-04-07,1254.300048828125,1269.0999755859375,1249.5,1249.5,445
4162,2017-04-10,1251.0999755859375,1255.199951171875,1246.800048828125,1252.699951171875,182
4163,2017-04-11,1271.199951171875,1273.5,1254.5,1254.5,401
4164,2017-04-12,1275.300048828125,1285.0999755859375,1272.0,1275.0,492
4165,2017-04-13,1285.9000244140625,1287.5999755859375,1282.0,1285.300048828125,915
4166,2017-04-17,1289.4000244140625,1294.800048828125,1284.300048828125,1291.800048828125,73
4167,2017-04-18,1291.699951171875,1291.699951171875,1278.5999755859375,1283.9000244140625,394
4168,2017-04-19,1281.4000244140625,1288.0,1274.0,1288.0,194
4169,2017-04-20,1281.9000244140625,1281.9000244140625,1276.199951171875,1279.699951171875,127
4170,2017-04-21,1287.4000244140625,1287.4000244140625,1279.199951171875,1279.800048828125,474
4171,2017-04-24,1275.800048828125,1276.4000244140625,1265.0,1275.0,605
4172,2017-04-25,1265.5999755859375,1276.9000244140625,1262.0999755859375,1275.5999755859375,356
4173,2017-04-26,1262.0999755859375,1266.0,1262.0999755859375,1266.0,1156
4174,2017-04-27,1263.699951171875,1267.199951171875,1262.199951171875,1266.699951171875,206
4175,2017-04-28,1266.0999755859375,1267.199951171875,1264.699951171875,1265.9000244140625,85
4176,2017-05-01,1253.300048828125,1269.300048828125,1253.300048828125,1268.699951171875,34
4177,2017-05-02,1255.0999755859375,1256.199951171875,1251.199951171875,1256.199951171875,90
4178,2017-05-03,1246.4000244140625,1255.800048828125,1238.699951171875,1255.0999755859375,195
4179,2017-05-04,1226.5,1239.800048828125,1224.199951171875,1239.800048828125,72
4180,2017-05-05,1224.800048828125,1233.699951171875,1224.800048828125,1227.0,16
4181,2017-05-08,1225.300048828125,1234.0,1224.0,1224.0,43
4182,2017-05-09,1214.300048828125,1226.199951171875,1214.0,1226.0999755859375,55
4183,2017-05-10,1217.300048828125,1220.199951171875,1217.300048828125,1219.800048828125,23
4184,2017-05-11,1222.699951171875,1222.699951171875,1218.300048828125,1218.5,13
4185,2017-05-12,1226.199951171875,1229.5,1226.0999755859375,1228.0,29
4186,2017-05-15,1228.5999755859375,1232.699951171875,1227.5,1227.5,13
4187,2017-05-16,1235.0,1237.300048828125,1230.4000244140625,1230.4000244140625,20
4188,2017-05-17,1257.5,1259.199951171875,1240.699951171875,1241.0,26
4189,2017-05-18,1251.699951171875,1260.0,1245.800048828125,1254.800048828125,43
4190,2017-05-19,1252.699951171875,1252.699951171875,1252.699951171875,1252.699951171875,14
4191,2017-05-22,1260.699951171875,1260.699951171875,1251.699951171875,1251.699951171875,14
4192,2017-05-23,1254.800048828125,1261.5999755859375,1250.5999755859375,1261.5,20
4193,2017-05-24,1252.4000244140625,1257.800048828125,1249.699951171875,1251.9000244140625,14
4194,2017-05-25,1255.800048828125,1258.300048828125,1255.800048828125,1257.0999755859375,11
4195,2017-05-26,1267.5999755859375,1267.5999755859375,1267.5999755859375,1267.5999755859375,271457
4196,2017-05-30,1262.0999755859375,1270.0,1258.4000244140625,1267.4000244140625,129819
4197,2017-05-31,1272.0,1273.199951171875,1258.5,1262.4000244140625,2712
4198,2017-06-01,1267.0,1269.199951171875,1260.800048828125,1268.0,825
4199,2017-06-02,1276.800048828125,1279.0,1259.0,1265.199951171875,1732
4200,2017-06-05,1279.300048828125,1282.0,1277.0,1279.199951171875,433
4201,2017-06-06,1294.4000244140625,1295.199951171875,1279.4000244140625,1279.4000244140625,942
4202,2017-06-07,1290.0999755859375,1293.0999755859375,1284.300048828125,1291.5999755859375,641
4203,2017-06-08,1276.300048828125,1287.5999755859375,1268.0999755859375,1285.4000244140625,319
4204,2017-06-09,1268.5,1277.9000244140625,1264.5999755859375,1277.9000244140625,467
4205,2017-06-12,1266.0999755859375,1269.300048828125,1263.199951171875,1266.4000244140625,255
4206,2017-06-13,1265.800048828125,1266.9000244140625,1259.699951171875,1264.0999755859375,150
4207,2017-06-14,1272.800048828125,1278.0,1256.800048828125,1269.4000244140625,336
4208,2017-06-15,1252.199951171875,1264.199951171875,1250.300048828125,1263.199951171875,743
4209,2017-06-16,1254.0,1255.300048828125,1251.300048828125,1252.800048828125,34
4210,2017-06-19,1244.199951171875,1252.199951171875,1241.9000244140625,1252.0999755859375,108
4211,2017-06-20,1241.0,1245.5,1240.5,1242.199951171875,75
4212,2017-06-21,1243.4000244140625,1245.0,1240.0,1244.0999755859375,205
4213,2017-06-22,1247.5999755859375,1252.699951171875,1246.300048828125,1251.0,156
4214,2017-06-23,1256.199951171875,1273.5999755859375,1249.800048828125,1250.0,269
4215,2017-06-26,1246.300048828125,1260.199951171875,1241.5999755859375,1260.199951171875,194
4216,2017-06-27,1246.4000244140625,1251.800048828125,1245.9000244140625,1251.5999755859375,111
4217,2017-06-28,1248.0,1248.5,1248.0,1248.5,370
4218,2017-06-29,1244.199951171875,1250.699951171875,1238.0999755859375,1248.199951171875,540
4219,2017-06-30,1240.699951171875,1243.699951171875,1239.0999755859375,1243.699951171875,43
4220,2017-07-03,1217.9000244140625,1236.0,1217.9000244140625,1236.0,33
4221,2017-07-05,1220.4000244140625,1225.0,1217.0999755859375,1222.5,40
4222,2017-07-06,1222.199951171875,1225.0999755859375,1222.199951171875,1225.0999755859375,5
4223,2017-07-07,1208.5999755859375,1220.4000244140625,1208.5999755859375,1219.0999755859375,116
4224,2017-07-10,1212.0999755859375,1212.0999755859375,1209.5999755859375,1211.4000244140625,28
4225,2017-07-11,1213.5999755859375,1214.9000244140625,1208.699951171875,1208.699951171875,12
4226,2017-07-12,1218.0999755859375,1219.4000244140625,1217.9000244140625,1218.300048828125,7
4227,2017-07-13,1216.300048828125,1221.4000244140625,1216.300048828125,1221.4000244140625,7
4228,2017-07-14,1226.5999755859375,1227.5,1214.800048828125,1214.9000244140625,23
4229,2017-07-17,1232.800048828125,1233.4000244140625,1229.9000244140625,1229.9000244140625,7
4230,2017-07-18,1241.0999755859375,1241.199951171875,1236.199951171875,1236.199951171875,29
4231,2017-07-19,1241.199951171875,1241.199951171875,1240.0999755859375,1240.4000244140625,3
4232,2017-07-20,1244.800048828125,1244.800048828125,1236.5999755859375,1236.5999755859375,5
4233,2017-07-21,1254.300048828125,1254.300048828125,1250.5,1250.699951171875,16
4234,2017-07-24,1253.9000244140625,1256.0,1253.9000244140625,1256.0,8
4235,2017-07-25,1251.699951171875,1253.5999755859375,1249.199951171875,1252.699951171875,18
4236,2017-07-26,1249.0,1249.0,1244.800048828125,1244.800048828125,7
4237,2017-07-27,1259.5999755859375,1259.5999755859375,1259.5999755859375,1259.5999755859375,220309
4238,2017-07-28,1268.4000244140625,1270.0,1256.9000244140625,1258.4000244140625,64180
4239,2017-07-31,1266.5999755859375,1270.800048828125,1265.800048828125,1268.9000244140625,7780
4240,2017-08-01,1272.5999755859375,1273.300048828125,1262.0,1268.4000244140625,1061
4241,2017-08-02,1271.800048828125,1272.0999755859375,1262.9000244140625,1268.5,393
4242,2017-08-03,1267.800048828125,1269.800048828125,1256.5999755859375,1265.9000244140625,878
4243,2017-08-04,1258.300048828125,1269.5999755859375,1253.9000244140625,1269.0,521
4244,2017-08-07,1258.199951171875,1259.0999755859375,1255.300048828125,1258.699951171875,260
4245,2017-08-08,1256.4000244140625,1264.0999755859375,1251.4000244140625,1256.9000244140625,555
4246,2017-08-09,1273.0,1277.800048828125,1260.199951171875,1260.199951171875,574
4247,2017-08-10,1283.699951171875,1287.4000244140625,1274.9000244140625,1276.5999755859375,608
4248,2017-08-11,1287.699951171875,1291.0999755859375,1282.0,1286.300048828125,139
4249,2017-08-14,1284.199951171875,1288.4000244140625,1278.800048828125,1288.4000244140625,338
4250,2017-08-15,1273.699951171875,1280.5,1267.4000244140625,1280.5,188
4251,2017-08-16,1276.9000244140625,1282.5999755859375,1269.4000244140625,1271.300048828125,110
4252,2017-08-17,1286.4000244140625,1288.5,1283.199951171875,1283.800048828125,43
4253,2017-08-18,1285.699951171875,1300.699951171875,1284.300048828125,1288.5999755859375,358
4254,2017-08-21,1290.800048828125,1290.800048828125,1284.699951171875,1285.199951171875,18
4255,2017-08-22,1285.0999755859375,1288.4000244140625,1283.199951171875,1287.199951171875,100
4256,2017-08-23,1288.9000244140625,1289.4000244140625,1286.9000244140625,1289.4000244140625,250
4257,2017-08-24,1286.5,1288.699951171875,1284.0,1288.699951171875,550
4258,2017-08-25,1292.5,1292.699951171875,1280.300048828125,1285.4000244140625,280
4259,2017-08-28,1309.699951171875,1311.300048828125,1293.5,1293.5,145
4260,2017-08-29,1313.0999755859375,1323.800048828125,1313.0999755859375,1318.800048828125,1178
4261,2017-08-30,1308.0999755859375,1312.5,1304.9000244140625,1308.199951171875,1178
4262,2017-08-31,1316.199951171875,1322.300048828125,1301.699951171875,1306.5999755859375,373
4263,2017-09-01,1324.5,1327.699951171875,1316.9000244140625,1320.199951171875,313
4264,2017-09-05,1339.199951171875,1339.199951171875,1328.5999755859375,1335.199951171875,39
4265,2017-09-06,1333.9000244140625,1340.300048828125,1332.5999755859375,1340.0,20
4266,2017-09-07,1345.0999755859375,1349.0,1336.4000244140625,1336.4000244140625,26
4267,2017-09-08,1346.0,1355.800048828125,1345.5999755859375,1351.0,37
4268,2017-09-11,1331.0,1331.0,1327.300048828125,1331.0,9
4269,2017-09-12,1328.0,1328.0,1325.199951171875,1327.0,15
4270,2017-09-13,1323.4000244140625,1323.4000244140625,1323.4000244140625,1323.4000244140625,16
4271,2017-09-14,1324.699951171875,1329.300048828125,1319.5999755859375,1319.5999755859375,316
4272,2017-09-15,1320.4000244140625,1321.199951171875,1319.800048828125,1320.5999755859375,15
4273,2017-09-18,1306.300048828125,1310.4000244140625,1306.0,1309.800048828125,129
4274,2017-09-19,1306.199951171875,1310.300048828125,1305.0999755859375,1307.9000244140625,20
4275,2017-09-20,1312.0,1312.0,1298.699951171875,1312.0,12
4276,2017-09-21,1290.5999755859375,1304.0999755859375,1290.300048828125,1299.0999755859375,336
4277,2017-09-22,1293.300048828125,1295.699951171875,1293.300048828125,1295.0,209
4278,2017-09-25,1306.800048828125,1309.199951171875,1291.0,1293.0999755859375,51
4279,2017-09-26,1297.0,1305.5999755859375,1297.0,1304.5,39
4280,2017-09-27,1283.4000244140625,1283.4000244140625,1283.4000244140625,1283.4000244140625,19488
4281,2017-09-28,1285.5,1288.0,1277.0,1283.0999755859375,5226
4282,2017-09-29,1281.5,1289.4000244140625,1281.5,1284.199951171875,492
4283,2017-10-02,1272.699951171875,1276.0999755859375,1270.4000244140625,1275.0,136
4284,2017-10-03,1271.5,1273.300048828125,1268.5999755859375,1269.699951171875,192
4285,2017-10-04,1273.699951171875,1280.800048828125,1270.0,1273.800048828125,218
4286,2017-10-05,1269.9000244140625,1277.800048828125,1267.5999755859375,1277.800048828125,36
4287,2017-10-06,1271.5999755859375,1272.0,1260.5,1267.5999755859375,46
4288,2017-10-09,1281.800048828125,1284.0,1279.0,1280.5999755859375,19
4289,2017-10-10,1290.5999755859375,1293.0,1281.699951171875,1282.5999755859375,18
4290,2017-10-11,1285.800048828125,1292.0,1284.9000244140625,1287.300048828125,21
4291,2017-10-12,1293.300048828125,1294.5,1289.300048828125,1291.5,14
4292,2017-10-13,1301.5,1301.699951171875,1291.699951171875,1293.300048828125,74
4293,2017-10-16,1299.9000244140625,1303.800048828125,1291.9000244140625,1302.0,173
4294,2017-10-17,1283.0,1295.0999755859375,1283.0,1295.0999755859375,571
4295,2017-10-18,1279.9000244140625,1279.9000244140625,1279.9000244140625,1279.9000244140625,163
4296,2017-10-19,1286.9000244140625,1286.9000244140625,1285.0999755859375,1286.4000244140625,134
4297,2017-10-20,1277.4000244140625,1279.5999755859375,1277.4000244140625,1279.5999755859375,304
4298,2017-10-23,1277.699951171875,1280.800048828125,1271.5,1274.699951171875,115
4299,2017-10-24,1275.0,1275.5,1273.699951171875,1275.5,111
4300,2017-10-25,1275.4000244140625,1275.4000244140625,1269.9000244140625,1269.9000244140625,105
4301,2017-10-26,1266.300048828125,1273.5,1264.699951171875,1273.5,39
4302,2017-10-27,1268.5,1268.5,1267.0999755859375,1268.4000244140625,567
4303,2017-10-30,1274.0999755859375,1274.0999755859375,1267.9000244140625,1270.0,222
4304,2017-10-31,1267.0,1274.5999755859375,1266.0999755859375,1273.0999755859375,235
4305,2017-11-01,1274.0999755859375,1274.800048828125,1270.300048828125,1272.199951171875,78
4306,2017-11-02,1274.9000244140625,1274.9000244140625,1274.9000244140625,1274.9000244140625,70
4307,2017-11-03,1266.5,1267.9000244140625,1265.300048828125,1265.300048828125,75
4308,2017-11-06,1279.4000244140625,1280.5,1269.0,1269.0,128
4309,2017-11-07,1273.699951171875,1276.800048828125,1270.4000244140625,1276.800048828125,11
4310,2017-11-08,1281.5999755859375,1284.9000244140625,1274.699951171875,1275.9000244140625,15
4311,2017-11-09,1285.5999755859375,1286.9000244140625,1279.699951171875,1279.699951171875,18
4312,2017-11-10,1272.4000244140625,1283.5,1272.4000244140625,1283.5,10
4313,2017-11-13,1277.300048828125,1277.300048828125,1277.0,1277.300048828125,3
4314,2017-11-14,1281.5,1281.5,1276.9000244140625,1276.9000244140625,4
4315,2017-11-15,1276.5,1284.699951171875,1275.9000244140625,1281.4000244140625,13
4316,2017-11-16,1277.4000244140625,1277.5,1277.4000244140625,1277.5,43
4317,2017-11-17,1295.800048828125,1295.800048828125,1288.300048828125,1288.300048828125,1
4318,2017-11-20,1274.5999755859375,1275.9000244140625,1274.5999755859375,1274.5999755859375,1
4319,2017-11-21,1281.0999755859375,1281.0999755859375,1281.0999755859375,1281.0999755859375,4
4320,2017-11-22,1291.5999755859375,1291.5999755859375,1282.9000244140625,1284.699951171875,4
4321,2017-11-24,1286.699951171875,1286.699951171875,1286.699951171875,1286.699951171875,0
4322,2017-11-27,1293.800048828125,1293.800048828125,1293.800048828125,1293.800048828125,1
4323,2017-11-28,1294.699951171875,1294.699951171875,1294.699951171875,1294.699951171875,275442
4324,2017-11-29,1282.0999755859375,1296.199951171875,1281.0999755859375,1293.4000244140625,47244
4325,2017-11-30,1273.199951171875,1284.5,1269.699951171875,1283.0999755859375,3049
4326,2017-12-01,1278.800048828125,1288.5999755859375,1271.0,1274.0999755859375,823
4327,2017-12-04,1274.300048828125,1276.0999755859375,1270.300048828125,1272.5,850
4328,2017-12-05,1261.5999755859375,1275.800048828125,1260.0,1275.4000244140625,1499
4329,2017-12-06,1262.800048828125,1267.800048828125,1261.5999755859375,1264.9000244140625,373
4330,2017-12-07,1249.800048828125,1262.4000244140625,1243.9000244140625,1262.300048828125,358
4331,2017-12-08,1245.199951171875,1249.300048828125,1241.5,1246.300048828125,157
4332,2017-12-11,1243.699951171875,1249.199951171875,1239.9000244140625,1248.4000244140625,146
4333,2017-12-12,1238.5,1244.4000244140625,1236.5,1241.300048828125,692
4334,2017-12-13,1245.4000244140625,1254.5,1239.800048828125,1241.9000244140625,349
4335,2017-12-14,1253.800048828125,1257.699951171875,1250.300048828125,1252.9000244140625,139
4336,2017-12-15,1254.300048828125,1260.300048828125,1253.0999755859375,1253.0999755859375,578
4337,2017-12-18,1262.199951171875,1262.4000244140625,1255.699951171875,1256.199951171875,45
4338,2017-12-19,1260.699951171875,1264.300048828125,1259.5,1261.0999755859375,329
4339,2017-12-20,1266.0999755859375,1266.5999755859375,1261.300048828125,1261.300048828125,63
4340,2017-12-21,1267.300048828125,1267.4000244140625,1264.300048828125,1266.4000244140625,226
4341,2017-12-22,1275.4000244140625,1276.300048828125,1266.300048828125,1266.300048828125,119
4342,2017-12-26,1284.0999755859375,1284.0999755859375,1281.800048828125,1282.4000244140625,84
4343,2017-12-27,1287.0,1287.0,1284.0,1284.0,456
4344,2017-12-28,1294.0999755859375,1294.0999755859375,1288.199951171875,1288.199951171875,245
4345,2017-12-29,1306.300048828125,1306.300048828125,1294.0,1294.199951171875,65
4346,2018-01-02,1313.699951171875,1317.5999755859375,1302.300048828125,1302.300048828125,68
4347,2018-01-03,1316.199951171875,1320.0999755859375,1312.0999755859375,1320.0,42
4348,2018-01-04,1319.4000244140625,1322.0,1319.4000244140625,1319.4000244140625,2
4349,2018-01-05,1320.300048828125,1320.300048828125,1320.300048828125,1320.300048828125,1
4350,2018-01-08,1318.5999755859375,1319.9000244140625,1314.5999755859375,1319.9000244140625,41
4351,2018-01-09,1311.699951171875,1311.699951171875,1309.5999755859375,1309.5999755859375,16
4352,2018-01-10,1317.4000244140625,1320.699951171875,1315.300048828125,1320.300048828125,70
4353,2018-01-11,1320.5999755859375,1320.5999755859375,1316.300048828125,1317.0999755859375,9
4354,2018-01-12,1333.4000244140625,1338.199951171875,1327.800048828125,1327.800048828125,14
4355,2018-01-16,1335.4000244140625,1335.4000244140625,1331.0,1331.0999755859375,13
4356,2018-01-17,1338.0,1338.0,1326.800048828125,1334.4000244140625,27
4357,2018-01-18,1326.0,1328.9000244140625,1326.0,1328.9000244140625,211
4358,2018-01-19,1331.9000244140625,1333.0,1330.0999755859375,1330.0999755859375,50
4359,2018-01-22,1330.9000244140625,1330.9000244140625,1328.4000244140625,1328.4000244140625,162
4360,2018-01-23,1335.699951171875,1335.9000244140625,1335.699951171875,1335.800048828125,47
4361,2018-01-24,1355.9000244140625,1357.199951171875,1355.9000244140625,1355.9000244140625,18
4362,2018-01-25,1362.4000244140625,1362.4000244140625,1346.699951171875,1356.300048828125,4
4363,2018-01-26,1351.5999755859375,1352.0,1350.9000244140625,1351.5999755859375,280546
4364,2018-01-30,1335.4000244140625,1347.800048828125,1332.800048828125,1338.699951171875,52100
4365,2018-01-31,1339.0,1346.9000244140625,1331.800048828125,1337.5,4881
4366,2018-02-01,1344.300048828125,1350.5999755859375,1336.800048828125,1343.800048828125,1680
4367,2018-02-02,1333.699951171875,1352.0999755859375,1327.699951171875,1348.5,2841
4368,2018-02-05,1333.0,1340.199951171875,1329.0,1331.0999755859375,641
4369,2018-02-06,1326.0999755859375,1343.699951171875,1319.5,1338.199951171875,529
4370,2018-02-07,1311.5999755859375,1331.0999755859375,1310.5,1325.4000244140625,491
4371,2018-02-08,1316.9000244140625,1321.0999755859375,1307.0,1317.0999755859375,459
4372,2018-02-09,1313.0999755859375,1322.0,1311.9000244140625,1320.9000244140625,451
4373,2018-02-12,1324.199951171875,1325.5,1318.0,1323.800048828125,140
4374,2018-02-13,1328.0999755859375,1329.5999755859375,1323.4000244140625,1324.5,71
4375,2018-02-14,1355.5,1355.5,1324.0,1332.800048828125,400
4376,2018-02-15,1352.0999755859375,1355.9000244140625,1349.699951171875,1352.0,111
4377,2018-02-16,1353.199951171875,1361.4000244140625,1344.9000244140625,1354.0,110
4378,2018-02-20,1328.800048828125,1350.199951171875,1328.5,1348.4000244140625,283
4379,2018-02-21,1330.0,1331.5,1324.4000244140625,1326.800048828125,119
4380,2018-02-22,1330.5999755859375,1331.4000244140625,1322.0,1322.0,70
4381,2018-02-23,1328.199951171875,1332.0999755859375,1327.699951171875,1328.0,427
4382,2018-02-26,1330.699951171875,1340.5,1330.699951171875,1335.0,652
4383,2018-02-27,1315.5,1332.5999755859375,1312.699951171875,1331.699951171875,710
4384,2018-02-28,1315.5,1321.0,1315.4000244140625,1315.4000244140625,58
4385,2018-03-01,1302.9000244140625,1318.0999755859375,1301.800048828125,1310.4000244140625,43
4386,2018-03-02,1321.0999755859375,1323.199951171875,1314.300048828125,1314.300048828125,155
4387,2018-03-05,1318.0999755859375,1325.9000244140625,1318.0999755859375,1323.5,18
4388,2018-03-06,1333.5999755859375,1333.5999755859375,1321.4000244140625,1321.5999755859375,18
4389,2018-03-07,1326.0,1338.0999755859375,1326.0,1338.0999755859375,27
4390,2018-03-08,1319.9000244140625,1326.800048828125,1319.300048828125,1324.800048828125,62
4391,2018-03-09,1322.4000244140625,1322.4000244140625,1313.0,1316.800048828125,88
4392,2018-03-12,1319.4000244140625,1319.4000244140625,1319.4000244140625,1319.4000244140625,0
4393,2018-03-13,1325.9000244140625,1325.9000244140625,1325.300048828125,1325.9000244140625,13
4394,2018-03-14,1324.4000244140625,1324.4000244140625,1322.199951171875,1322.199951171875,19
4395,2018-03-15,1316.800048828125,1316.800048828125,1316.800048828125,1316.800048828125,0
4396,2018-03-16,1311.300048828125,1311.300048828125,1310.0999755859375,1310.0999755859375,34
4397,2018-03-19,1316.800048828125,1316.9000244140625,1307.300048828125,1309.4000244140625,6
4398,2018-03-20,1311.0999755859375,1311.0999755859375,1311.0999755859375,1311.0999755859375,4
4399,2018-03-21,1320.699951171875,1328.800048828125,1312.4000244140625,1312.4000244140625,34
4400,2018-03-22,1326.5999755859375,1326.5999755859375,1326.5999755859375,1326.5999755859375,0
4401,2018-03-23,1349.300048828125,1349.300048828125,1343.199951171875,1343.199951171875,8
4402,2018-03-26,1354.4000244140625,1354.4000244140625,1345.0999755859375,1348.5,10
4403,2018-03-27,1341.300048828125,1341.300048828125,1341.0,1341.0,290889
4404,2018-03-28,1324.199951171875,1346.4000244140625,1322.4000244140625,1345.0,59284
4405,2018-03-29,1322.800048828125,1327.0999755859375,1321.699951171875,1324.0,5585
4406,2018-04-02,1342.0999755859375,1344.199951171875,1324.699951171875,1327.0,649
4407,2018-04-03,1332.800048828125,1341.5,1328.5,1340.4000244140625,702
4408,2018-04-04,1335.800048828125,1347.300048828125,1331.5999755859375,1331.800048828125,718
4409,2018-04-05,1324.300048828125,1333.699951171875,1322.5999755859375,1333.5,258
4410,2018-04-06,1331.9000244140625,1333.0,1319.0,1326.5,348
4411,2018-04-09,1336.300048828125,1337.5,1327.0,1333.0,290
4412,2018-04-10,1342.0,1342.0,1333.0,1335.199951171875,105
4413,2018-04-11,1356.5,1365.4000244140625,1340.0999755859375,1340.0999755859375,118
4414,2018-04-12,1338.4000244140625,1351.5,1334.5999755859375,1351.199951171875,34
4415,2018-04-13,1344.800048828125,1346.0,1335.9000244140625,1335.9000244140625,67
4416,2018-04-16,1347.5,1348.800048828125,1341.0,1341.0,60
4417,2018-04-17,1347.199951171875,1348.0999755859375,1339.0,1348.0,409
4418,2018-04-18,1351.199951171875,1354.199951171875,1343.5,1343.5,45
4419,2018-04-19,1346.800048828125,1355.199951171875,1341.5999755859375,1348.5999755859375,387
4420,2018-04-20,1336.699951171875,1343.4000244140625,1335.300048828125,1342.5,310
4421,2018-04-23,1322.5,1334.4000244140625,1322.5,1334.0,68
4422,2018-04-24,1331.4000244140625,1331.699951171875,1326.199951171875,1326.4000244140625,28
4423,2018-04-25,1321.199951171875,1325.0,1320.0,1324.0,278
4424,2018-04-26,1316.300048828125,1316.300048828125,1315.699951171875,1315.699951171875,569
4425,2018-04-27,1320.300048828125,1321.699951171875,1312.800048828125,1315.300048828125,622
4426,2018-04-30,1316.199951171875,1316.199951171875,1309.5999755859375,1309.5999755859375,49
4427,2018-05-01,1303.800048828125,1313.800048828125,1303.4000244140625,1313.199951171875,28
4428,2018-05-02,1302.5999755859375,1309.300048828125,1302.5999755859375,1309.0,23
4429,2018-05-03,1310.699951171875,1310.699951171875,1310.699951171875,1310.699951171875,4
4430,2018-05-04,1312.699951171875,1312.699951171875,1312.699951171875,1312.699951171875,0
4431,2018-05-07,1312.199951171875,1312.5,1310.199951171875,1310.5999755859375,4
4432,2018-05-08,1312.0,1312.0,1308.5,1310.0999755859375,337
4433,2018-05-09,1311.300048828125,1311.300048828125,1311.300048828125,1311.300048828125,70
4434,2018-05-10,1320.800048828125,1320.800048828125,1312.199951171875,1312.199951171875,8
4435,2018-05-11,1319.0,1319.0,1319.0,1319.0,3
4436,2018-05-14,1316.5,1319.9000244140625,1316.5,1319.9000244140625,4
4437,2018-05-15,1288.9000244140625,1304.699951171875,1288.9000244140625,1304.5999755859375,8
4438,2018-05-16,1290.199951171875,1294.0,1285.4000244140625,1290.9000244140625,26
4439,2018-05-17,1288.199951171875,1291.300048828125,1288.199951171875,1291.300048828125,2
4440,2018-05-18,1290.199951171875,1290.199951171875,1285.199951171875,1285.199951171875,2
4441,2018-05-21,1290.199951171875,1292.0999755859375,1287.4000244140625,1287.4000244140625,52
4442,2018-05-22,1291.699951171875,1291.699951171875,1291.699951171875,1291.699951171875,50
4443,2018-05-23,1289.300048828125,1289.300048828125,1289.300048828125,1289.300048828125,10
4444,2018-05-24,1303.699951171875,1303.699951171875,1303.699951171875,1303.699951171875,0
4445,2018-05-25,1303.300048828125,1303.300048828125,1303.300048828125,1303.300048828125,1
4446,2018-05-29,1298.699951171875,1298.699951171875,1298.699951171875,1298.699951171875,386334
4447,2018-05-30,1301.5,1303.699951171875,1295.199951171875,1298.0,50845
4448,2018-05-31,1300.0999755859375,1306.800048828125,1296.5999755859375,1301.0,4082
4449,2018-06-01,1294.800048828125,1299.5,1288.9000244140625,1298.5999755859375,663
4450,2018-06-04,1293.0999755859375,1297.0999755859375,1290.0,1293.9000244140625,144
4451,2018-06-05,1297.5,1299.800048828125,1289.9000244140625,1292.0999755859375,357
4452,2018-06-06,1297.0999755859375,1300.4000244140625,1294.0999755859375,1296.0999755859375,373
4453,2018-06-07,1298.699951171875,1302.800048828125,1296.199951171875,1298.4000244140625,79
4454,2018-06-08,1298.0999755859375,1299.4000244140625,1294.800048828125,1295.300048828125,650
4455,2018-06-11,1298.9000244140625,1302.0,1295.199951171875,1299.300048828125,71
4456,2018-06-12,1295.0999755859375,1298.0999755859375,1292.699951171875,1297.800048828125,153
4457,2018-06-13,1296.9000244140625,1299.4000244140625,1290.9000244140625,1294.0,135
4458,2018-06-14,1304.0,1307.699951171875,1297.199951171875,1297.199951171875,42
4459,2018-06-15,1274.5999755859375,1307.699951171875,1274.0,1297.199951171875,589
4460,2018-06-18,1276.199951171875,1280.699951171875,1276.199951171875,1280.699951171875,35
4461,2018-06-19,1275.5999755859375,1281.800048828125,1269.9000244140625,1278.699951171875,34
4462,2018-06-20,1271.199951171875,1274.4000244140625,1271.199951171875,1274.4000244140625,7
4463,2018-06-21,1267.199951171875,1268.9000244140625,1260.0,1262.699951171875,46
4464,2018-06-22,1267.4000244140625,1270.199951171875,1267.0,1268.0999755859375,74
4465,2018-06-25,1265.5999755859375,1271.199951171875,1265.5999755859375,1270.5999755859375,37
4466,2018-06-26,1256.5999755859375,1267.199951171875,1256.5999755859375,1267.199951171875,89
4467,2018-06-27,1252.800048828125,1255.5,1252.300048828125,1255.5,1162
4468,2018-06-28,1247.800048828125,1251.699951171875,1244.800048828125,1251.699951171875,378
4469,2018-06-29,1251.300048828125,1253.300048828125,1249.0999755859375,1250.300048828125,48
4470,2018-07-02,1239.800048828125,1249.9000244140625,1239.800048828125,1249.9000244140625,29
4471,2018-07-03,1251.5999755859375,1254.0999755859375,1237.0,1238.0999755859375,36
4472,2018-07-05,1257.300048828125,1257.300048828125,1253.5999755859375,1255.5,9
4473,2018-07-06,1254.300048828125,1255.5,1254.300048828125,1255.5,7
4474,2018-07-09,1258.0999755859375,1262.300048828125,1257.699951171875,1258.199951171875,37
4475,2018-07-10,1253.800048828125,1256.9000244140625,1249.300048828125,1256.199951171875,65
4476,2018-07-11,1242.800048828125,1253.199951171875,1242.800048828125,1253.199951171875,30
4477,2018-07-12,1245.0,1246.699951171875,1240.9000244140625,1240.9000244140625,7
4478,2018-07-13,1239.5999755859375,1247.0,1239.5999755859375,1244.699951171875,2
4479,2018-07-16,1238.0999755859375,1243.800048828125,1238.0999755859375,1242.699951171875,2
4480,2018-07-17,1225.699951171875,1225.699951171875,1225.699951171875,1225.699951171875,0
4481,2018-07-18,1226.300048828125,1226.699951171875,1222.199951171875,1226.699951171875,67
4482,2018-07-19,1222.4000244140625,1228.0,1211.699951171875,1227.199951171875,33
4483,2018-07-20,1229.5,1229.5,1229.5,1229.5,0
4484,2018-07-23,1224.0,1224.0,1222.0,1222.0,1
4485,2018-07-24,1223.9000244140625,1223.9000244140625,1223.9000244140625,1223.9000244140625,0
4486,2018-07-25,1231.4000244140625,1231.4000244140625,1231.4000244140625,1231.4000244140625,0
4487,2018-07-26,1225.300048828125,1227.800048828125,1225.300048828125,1227.800048828125,1
4488,2018-07-27,1222.5999755859375,1222.5999755859375,1222.5999755859375,1222.5999755859375,254428
4489,2018-07-30,1221.300048828125,1223.9000244140625,1218.0999755859375,1222.5,62239
4490,2018-07-31,1223.699951171875,1228.0999755859375,1213.0,1220.4000244140625,2722
4491,2018-08-01,1217.9000244140625,1223.699951171875,1214.4000244140625,1222.9000244140625,1026
4492,2018-08-02,1210.5999755859375,1219.300048828125,1205.800048828125,1214.699951171875,411
4493,2018-08-03,1214.199951171875,1218.5999755859375,1205.0999755859375,1206.5,784
4494,2018-08-06,1208.5999755859375,1214.4000244140625,1206.5999755859375,1214.4000244140625,297
4495,2018-08-07,1209.5999755859375,1214.800048828125,1207.800048828125,1207.800048828125,715
4496,2018-08-08,1212.5999755859375,1215.199951171875,1205.9000244140625,1212.0,209
4497,2018-08-09,1211.9000244140625,1215.300048828125,1211.5999755859375,1214.5,44
4498,2018-08-10,1211.0999755859375,1216.4000244140625,1205.5999755859375,1212.5,75
4499,2018-08-13,1191.300048828125,1207.4000244140625,1191.300048828125,1207.0,78
4500,2018-08-14,1193.0,1197.5,1192.800048828125,1193.0999755859375,92
4501,2018-08-15,1177.5,1188.0999755859375,1174.5999755859375,1187.800048828125,71
4502,2018-08-16,1176.199951171875,1180.199951171875,1161.4000244140625,1173.199951171875,123
4503,2018-08-17,1176.5,1181.199951171875,1174.699951171875,1174.699951171875,66
4504,2018-08-20,1186.800048828125,1190.0,1184.4000244140625,1184.800048828125,68
4505,2018-08-21,1192.5999755859375,1192.5999755859375,1189.800048828125,1189.800048828125,22
4506,2018-08-22,1196.300048828125,1196.300048828125,1194.699951171875,1194.699951171875,17
4507,2018-08-23,1187.0,1190.300048828125,1184.9000244140625,1189.300048828125,95
4508,2018-08-24,1206.300048828125,1208.0,1185.300048828125,1185.300048828125,12
4509,2018-08-27,1209.0,1211.4000244140625,1205.199951171875,1210.300048828125,154
4510,2018-08-28,1207.4000244140625,1217.0,1202.300048828125,1209.699951171875,136
4511,2018-08-29,1204.5,1205.199951171875,1202.4000244140625,1205.199951171875,817
4512,2018-08-30,1197.699951171875,1205.5999755859375,1196.0,1205.4000244140625,493
4513,2018-08-31,1200.300048828125,1208.199951171875,1199.0999755859375,1207.0999755859375,191
4514,2018-09-04,1192.699951171875,1193.800048828125,1189.9000244140625,1193.800048828125,26
4515,2018-09-05,1194.9000244140625,1196.0,1192.5,1192.5,21
4516,2018-09-06,1197.9000244140625,1202.0,1197.9000244140625,1202.0,7
4517,2018-09-07,1193.5999755859375,1198.300048828125,1193.0999755859375,1198.300048828125,29
4518,2018-09-10,1193.0,1193.0,1193.0,1193.0,11
4519,2018-09-11,1195.4000244140625,1196.300048828125,1190.4000244140625,1190.4000244140625,21
4520,2018-09-12,1204.699951171875,1205.0,1204.699951171875,1205.0,37
4521,2018-09-13,1202.0,1203.4000244140625,1200.0,1203.4000244140625,22
4522,2018-09-14,1195.0,1195.0,1195.0,1195.0,1
4523,2018-09-17,1199.699951171875,1199.699951171875,1199.699951171875,1199.699951171875,0
4524,2018-09-18,1196.800048828125,1198.699951171875,1196.800048828125,1198.699951171875,2
4525,2018-09-19,1202.199951171875,1202.199951171875,1202.199951171875,1202.199951171875,0
4526,2018-09-20,1206.199951171875,1206.199951171875,1206.199951171875,1206.199951171875,0
4527,2018-09-21,1196.199951171875,1196.199951171875,1196.199951171875,1196.199951171875,0
4528,2018-09-24,1199.300048828125,1199.300048828125,1199.300048828125,1199.300048828125,0
4529,2018-09-25,1200.0,1202.800048828125,1200.0,1202.0999755859375,21
4530,2018-09-26,1194.0,1194.0,1194.0,1194.0,17857
4531,2018-09-27,1182.300048828125,1197.300048828125,1180.5,1194.5999755859375,4947
4532,2018-09-28,1191.5,1191.9000244140625,1180.0,1181.699951171875,404
4533,2018-10-01,1187.0999755859375,1191.5999755859375,1185.800048828125,1191.5999755859375,180
4534,2018-10-02,1202.4000244140625,1206.0,1190.300048828125,1193.0,451
4535,2018-10-03,1198.300048828125,1202.5999755859375,1196.5999755859375,1202.5999755859375,76
4536,2018-10-04,1197.199951171875,1204.5999755859375,1197.199951171875,1199.300048828125,496
4537,2018-10-05,1201.199951171875,1205.300048828125,1196.9000244140625,1197.0999755859375,34
4538,2018-10-08,1184.4000244140625,1201.0,1183.699951171875,1201.0,250
4539,2018-10-09,1187.199951171875,1189.0999755859375,1185.5999755859375,1185.5999755859375,9
4540,2018-10-10,1189.300048828125,1192.0,1189.300048828125,1189.300048828125,1078
4541,2018-10-11,1223.5,1224.5999755859375,1196.300048828125,1198.0999755859375,126
4542,2018-10-12,1218.0999755859375,1221.5999755859375,1216.0,1221.5999755859375,122
4543,2018-10-15,1226.4000244140625,1232.300048828125,1222.4000244140625,1222.4000244140625,136
4544,2018-10-16,1227.300048828125,1230.5,1227.0999755859375,1227.0999755859375,426
4545,2018-10-17,1223.699951171875,1225.9000244140625,1223.699951171875,1225.9000244140625,1
4546,2018-10-18,1226.5,1226.5,1226.5,1226.5,165
4547,2018-10-19,1225.300048828125,1225.300048828125,1225.300048828125,1225.300048828125,55
4548,2018-10-22,1221.199951171875,1224.5,1219.5999755859375,1224.5,18
4549,2018-10-23,1233.4000244140625,1237.800048828125,1224.800048828125,1224.800048828125,33
4550,2018-10-24,1227.800048828125,1231.5999755859375,1227.800048828125,1231.5999755859375,36
4551,2018-10-25,1229.0999755859375,1238.5999755859375,1229.0999755859375,1238.5999755859375,7
4552,2018-10-26,1232.5,1234.800048828125,1232.5,1234.300048828125,20
4553,2018-10-29,1224.5,1224.5,1224.5,1224.5,214
4554,2018-10-30,1222.5999755859375,1227.699951171875,1219.800048828125,1227.699951171875,72
4555,2018-10-31,1212.300048828125,1216.5999755859375,1212.0,1216.0,121
4556,2018-11-01,1236.0,1236.0,1215.4000244140625,1215.4000244140625,14
4557,2018-11-02,1230.9000244140625,1233.300048828125,1230.9000244140625,1233.300048828125,18
4558,2018-11-05,1229.800048828125,1231.5,1226.699951171875,1230.5999755859375,15
4559,2018-11-06,1223.800048828125,1233.800048828125,1223.800048828125,1230.699951171875,4
4560,2018-11-07,1226.199951171875,1228.5999755859375,1226.199951171875,1228.5999755859375,1
4561,2018-11-08,1222.9000244140625,1222.9000244140625,1222.9000244140625,1222.9000244140625,2
4562,2018-11-09,1206.4000244140625,1207.9000244140625,1206.4000244140625,1207.9000244140625,14
4563,2018-11-12,1201.300048828125,1201.5999755859375,1201.300048828125,1201.5999755859375,1
4564,2018-11-13,1199.199951171875,1201.300048828125,1196.300048828125,1196.300048828125,5
4565,2018-11-14,1207.9000244140625,1207.9000244140625,1207.9000244140625,1207.9000244140625,0
4566,2018-11-15,1212.800048828125,1212.800048828125,1212.800048828125,1212.800048828125,0
4567,2018-11-16,1220.800048828125,1223.800048828125,1216.699951171875,1216.699951171875,5
4568,2018-11-19,1223.0999755859375,1223.0999755859375,1223.0999755859375,1223.0999755859375,0
4569,2018-11-20,1219.0,1228.800048828125,1219.0,1225.300048828125,12
4570,2018-11-21,1225.800048828125,1225.800048828125,1225.800048828125,1225.800048828125,0
4571,2018-11-23,1221.0,1224.800048828125,1221.0,1224.800048828125,1
4572,2018-11-26,1220.199951171875,1222.0,1220.199951171875,1220.199951171875,2
4573,2018-11-27,1211.199951171875,1222.0,1211.199951171875,1221.9000244140625,5
4574,2018-11-28,1221.4000244140625,1221.4000244140625,1211.5,1211.5,247168
4575,2018-11-29,1224.0999755859375,1228.699951171875,1220.5,1221.0,55478
4576,2018-11-30,1220.199951171875,1225.0,1216.0999755859375,1224.0999755859375,2060
4577,2018-12-03,1233.9000244140625,1234.0999755859375,1221.300048828125,1222.5,751
4578,2018-12-04,1241.0999755859375,1241.4000244140625,1230.4000244140625,1231.0,474
4579,2018-12-06,1238.0999755859375,1244.4000244140625,1234.800048828125,1237.5,434
4580,2018-12-07,1246.800048828125,1249.800048828125,1237.5999755859375,1238.300048828125,211
4581,2018-12-10,1243.699951171875,1249.5999755859375,1241.699951171875,1249.5999755859375,131
4582,2018-12-11,1241.9000244140625,1248.699951171875,1241.5,1245.800048828125,117
4583,2018-12-12,1244.4000244140625,1245.5999755859375,1244.0999755859375,1245.300048828125,84
4584,2018-12-13,1242.699951171875,1243.5,1241.0,1243.5,194
4585,2018-12-14,1237.0,1241.699951171875,1234.0999755859375,1241.699951171875,33
4586,2018-12-17,1247.4000244140625,1247.4000244140625,1239.300048828125,1239.300048828125,10
4587,2018-12-18,1249.199951171875,1249.199951171875,1245.5999755859375,1248.199951171875,31
4588,2018-12-19,1252.0999755859375,1255.800048828125,1252.0999755859375,1255.800048828125,268
4589,2018-12-20,1263.5999755859375,1263.5999755859375,1243.199951171875,1243.199951171875,49
4590,2018-12-21,1253.800048828125,1261.300048828125,1253.800048828125,1260.300048828125,96
4591,2018-12-24,1267.5,1268.5,1260.300048828125,1260.300048828125,27
4592,2018-12-26,1269.199951171875,1277.4000244140625,1269.199951171875,1269.300048828125,63
4593,2018-12-27,1277.300048828125,1277.300048828125,1276.699951171875,1276.699951171875,480
4594,2018-12-28,1279.9000244140625,1280.0999755859375,1273.5,1273.5,805
4595,2018-12-31,1278.300048828125,1281.300048828125,1277.5999755859375,1278.0,19
4596,2019-01-02,1281.0,1286.0,1277.5999755859375,1286.0,149
4597,2019-01-03,1291.800048828125,1292.0,1286.699951171875,1286.800048828125,10
4598,2019-01-04,1282.699951171875,1294.199951171875,1275.300048828125,1294.199951171875,34
4599,2019-01-07,1286.800048828125,1286.800048828125,1286.5999755859375,1286.800048828125,2
4600,2019-01-08,1283.199951171875,1283.199951171875,1278.199951171875,1280.5,54
4601,2019-01-09,1289.300048828125,1289.300048828125,1279.199951171875,1279.4000244140625,102
4602,2019-01-10,1284.699951171875,1284.699951171875,1284.699951171875,1284.699951171875,0
4603,2019-01-11,1287.0999755859375,1291.199951171875,1286.300048828125,1291.199951171875,11
4604,2019-01-14,1289.0999755859375,1293.9000244140625,1289.0999755859375,1292.4000244140625,7
4605,2019-01-15,1286.199951171875,1292.699951171875,1286.199951171875,1290.0999755859375,3
4606,2019-01-16,1291.5999755859375,1291.5999755859375,1291.5999755859375,1291.5999755859375,2
4607,2019-01-17,1291.0,1292.699951171875,1288.5,1291.5999755859375,10
4608,2019-01-18,1281.300048828125,1281.300048828125,1281.300048828125,1281.300048828125,3
4609,2019-01-22,1282.5,1283.300048828125,1282.5,1282.5,7
4610,2019-01-23,1283.0999755859375,1283.9000244140625,1278.699951171875,1281.699951171875,14
4611,2019-01-24,1279.0999755859375,1279.0999755859375,1278.5,1279.0999755859375,1
4612,2019-01-25,1297.4000244140625,1297.4000244140625,1297.4000244140625,1297.4000244140625,0
4613,2019-01-28,1302.4000244140625,1307.0999755859375,1298.4000244140625,1300.800048828125,54
4614,2019-01-29,1308.199951171875,1308.199951171875,1308.199951171875,1308.199951171875,213607
4615,2019-01-30,1309.9000244140625,1323.4000244140625,1308.0999755859375,1310.4000244140625,54958
4616,2019-01-31,1319.699951171875,1325.4000244140625,1316.699951171875,1320.0,1970
4617,2019-02-01,1316.9000244140625,1320.699951171875,1315.4000244140625,1320.300048828125,878
4618,2019-02-04,1314.300048828125,1318.0999755859375,1308.300048828125,1318.0999755859375,675
4619,2019-02-05,1314.199951171875,1315.0999755859375,1311.0,1311.0999755859375,362
4620,2019-02-06,1309.5,1313.5,1305.0,1312.5,358
4621,2019-02-07,1309.4000244140625,1310.4000244140625,1302.199951171875,1302.9000244140625,203
4622,2019-02-08,1313.699951171875,1314.0,1307.800048828125,1309.5,122
4623,2019-02-11,1307.0,1313.4000244140625,1304.699951171875,1313.4000244140625,119
4624,2019-02-12,1309.199951171875,1312.0,1307.5999755859375,1310.0,109
4625,2019-02-13,1310.800048828125,1316.0,1308.0999755859375,1311.5999755859375,143
4626,2019-02-14,1309.800048828125,1311.800048828125,1301.5999755859375,1305.0,858
4627,2019-02-15,1318.0999755859375,1318.800048828125,1313.5999755859375,1313.5999755859375,190
4628,2019-02-19,1340.0999755859375,1340.0999755859375,1320.5,1320.9000244140625,390
4629,2019-02-20,1343.300048828125,1344.0,1338.0,1342.199951171875,581
4630,2019-02-21,1323.5,1334.9000244140625,1320.9000244140625,1331.300048828125,414
4631,2019-02-22,1329.199951171875,1331.300048828125,1321.0,1324.199951171875,718
4632,2019-02-25,1325.9000244140625,1331.5999755859375,1325.5999755859375,1329.199951171875,185
4633,2019-02-26,1325.0999755859375,1325.5,1323.300048828125,1323.300048828125,939
4634,2019-02-27,1317.699951171875,1327.9000244140625,1316.5,1327.699951171875,604
4635,2019-02-28,1312.800048828125,1323.699951171875,1311.5,1321.0999755859375,141
4636,2019-03-01,1296.4000244140625,1312.199951171875,1288.9000244140625,1312.199951171875,110
4637,2019-03-04,1284.800048828125,1287.0,1281.9000244140625,1285.5,28
4638,2019-03-05,1282.0,1287.0,1282.0,1287.0,114
4639,2019-03-06,1284.9000244140625,1287.0999755859375,1282.5999755859375,1287.0999755859375,14
4640,2019-03-07,1283.800048828125,1284.5999755859375,1281.0,1281.0,11
4641,2019-03-08,1297.0,1297.4000244140625,1291.5999755859375,1292.0999755859375,10
4642,2019-03-11,1288.800048828125,1291.0,1288.800048828125,1291.0,9
4643,2019-03-12,1296.300048828125,1296.300048828125,1294.699951171875,1294.699951171875,1
4644,2019-03-13,1307.5,1307.5,1307.5,1307.5,0
4645,2019-03-14,1293.4000244140625,1293.4000244140625,1293.4000244140625,1293.4000244140625,1
4646,2019-03-15,1301.800048828125,1304.699951171875,1300.5,1300.9000244140625,26
4647,2019-03-18,1300.300048828125,1302.199951171875,1297.300048828125,1297.300048828125,8
4648,2019-03-19,1305.0,1306.9000244140625,1304.800048828125,1306.9000244140625,20
4649,2019-03-20,1300.5,1300.699951171875,1300.5,1300.699951171875,2
4650,2019-03-21,1306.0999755859375,1306.0999755859375,1306.0999755859375,1306.0999755859375,0
4651,2019-03-22,1311.5999755859375,1311.5999755859375,1311.5999755859375,1311.5999755859375,0
4652,2019-03-25,1321.9000244140625,1322.9000244140625,1320.699951171875,1320.699951171875,19
4653,2019-03-26,1314.300048828125,1315.5999755859375,1314.300048828125,1315.5999755859375,1
4654,2019-03-27,1309.9000244140625,1309.9000244140625,1309.9000244140625,1309.9000244140625,206263
4655,2019-03-28,1289.800048828125,1311.0999755859375,1287.699951171875,1308.4000244140625,87798
4656,2019-03-29,1293.0,1298.5,1286.0999755859375,1289.5999755859375,1265
4657,2019-04-01,1288.4000244140625,1295.9000244140625,1285.699951171875,1291.800048828125,675
4658,2019-04-02,1290.0,1290.9000244140625,1284.5,1286.300048828125,525
4659,2019-04-03,1289.9000244140625,1293.0999755859375,1287.5,1291.4000244140625,172
4660,2019-04-04,1289.0,1292.5999755859375,1279.5,1290.5999755859375,269
4661,2019-04-05,1290.4000244140625,1292.0,1283.5999755859375,1292.0,181
4662,2019-04-08,1297.0999755859375,1302.0999755859375,1291.800048828125,1292.199951171875,63
4663,2019-04-09,1303.5,1304.9000244140625,1298.5,1298.5,30
4664,2019-04-10,1309.0999755859375,1309.0999755859375,1301.5,1304.0,66
4665,2019-04-11,1288.5999755859375,1307.0999755859375,1288.5999755859375,1307.0,420
4666,2019-04-12,1290.5999755859375,1293.4000244140625,1289.199951171875,1293.4000244140625,607
4667,2019-04-15,1286.800048828125,1287.300048828125,1282.300048828125,1284.800048828125,523
4668,2019-04-16,1272.5999755859375,1285.199951171875,1272.199951171875,1285.199951171875,643
4669,2019-04-17,1272.199951171875,1273.5,1271.5999755859375,1273.5,308
4670,2019-04-18,1271.9000244140625,1273.5999755859375,1270.0999755859375,1270.800048828125,27
4671,2019-04-22,1273.5,1273.5,1273.5,1273.5,147
4672,2019-04-23,1269.300048828125,1269.800048828125,1266.0,1266.4000244140625,206
4673,2019-04-24,1275.5,1275.5,1267.800048828125,1268.4000244140625,518
4674,2019-04-25,1275.800048828125,1280.800048828125,1275.800048828125,1280.5999755859375,95
4675,2019-04-26,1284.9000244140625,1284.9000244140625,1284.9000244140625,1284.9000244140625,804
4676,2019-04-29,1278.5999755859375,1284.9000244140625,1277.0999755859375,1284.800048828125,568
4677,2019-04-30,1282.800048828125,1283.300048828125,1280.800048828125,1281.699951171875,114
4678,2019-05-01,1281.4000244140625,1283.300048828125,1278.699951171875,1278.699951171875,70
4679,2019-05-02,1269.699951171875,1270.800048828125,1266.5999755859375,1269.199951171875,63
4680,2019-05-03,1279.199951171875,1279.199951171875,1270.0999755859375,1270.0999755859375,15
4681,2019-05-06,1281.699951171875,1282.199951171875,1280.300048828125,1282.199951171875,12
4682,2019-05-07,1283.5,1283.5,1280.5,1280.5,8
4683,2019-05-08,1279.4000244140625,1279.4000244140625,1279.4000244140625,1279.4000244140625,5
4684,2019-05-09,1283.5,1285.0,1278.800048828125,1278.9000244140625,38
4685,2019-05-10,1285.699951171875,1286.5,1283.300048828125,1285.4000244140625,6
4686,2019-05-13,1300.0999755859375,1300.0999755859375,1281.800048828125,1286.699951171875,56
4687,2019-05-14,1294.699951171875,1297.800048828125,1294.699951171875,1297.800048828125,6
4688,2019-05-15,1296.300048828125,1296.9000244140625,1296.0,1296.9000244140625,55
4689,2019-05-16,1285.0,1285.4000244140625,1285.0,1285.199951171875,3
4690,2019-05-17,1274.5,1280.0,1274.5,1280.0,1
4691,2019-05-20,1276.0999755859375,1276.0999755859375,1276.0999755859375,1276.0999755859375,20
4692,2019-05-21,1272.0,1272.0,1272.0,1272.0,0
4693,2019-05-22,1273.5999755859375,1273.5999755859375,1273.5999755859375,1273.5999755859375,0
4694,2019-05-23,1284.800048828125,1284.800048828125,1284.800048828125,1284.800048828125,0
4695,2019-05-24,1283.0,1283.0,1283.0,1283.0,9
4696,2019-05-28,1276.5,1276.5,1276.5,1276.5,0
4697,2019-05-29,1280.5999755859375,1280.5999755859375,1280.5999755859375,1280.5999755859375,189694
4698,2019-05-30,1287.0999755859375,1288.300048828125,1273.9000244140625,1279.4000244140625,55573
4699,2019-05-31,1305.800048828125,1306.4000244140625,1287.5,1287.699951171875,2814
4700,2019-06-03,1322.699951171875,1327.800048828125,1307.0,1307.0,812
4701,2019-06-04,1323.4000244140625,1328.5999755859375,1320.800048828125,1324.300048828125,302
4702,2019-06-05,1328.300048828125,1343.300048828125,1326.300048828125,1328.9000244140625,622
4703,2019-06-06,1337.5999755859375,1338.699951171875,1326.199951171875,1330.800048828125,161
4704,2019-06-07,1341.199951171875,1347.699951171875,1329.800048828125,1333.0999755859375,240
4705,2019-06-10,1324.699951171875,1336.5,1324.0999755859375,1335.800048828125,268
4706,2019-06-11,1326.4000244140625,1328.4000244140625,1319.0999755859375,1328.4000244140625,201
4707,2019-06-12,1331.9000244140625,1334.5,1326.9000244140625,1326.9000244140625,139
4708,2019-06-13,1339.199951171875,1341.0999755859375,1331.5999755859375,1331.5999755859375,157
4709,2019-06-14,1340.0999755859375,1355.4000244140625,1339.300048828125,1345.4000244140625,914
4710,2019-06-17,1338.699951171875,1340.300048828125,1335.0,1339.0,76
4711,2019-06-18,1346.5999755859375,1349.300048828125,1341.5999755859375,1349.300048828125,29
4712,2019-06-19,1344.5999755859375,1344.5999755859375,1344.0,1344.0,129
4713,2019-06-20,1392.9000244140625,1392.9000244140625,1379.5,1381.5,76
4714,2019-06-21,1396.199951171875,1406.0,1390.300048828125,1406.0,35
4715,2019-06-24,1414.300048828125,1420.5999755859375,1402.0999755859375,1406.0,125
4716,2019-06-25,1414.9000244140625,1433.300048828125,1414.9000244140625,1418.0999755859375,105
4717,2019-06-26,1411.5999755859375,1413.300048828125,1405.800048828125,1407.199951171875,1333
4718,2019-06-27,1408.4000244140625,1410.800048828125,1399.800048828125,1407.0,437
4719,2019-06-28,1409.699951171875,1422.0,1408.300048828125,1408.300048828125,356
4720,2019-07-01,1385.5999755859375,1395.800048828125,1382.800048828125,1386.5999755859375,214
4721,2019-07-02,1404.5999755859375,1418.4000244140625,1390.800048828125,1391.0999755859375,38
4722,2019-07-03,1417.699951171875,1434.0,1413.0999755859375,1431.0,46
4723,2019-07-05,1396.699951171875,1418.300048828125,1390.199951171875,1418.300048828125,20
4724,2019-07-08,1397.0,1397.0,1393.5999755859375,1395.9000244140625,14
4725,2019-07-09,1397.5,1397.5,1386.199951171875,1394.5,53
4726,2019-07-10,1410.0999755859375,1410.0999755859375,1409.9000244140625,1409.9000244140625,50
4727,2019-07-11,1404.300048828125,1424.0,1404.300048828125,1424.0,6
4728,2019-07-12,1409.9000244140625,1410.0999755859375,1405.5999755859375,1405.5999755859375,8
4729,2019-07-15,1411.4000244140625,1415.0,1411.4000244140625,1414.4000244140625,25
4730,2019-07-16,1409.199951171875,1413.699951171875,1405.0,1413.5999755859375,13
4731,2019-07-17,1421.300048828125,1421.300048828125,1404.5999755859375,1404.5999755859375,6
4732,2019-07-18,1426.0999755859375,1444.199951171875,1419.5,1422.300048828125,66
4733,2019-07-19,1425.0999755859375,1442.0,1425.0999755859375,1440.5,22
4734,2019-07-22,1425.300048828125,1425.300048828125,1424.0,1425.300048828125,1
4735,2019-07-23,1420.0999755859375,1421.300048828125,1416.300048828125,1418.5999755859375,5
4736,2019-07-24,1422.800048828125,1422.800048828125,1422.800048828125,1422.800048828125,20
4737,2019-07-25,1413.9000244140625,1413.9000244140625,1413.9000244140625,1413.9000244140625,4
4738,2019-07-26,1418.5,1423.0,1418.5,1422.800048828125,5
4739,2019-07-29,1419.5999755859375,1419.5999755859375,1419.5999755859375,1419.5999755859375,224267
4740,2019-07-30,1429.699951171875,1433.9000244140625,1422.0999755859375,1426.300048828125,73874
4741,2019-07-31,1426.0999755859375,1435.800048828125,1411.199951171875,1431.300048828125,3294
4742,2019-08-01,1420.9000244140625,1445.199951171875,1400.9000244140625,1411.300048828125,2431
4743,2019-08-02,1445.5999755859375,1448.0,1432.300048828125,1448.0,1873
4744,2019-08-05,1464.5999755859375,1469.699951171875,1440.4000244140625,1440.4000244140625,1008
4745,2019-08-06,1472.4000244140625,1475.0,1457.699951171875,1469.699951171875,460
4746,2019-08-07,1507.300048828125,1509.9000244140625,1473.199951171875,1473.5,824
4747,2019-08-08,1497.699951171875,1508.5,1492.0,1498.4000244140625,367
4748,2019-08-09,1496.5999755859375,1507.5,1495.5999755859375,1506.199951171875,74
4749,2019-08-12,1505.300048828125,1514.9000244140625,1488.0999755859375,1496.0,257
4750,2019-08-13,1502.199951171875,1531.4000244140625,1483.699951171875,1510.4000244140625,672
4751,2019-08-14,1515.9000244140625,1520.5,1497.0,1500.0,328
4752,2019-08-15,1519.5999755859375,1522.699951171875,1510.5999755859375,1519.800048828125,87
4753,2019-08-16,1512.5,1524.5999755859375,1504.699951171875,1524.5999755859375,1815
4754,2019-08-19,1500.4000244140625,1507.5999755859375,1492.9000244140625,1507.199951171875,205
4755,2019-08-20,1504.5999755859375,1506.0999755859375,1497.5,1497.5,486
4756,2019-08-21,1504.5999755859375,1505.0,1498.800048828125,1504.9000244140625,350
4757,2019-08-22,1497.300048828125,1497.300048828125,1493.800048828125,1495.0999755859375,686
4758,2019-08-23,1526.5999755859375,1527.5999755859375,1493.5,1493.5,983
4759,2019-08-26,1526.300048828125,1543.300048828125,1524.300048828125,1543.199951171875,334
4760,2019-08-27,1541.0,1542.0999755859375,1528.5,1530.5,166
4761,2019-08-28,1537.800048828125,1538.0999755859375,1537.800048828125,1538.0999755859375,2756
4762,2019-08-29,1526.5,1549.300048828125,1519.5999755859375,1537.5,704
4763,2019-08-30,1519.0999755859375,1530.4000244140625,1516.699951171875,1524.5999755859375,276
4764,2019-09-03,1545.9000244140625,1547.300048828125,1521.0,1522.9000244140625,139
4765,2019-09-04,1550.300048828125,1553.199951171875,1534.800048828125,1549.0,46
4766,2019-09-05,1515.4000244140625,1551.0999755859375,1511.0999755859375,1551.0,125
4767,2019-09-06,1506.199951171875,1526.0,1504.5,1517.300048828125,54
4768,2019-09-09,1502.199951171875,1513.0,1498.0,1509.0,69
4769,2019-09-10,1490.300048828125,1498.5,1486.9000244140625,1498.5,23
4770,2019-09-11,1494.4000244140625,1496.5999755859375,1490.199951171875,1491.699951171875,8
4771,2019-09-12,1498.699951171875,1515.4000244140625,1498.699951171875,1499.5,27
4772,2019-09-13,1490.9000244140625,1490.9000244140625,1486.9000244140625,1490.9000244140625,1
4773,2019-09-16,1503.0999755859375,1506.800048828125,1496.9000244140625,1506.5999755859375,21
4774,2019-09-17,1505.0999755859375,1505.0999755859375,1497.9000244140625,1497.9000244140625,3
4775,2019-09-18,1507.5,1509.4000244140625,1489.300048828125,1508.9000244140625,8
4776,2019-09-19,1498.4000244140625,1502.4000244140625,1496.0999755859375,1496.0999755859375,10
4777,2019-09-20,1507.300048828125,1507.300048828125,1503.0,1503.0,2
4778,2019-09-23,1523.699951171875,1523.699951171875,1515.5,1515.5,5
4779,2019-09-24,1532.0999755859375,1533.0,1515.0999755859375,1515.0999755859375,25
4780,2019-09-25,1504.5999755859375,1527.9000244140625,1504.5999755859375,1527.5999755859375,25
4781,2019-09-26,1507.5,1507.5,1507.5,1507.5,8178
4782,2019-09-27,1499.0999755859375,1506.0999755859375,1485.5999755859375,1504.199951171875,7827
4783,2019-09-30,1465.699951171875,1495.9000244140625,1463.5,1495.9000244140625,1078
4784,2019-10-01,1482.0,1485.5,1458.300048828125,1468.699951171875,219
4785,2019-10-02,1501.0,1503.699951171875,1474.0999755859375,1476.5999755859375,205
4786,2019-10-03,1507.0999755859375,1518.199951171875,1496.5999755859375,1497.4000244140625,1213
4787,2019-10-04,1506.199951171875,1508.699951171875,1497.0999755859375,1505.5999755859375,233
4788,2019-10-07,1497.699951171875,1505.800048828125,1489.0999755859375,1504.800048828125,121
4789,2019-10-08,1497.199951171875,1506.300048828125,1489.300048828125,1489.4000244140625,46
4790,2019-10-09,1506.0999755859375,1507.699951171875,1498.4000244140625,1507.699951171875,120
4791,2019-10-10,1494.800048828125,1511.199951171875,1490.5999755859375,1511.199951171875,78
4792,2019-10-11,1482.699951171875,1494.9000244140625,1476.9000244140625,1491.9000244140625,57
4793,2019-10-14,1491.699951171875,1493.5,1481.300048828125,1484.4000244140625,400
4794,2019-10-15,1477.5999755859375,1495.4000244140625,1476.5999755859375,1488.9000244140625,367
4795,2019-10-16,1488.0,1488.0,1480.0,1482.0,383
4796,2019-10-17,1492.300048828125,1493.199951171875,1485.800048828125,1486.199951171875,271
4797,2019-10-18,1488.199951171875,1489.0999755859375,1486.5999755859375,1487.300048828125,82
4798,2019-10-21,1482.4000244140625,1489.9000244140625,1481.5,1489.9000244140625,72
4799,2019-10-22,1481.699951171875,1483.5,1481.699951171875,1483.4000244140625,99
4800,2019-10-23,1489.9000244140625,1490.300048828125,1486.4000244140625,1486.4000244140625,67
4801,2019-10-24,1498.9000244140625,1501.199951171875,1485.9000244140625,1490.5,115
4802,2019-10-25,1499.5,1514.300048828125,1499.0,1501.4000244140625,93
4803,2019-10-28,1490.0,1504.0999755859375,1490.0,1504.0999755859375,37
4804,2019-10-29,1487.0,1487.0,1485.9000244140625,1485.9000244140625,425
4805,2019-10-30,1493.199951171875,1495.4000244140625,1481.0,1487.199951171875,320
4806,2019-10-31,1511.4000244140625,1513.0999755859375,1496.0999755859375,1496.0999755859375,210
4807,2019-11-01,1508.0,1511.5999755859375,1503.0,1511.0,235
4808,2019-11-04,1508.0,1511.5999755859375,1508.0,1511.5999755859375,101
4809,2019-11-05,1480.800048828125,1507.0999755859375,1480.800048828125,1507.0999755859375,31
4810,2019-11-06,1490.199951171875,1491.0,1483.199951171875,1483.199951171875,567
4811,2019-11-07,1464.199951171875,1489.0999755859375,1464.199951171875,1489.0999755859375,581
4812,2019-11-08,1461.300048828125,1469.0999755859375,1461.300048828125,1469.0999755859375,21
4813,2019-11-11,1455.5,1461.0,1449.300048828125,1461.0,22
4814,2019-11-12,1452.0999755859375,1454.9000244140625,1447.0999755859375,1454.9000244140625,6
4815,2019-11-13,1461.699951171875,1463.300048828125,1456.800048828125,1456.800048828125,56
4816,2019-11-14,1471.800048828125,1471.800048828125,1463.699951171875,1463.800048828125,83
4817,2019-11-15,1467.300048828125,1469.0999755859375,1467.300048828125,1469.0999755859375,13
4818,2019-11-18,1470.9000244140625,1472.0,1469.699951171875,1472.0,141
4819,2019-11-19,1473.300048828125,1474.300048828125,1467.699951171875,1467.699951171875,18
4820,2019-11-20,1473.300048828125,1474.5,1467.300048828125,1472.5999755859375,31
4821,2019-11-21,1463.0999755859375,1463.0999755859375,1463.0999755859375,1463.0999755859375,16
4822,2019-11-22,1463.0999755859375,1468.5999755859375,1463.0999755859375,1468.5999755859375,19
4823,2019-11-25,1456.5999755859375,1457.0999755859375,1455.5,1457.0999755859375,14
4824,2019-11-26,1459.800048828125,1459.800048828125,1459.800048828125,1459.800048828125,346362
4825,2019-11-27,1453.4000244140625,1461.9000244140625,1452.0,1461.0999755859375,88364
4826,2019-11-29,1465.5999755859375,1465.5999755859375,1452.0999755859375,1453.5999755859375,7020
4827,2019-12-02,1462.300048828125,1464.4000244140625,1453.300048828125,1462.800048828125,2172
4828,2019-12-03,1478.199951171875,1480.4000244140625,1459.5,1461.5999755859375,1460
4829,2019-12-04,1474.0,1483.4000244140625,1471.199951171875,1477.5,613
4830,2019-12-05,1476.9000244140625,1478.0,1472.300048828125,1474.699951171875,907
4831,2019-12-06,1459.0999755859375,1476.0,1458.199951171875,1475.0,899
4832,2019-12-09,1459.300048828125,1464.199951171875,1458.5999755859375,1458.800048828125,1461
4833,2019-12-10,1462.5999755859375,1467.199951171875,1460.699951171875,1460.699951171875,367
4834,2019-12-11,1469.4000244140625,1475.4000244140625,1463.0999755859375,1463.0999755859375,393
4835,2019-12-12,1466.699951171875,1483.9000244140625,1463.699951171875,1475.0999755859375,955
4836,2019-12-13,1475.5999755859375,1475.9000244140625,1463.0999755859375,1463.0999755859375,468
4837,2019-12-16,1475.0,1475.300048828125,1473.800048828125,1473.800048828125,99
4838,2019-12-17,1474.5999755859375,1476.9000244140625,1474.0,1474.0999755859375,410
4839,2019-12-18,1472.5999755859375,1472.5999755859375,1472.5999755859375,1472.5999755859375,250
4840,2019-12-19,1478.199951171875,1478.9000244140625,1473.300048828125,1475.9000244140625,319
4841,2019-12-20,1474.699951171875,1478.0999755859375,1474.699951171875,1476.699951171875,118
4842,2019-12-23,1482.5,1482.5,1479.9000244140625,1482.300048828125,391
4843,2019-12-24,1499.0999755859375,1499.0999755859375,1488.699951171875,1488.699951171875,52
4844,2019-12-26,1509.300048828125,1512.300048828125,1505.0,1505.199951171875,126
4845,2019-12-27,1513.800048828125,1513.800048828125,1513.800048828125,1513.800048828125,839
4846,2019-12-30,1514.5,1515.0999755859375,1510.0,1512.5999755859375,446
4847,2019-12-31,1519.5,1523.4000244140625,1513.800048828125,1513.800048828125,301
4848,2020-01-02,1524.5,1528.699951171875,1518.0,1518.0999755859375,214
4849,2020-01-03,1549.199951171875,1552.699951171875,1530.0999755859375,1530.0999755859375,107
4850,2020-01-06,1566.199951171875,1580.0,1560.4000244140625,1580.0,416
4851,2020-01-07,1571.800048828125,1576.300048828125,1558.300048828125,1558.300048828125,47
4852,2020-01-08,1557.4000244140625,1604.199951171875,1552.300048828125,1579.699951171875,236
4853,2020-01-09,1551.699951171875,1555.699951171875,1543.300048828125,1555.699951171875,54
4854,2020-01-10,1557.5,1558.800048828125,1545.4000244140625,1551.199951171875,16
4855,2020-01-13,1548.4000244140625,1558.0,1548.4000244140625,1557.4000244140625,48
4856,2020-01-14,1542.4000244140625,1546.699951171875,1534.9000244140625,1546.699951171875,32
4857,2020-01-15,1552.0999755859375,1553.9000244140625,1545.5999755859375,1548.0,11
4858,2020-01-16,1549.0,1556.0999755859375,1548.5,1555.699951171875,98
4859,2020-01-17,1558.800048828125,1558.800048828125,1553.5999755859375,1554.0999755859375,108
4860,2020-01-21,1556.4000244140625,1566.199951171875,1551.0,1559.300048828125,45
4861,2020-01-22,1555.300048828125,1557.0999755859375,1549.800048828125,1549.800048828125,42
4862,2020-01-23,1564.5999755859375,1564.5999755859375,1552.199951171875,1553.0999755859375,15
4863,2020-01-24,1571.0999755859375,1571.0999755859375,1556.300048828125,1556.300048828125,43
4864,2020-01-27,1576.800048828125,1584.5,1576.800048828125,1584.300048828125,22
4865,2020-01-28,1569.199951171875,1576.4000244140625,1569.199951171875,1576.4000244140625,3
4866,2020-01-29,1569.800048828125,1569.800048828125,1569.800048828125,1569.800048828125,251274
4867,2020-01-30,1583.5,1585.0,1571.4000244140625,1576.800048828125,62336
4868,2020-01-31,1582.9000244140625,1589.0,1570.0,1573.4000244140625,1095
4869,2020-02-03,1577.199951171875,1593.300048828125,1568.199951171875,1592.9000244140625,1062
4870,2020-02-04,1550.4000244140625,1577.699951171875,1547.800048828125,1577.699951171875,978
4871,2020-02-05,1557.800048828125,1560.699951171875,1547.699951171875,1553.199951171875,1305
4872,2020-02-06,1565.0999755859375,1565.5999755859375,1551.5999755859375,1553.5999755859375,110
4873,2020-02-07,1568.5999755859375,1571.9000244140625,1560.5,1564.9000244140625,431
4874,2020-02-10,1574.699951171875,1574.699951171875,1568.5999755859375,1569.300048828125,128
4875,2020-02-11,1565.5999755859375,1571.0999755859375,1561.9000244140625,1570.9000244140625,440
4876,2020-02-12,1567.4000244140625,1568.699951171875,1561.0,1565.199951171875,36
4877,2020-02-13,1575.0999755859375,1575.0999755859375,1570.199951171875,1570.199951171875,74
4878,2020-02-14,1582.699951171875,1582.699951171875,1574.800048828125,1575.800048828125,68
4879,2020-02-18,1600.0,1604.300048828125,1579.800048828125,1579.800048828125,310
4880,2020-02-19,1607.5,1610.5,1599.699951171875,1600.5999755859375,542
4881,2020-02-20,1616.5999755859375,1621.0,1603.0,1606.5,117
4882,2020-02-21,1644.5999755859375,1645.0,1619.300048828125,1619.300048828125,186
4883,2020-02-24,1672.4000244140625,1686.5999755859375,1650.0,1657.0,435
4884,2020-02-25,1646.9000244140625,1653.699951171875,1632.300048828125,1645.0999755859375,409
4885,2020-02-26,1640.0,1648.0999755859375,1636.4000244140625,1644.0,1990
4886,2020-02-27,1640.0,1658.0,1638.5,1641.0999755859375,707
4887,2020-02-28,1564.0999755859375,1642.5,1564.0999755859375,1640.300048828125,289
4888,2020-03-02,1592.300048828125,1608.300048828125,1574.300048828125,1583.9000244140625,537
4889,2020-03-03,1642.0999755859375,1645.300048828125,1594.0,1594.5,610
4890,2020-03-04,1641.0999755859375,1645.9000244140625,1631.300048828125,1645.4000244140625,83
4891,2020-03-05,1666.4000244140625,1672.9000244140625,1637.199951171875,1637.300048828125,154
4892,2020-03-06,1670.800048828125,1686.199951171875,1647.199951171875,1670.800048828125,175
4893,2020-03-09,1674.5,1701.5999755859375,1657.699951171875,1696.0999755859375,161
4894,2020-03-10,1659.0999755859375,1674.5999755859375,1643.0,1671.5999755859375,48
4895,2020-03-11,1641.4000244140625,1666.5,1635.0,1656.5999755859375,47
4896,2020-03-12,1589.300048828125,1647.5,1566.4000244140625,1637.0,256
4897,2020-03-13,1515.699951171875,1589.800048828125,1513.800048828125,1574.9000244140625,89
4898,2020-03-16,1485.9000244140625,1569.0999755859375,1452.0999755859375,1569.0999755859375,193
4899,2020-03-17,1524.9000244140625,1537.699951171875,1469.300048828125,1469.300048828125,122
4900,2020-03-18,1477.300048828125,1542.0,1477.300048828125,1537.5,333
4901,2020-03-19,1478.5999755859375,1491.5999755859375,1471.0,1481.5,262
4902,2020-03-20,1484.0,1484.0,1483.5,1483.5,14
4903,2020-03-23,1567.0,1567.0,1490.199951171875,1505.300048828125,51
4904,2020-03-24,1660.199951171875,1685.5,1592.699951171875,1592.699951171875,442
4905,2020-03-25,1632.300048828125,1676.5,1631.0999755859375,1676.5,476
4906,2020-03-26,1650.0999755859375,1660.5,1650.0999755859375,1660.5,3
4907,2020-03-27,1623.9000244140625,1623.9000244140625,1623.9000244140625,1623.9000244140625,100638
4908,2020-03-30,1622.0,1652.800048828125,1607.199951171875,1641.199951171875,16389
4909,2020-03-31,1583.4000244140625,1621.0,1576.0,1618.699951171875,2874
4910,2020-04-01,1578.199951171875,1600.0,1570.0,1570.0,2158
4911,2020-04-02,1625.699951171875,1631.199951171875,1586.0,1590.9000244140625,1294
4912,2020-04-03,1633.699951171875,1636.0,1619.800048828125,1624.5,643
4913,2020-04-06,1677.0,1696.699951171875,1625.9000244140625,1629.0999755859375,1063
4914,2020-04-07,1664.800048828125,1724.4000244140625,1658.0,1695.699951171875,1144
4915,2020-04-08,1665.4000244140625,1677.0,1662.5,1669.699951171875,747
4916,2020-04-09,1736.199951171875,1736.199951171875,1662.699951171875,1662.699951171875,825
4917,2020-04-13,1744.800048828125,1756.800048828125,1710.699951171875,1722.0,696
4918,2020-04-14,1756.699951171875,1775.0,1739.5,1756.800048828125,675
4919,2020-04-15,1727.199951171875,1744.9000244140625,1722.699951171875,1739.4000244140625,642
4920,2020-04-16,1720.4000244140625,1750.5999755859375,1715.0,1731.0,162
4921,2020-04-17,1689.199951171875,1725.0,1684.9000244140625,1715.699951171875,223
4922,2020-04-20,1701.5999755859375,1701.5999755859375,1680.0,1686.0,106
4923,2020-04-21,1678.199951171875,1707.0999755859375,1659.9000244140625,1697.0,666
4924,2020-04-22,1728.699951171875,1728.699951171875,1684.800048828125,1696.0,453
4925,2020-04-23,1733.300048828125,1745.0999755859375,1733.300048828125,1734.0,482
4926,2020-04-24,1723.5,1744.0,1714.5,1744.0,221
4927,2020-04-27,1711.9000244140625,1731.9000244140625,1711.9000244140625,1731.9000244140625,169
4928,2020-04-28,1710.5,1716.5999755859375,1707.0999755859375,1716.5999755859375,1255
4929,2020-04-29,1703.4000244140625,1713.5,1702.0,1710.0,373
4930,2020-04-30,1684.199951171875,1719.300048828125,1680.800048828125,1719.300048828125,327
4931,2020-05-01,1694.5,1701.5,1670.5,1686.5999755859375,337
4932,2020-05-04,1706.9000244140625,1709.0,1699.5999755859375,1702.5999755859375,320
4933,2020-05-05,1704.4000244140625,1704.4000244140625,1697.199951171875,1701.5,82
4934,2020-05-06,1684.199951171875,1704.0,1684.199951171875,1704.0,469
4935,2020-05-07,1721.800048828125,1721.800048828125,1685.5999755859375,1686.199951171875,853
4936,2020-05-08,1709.9000244140625,1728.9000244140625,1703.800048828125,1726.199951171875,330
4937,2020-05-11,1695.300048828125,1704.5,1690.199951171875,1702.300048828125,749
4938,2020-05-12,1704.4000244140625,1713.0999755859375,1699.300048828125,1699.300048828125,324
4939,2020-05-13,1713.9000244140625,1721.300048828125,1701.9000244140625,1702.0,431
4940,2020-05-14,1738.0999755859375,1743.0999755859375,1720.5,1724.300048828125,672
4941,2020-05-15,1753.4000244140625,1753.4000244140625,1739.699951171875,1739.699951171875,719
4942,2020-05-18,1731.800048828125,1770.5,1731.800048828125,1755.699951171875,229
4943,2020-05-19,1744.199951171875,1749.5,1744.199951171875,1744.199951171875,167
4944,2020-05-20,1750.5999755859375,1752.0999755859375,1745.5999755859375,1751.5999755859375,16
4945,2020-05-21,1720.5,1746.800048828125,1720.5,1746.800048828125,528
4946,2020-05-22,1734.5999755859375,1734.5999755859375,1726.5999755859375,1726.5999755859375,6
4947,2020-05-26,1704.800048828125,1726.4000244140625,1704.800048828125,1726.4000244140625,39
4948,2020-05-27,1710.300048828125,1710.300048828125,1685.5999755859375,1685.5999755859375,137416
4949,2020-05-28,1713.300048828125,1727.800048828125,1705.0,1709.300048828125,23355
4950,2020-05-29,1736.9000244140625,1738.300048828125,1715.0999755859375,1718.800048828125,1526
4951,2020-06-01,1737.800048828125,1747.0,1727.0999755859375,1740.4000244140625,871
4952,2020-06-02,1725.199951171875,1745.5,1721.800048828125,1743.0,741
4953,2020-06-03,1697.800048828125,1726.300048828125,1684.5,1726.300048828125,2755
4954,2020-06-04,1718.9000244140625,1718.9000244140625,1694.5,1694.5,807
4955,2020-06-05,1676.199951171875,1711.800048828125,1668.5999755859375,1711.800048828125,1502
4956,2020-06-08,1698.300048828125,1699.4000244140625,1675.9000244140625,1679.0999755859375,587
4957,2020-06-09,1714.699951171875,1720.9000244140625,1692.0,1694.5999755859375,690
4958,2020-06-10,1713.300048828125,1740.800048828125,1711.9000244140625,1716.0999755859375,718
4959,2020-06-11,1732.0,1744.0999755859375,1720.0,1737.199951171875,347
4960,2020-06-12,1729.300048828125,1743.0,1724.9000244140625,1724.9000244140625,318
4961,2020-06-15,1720.300048828125,1730.0,1703.300048828125,1730.0,188
4962,2020-06-16,1729.5999755859375,1729.5999755859375,1722.4000244140625,1726.300048828125,22
4963,2020-06-17,1729.199951171875,1729.199951171875,1714.699951171875,1714.699951171875,51
4964,2020-06-18,1724.800048828125,1734.0999755859375,1717.300048828125,1730.5,110
4965,2020-06-19,1745.9000244140625,1750.699951171875,1723.5,1723.699951171875,1329
4966,2020-06-22,1756.699951171875,1767.5999755859375,1750.5,1755.199951171875,1356
4967,2020-06-23,1772.0999755859375,1776.300048828125,1754.199951171875,1755.4000244140625,666
4968,2020-06-24,1765.800048828125,1783.0999755859375,1764.5,1778.300048828125,961
4969,2020-06-25,1762.0999755859375,1764.800048828125,1759.800048828125,1761.699951171875,207
4970,2020-06-26,1772.5,1772.5,1764.699951171875,1766.0,640
4971,2020-06-29,1774.800048828125,1780.199951171875,1774.300048828125,1779.800048828125,584
4972,2020-06-30,1793.0,1793.199951171875,1774.4000244140625,1777.300048828125,986
4973,2020-07-01,1773.199951171875,1798.0,1765.800048828125,1793.5999755859375,331
4974,2020-07-02,1784.0,1784.0,1768.699951171875,1773.4000244140625,215
4975,2020-07-06,1788.5,1790.0999755859375,1788.199951171875,1788.199951171875,172
4976,2020-07-07,1804.199951171875,1804.199951171875,1783.300048828125,1789.300048828125,751
4977,2020-07-08,1815.5,1817.9000244140625,1801.5,1801.5,209
4978,2020-07-09,1799.199951171875,1819.800048828125,1799.199951171875,1816.0999755859375,396
4979,2020-07-10,1798.199951171875,1805.5,1797.699951171875,1805.5,236
4980,2020-07-13,1811.0,1811.0,1805.0,1805.0,164
4981,2020-07-14,1810.5999755859375,1811.5,1791.0,1791.0,339
4982,2020-07-15,1811.4000244140625,1813.5,1806.0999755859375,1806.0999755859375,167
4983,2020-07-16,1798.699951171875,1810.9000244140625,1794.300048828125,1810.9000244140625,146
4984,2020-07-17,1808.300048828125,1810.0999755859375,1798.5,1798.5,24
4985,2020-07-20,1815.9000244140625,1817.300048828125,1807.0,1807.0,89
4986,2020-07-21,1842.4000244140625,1842.4000244140625,1822.0,1822.0,117
4987,2020-07-22,1864.0999755859375,1867.0,1854.699951171875,1858.0999755859375,213
4988,2020-07-23,1889.0999755859375,1890.300048828125,1868.5,1868.699951171875,133
4989,2020-07-24,1897.300048828125,1897.300048828125,1884.300048828125,1884.300048828125,474
4990,2020-07-27,1931.0,1938.0,1901.5,1901.699951171875,364
4991,2020-07-28,1944.699951171875,1944.699951171875,1928.5999755859375,1931.5,825
4992,2020-07-29,1953.5,1953.5,1952.5999755859375,1953.199951171875,209835
4993,2020-07-30,1942.300048828125,1965.0999755859375,1930.0,1963.4000244140625,28853
4994,2020-07-31,1962.800048828125,1981.0999755859375,1948.0,1948.5999755859375,2914
4995,2020-08-03,1966.0,1984.300048828125,1955.5,1984.300048828125,683
4996,2020-08-04,2001.199951171875,2016.199951171875,1968.800048828125,1971.0,2010
4997,2020-08-05,2031.0999755859375,2050.199951171875,2011.0,2024.0,1422
4998,2020-08-06,2051.5,2063.0,2040.0,2045.5,294
4999,2020-08-07,2010.0999755859375,2055.0,2009.5999755859375,2040.0999755859375,808
5000,2020-08-10,2024.4000244140625,2043.800048828125,2017.5,2026.4000244140625,233
5001,2020-08-11,1932.5999755859375,2016.0,1904.0,2012.4000244140625,971
5002,2020-08-12,1934.9000244140625,1946.5999755859375,1871.5999755859375,1923.0,404
5003,2020-08-13,1956.699951171875,1957.4000244140625,1916.9000244140625,1921.5,71
5004,2020-08-14,1937.0,1947.4000244140625,1937.0,1938.699951171875,201
5005,2020-08-17,1985.0,1985.0,1949.5999755859375,1949.5999755859375,97
5006,2020-08-18,1999.4000244140625,2002.800048828125,1972.0999755859375,2001.0999755859375,92
5007,2020-08-19,1958.699951171875,1980.0,1938.699951171875,1980.0,347
5008,2020-08-20,1933.800048828125,1948.300048828125,1922.300048828125,1941.199951171875,106
5009,2020-08-21,1934.5999755859375,1945.0,1908.9000244140625,1941.0,184
5010,2020-08-24,1927.699951171875,1940.0,1922.199951171875,1930.199951171875,85
5011,2020-08-25,1911.800048828125,1928.5,1911.800048828125,1927.5,176
5012,2020-08-26,1940.699951171875,1950.800048828125,1909.699951171875,1909.699951171875,287
5013,2020-08-27,1921.5999755859375,1972.5,1921.5999755859375,1948.9000244140625,2303
5014,2020-08-28,1964.5999755859375,1971.300048828125,1922.5,1927.0999755859375,778
5015,2020-08-31,1967.5999755859375,1971.300048828125,1953.300048828125,1970.0,158
5016,2020-09-01,1968.199951171875,1986.300048828125,1961.699951171875,1961.699951171875,186
5017,2020-09-02,1934.4000244140625,1967.300048828125,1934.4000244140625,1967.300048828125,71
5018,2020-09-03,1927.5999755859375,1938.800048828125,1923.0,1937.0999755859375,179
5019,2020-09-04,1923.9000244140625,1939.699951171875,1917.699951171875,1927.9000244140625,607
5020,2020-09-08,1933.0,1937.9000244140625,1903.0999755859375,1930.9000244140625,271
5021,2020-09-09,1944.699951171875,1946.199951171875,1924.5999755859375,1926.9000244140625,219
5022,2020-09-10,1954.199951171875,1962.699951171875,1944.0999755859375,1944.0999755859375,722
5023,2020-09-11,1937.800048828125,1949.5,1937.800048828125,1944.0,73
5024,2020-09-14,1953.0999755859375,1953.0999755859375,1943.0,1946.300048828125,55
5025,2020-09-15,1956.300048828125,1968.5,1955.800048828125,1955.800048828125,74
5026,2020-09-16,1960.199951171875,1961.4000244140625,1956.699951171875,1961.300048828125,124
5027,2020-09-17,1940.0,1946.0,1933.699951171875,1939.0,67
5028,2020-09-18,1952.0999755859375,1952.0999755859375,1949.0,1950.5,38
5029,2020-09-21,1901.199951171875,1946.199951171875,1883.4000244140625,1946.199951171875,52
5030,2020-09-22,1898.5999755859375,1913.0999755859375,1898.5999755859375,1913.0999755859375,331
5031,2020-09-23,1859.9000244140625,1875.5,1859.9000244140625,1875.5,5
5032,2020-09-24,1868.300048828125,1868.300048828125,1851.5,1851.5,365
5033,2020-09-25,1857.699951171875,1857.699951171875,1856.300048828125,1856.300048828125,4
5034,2020-09-28,1872.800048828125,1872.800048828125,1872.800048828125,1872.800048828125,10455
5035,2020-09-29,1894.300048828125,1895.4000244140625,1872.4000244140625,1876.5,3283
5036,2020-09-30,1887.5,1899.699951171875,1879.800048828125,1893.0,600
5037,2020-10-01,1908.4000244140625,1909.5999755859375,1882.5,1884.0999755859375,730
5038,2020-10-02,1900.199951171875,1913.0,1893.9000244140625,1893.9000244140625,530
5039,2020-10-05,1912.5,1915.5999755859375,1884.699951171875,1898.9000244140625,1360
5040,2020-10-06,1901.0999755859375,1918.0,1874.4000244140625,1906.5999755859375,968
5041,2020-10-07,1883.5999755859375,1889.800048828125,1873.0999755859375,1874.0999755859375,50
5042,2020-10-08,1888.5999755859375,1893.0,1882.699951171875,1893.0,348
5043,2020-10-09,1919.5,1929.0999755859375,1905.0999755859375,1909.300048828125,580
5044,2020-10-12,1922.5,1926.5,1921.5999755859375,1924.0,96
5045,2020-10-13,1888.5,1922.199951171875,1887.0,1921.9000244140625,191
5046,2020-10-14,1901.300048828125,1910.800048828125,1882.5,1889.699951171875,33
5047,2020-10-15,1903.199951171875,1906.300048828125,1889.5999755859375,1897.300048828125,254
5048,2020-10-16,1900.800048828125,1900.800048828125,1898.5,1898.5,53
5049,2020-10-19,1906.4000244140625,1907.800048828125,1899.5,1907.300048828125,43
5050,2020-10-20,1910.4000244140625,1910.4000244140625,1896.0999755859375,1901.300048828125,329
5051,2020-10-21,1924.5999755859375,1927.300048828125,1913.5999755859375,1913.5999755859375,1202
5052,2020-10-22,1901.0999755859375,1924.300048828125,1898.199951171875,1924.300048828125,899
5053,2020-10-23,1902.0,1913.300048828125,1896.199951171875,1899.9000244140625,287
5054,2020-10-26,1902.699951171875,1907.0,1893.5,1895.5,242
5055,2020-10-27,1908.800048828125,1908.800048828125,1904.4000244140625,1904.5999755859375,176
5056,2020-10-28,1876.199951171875,1876.199951171875,1870.9000244140625,1870.9000244140625,277
5057,2020-10-29,1865.5999755859375,1879.800048828125,1858.800048828125,1876.0999755859375,240
5058,2020-10-30,1877.4000244140625,1886.5999755859375,1862.800048828125,1862.800048828125,725
5059,2020-11-02,1890.4000244140625,1894.699951171875,1872.9000244140625,1872.9000244140625,190
5060,2020-11-03,1908.5,1908.5,1891.5,1891.5,712
5061,2020-11-04,1894.5999755859375,1907.0,1885.300048828125,1893.800048828125,782
5062,2020-11-05,1945.300048828125,1948.0,1901.699951171875,1901.699951171875,135
5063,2020-11-06,1950.300048828125,1958.800048828125,1940.800048828125,1940.800048828125,304
5064,2020-11-09,1853.199951171875,1963.199951171875,1847.0999755859375,1955.5999755859375,745
5065,2020-11-10,1875.4000244140625,1885.300048828125,1871.199951171875,1879.300048828125,276
5066,2020-11-11,1860.699951171875,1878.800048828125,1855.5,1878.800048828125,222
5067,2020-11-12,1872.5999755859375,1878.5,1866.5999755859375,1869.0,220
5068,2020-11-13,1885.699951171875,1890.0999755859375,1876.800048828125,1877.0,240
5069,2020-11-16,1887.300048828125,1887.300048828125,1871.0,1874.5999755859375,6
5070,2020-11-17,1884.5,1888.4000244140625,1884.5,1888.4000244140625,59
5071,2020-11-18,1873.5,1873.5,1873.5,1873.5,152
5072,2020-11-19,1861.0999755859375,1865.800048828125,1856.0,1865.800048828125,59
5073,2020-11-20,1872.5999755859375,1872.5999755859375,1871.199951171875,1871.199951171875,1900
5074,2020-11-23,1837.800048828125,1837.800048828125,1829.199951171875,1834.800048828125,843
5075,2020-11-24,1804.800048828125,1829.300048828125,1799.300048828125,1829.300048828125,1041
5076,2020-11-25,1805.699951171875,1805.699951171875,1801.4000244140625,1801.4000244140625,205754
5077,2020-11-27,1781.9000244140625,1817.0,1770.699951171875,1806.0999755859375,71804
5078,2020-11-30,1775.699951171875,1787.199951171875,1762.300048828125,1785.0,3145
5079,2020-12-01,1814.0999755859375,1815.9000244140625,1774.9000244140625,1775.0,1859
5080,2020-12-02,1825.699951171875,1830.0,1807.800048828125,1811.300048828125,771
5081,2020-12-03,1836.800048828125,1842.0,1825.300048828125,1829.199951171875,1765
5082,2020-12-04,1835.9000244140625,1847.5999755859375,1828.199951171875,1840.699951171875,1213
5083,2020-12-07,1861.800048828125,1866.9000244140625,1820.800048828125,1836.5,1427
5084,2020-12-08,1870.800048828125,1875.800048828125,1861.800048828125,1863.0,121
5085,2020-12-09,1834.5999755859375,1867.0999755859375,1827.0,1867.0999755859375,215
5086,2020-12-10,1833.5999755859375,1849.0999755859375,1828.0,1833.199951171875,177
5087,2020-12-11,1839.800048828125,1846.0,1829.0999755859375,1838.5,109
5088,2020-12-14,1828.699951171875,1835.699951171875,1822.699951171875,1835.5,258
5089,2020-12-15,1852.300048828125,1853.5999755859375,1833.199951171875,1833.5,961
5090,2020-12-16,1856.0999755859375,1864.699951171875,1850.5,1856.5,1090
5091,2020-12-17,1887.199951171875,1896.199951171875,1874.199951171875,1874.199951171875,414
5092,2020-12-18,1885.699951171875,1889.5,1882.300048828125,1882.4000244140625,276
5093,2020-12-21,1879.199951171875,1908.0,1869.0999755859375,1884.800048828125,136
5094,2020-12-22,1866.5999755859375,1882.199951171875,1861.0,1882.199951171875,233
5095,2020-12-23,1874.699951171875,1878.800048828125,1864.5,1867.0,82
5096,2020-12-24,1879.9000244140625,1879.9000244140625,1875.699951171875,1877.300048828125,46
5097,2020-12-28,1877.199951171875,1895.800048828125,1873.699951171875,1895.5,75
5098,2020-12-29,1879.699951171875,1881.300048828125,1879.699951171875,1881.300048828125,343
5099,2020-12-30,1891.0,1895.800048828125,1877.300048828125,1879.9000244140625,444
5100,2020-12-31,1893.0999755859375,1901.300048828125,1892.699951171875,1897.0,127
5101,2021-01-04,1944.699951171875,1945.0999755859375,1912.199951171875,1912.199951171875,154
5102,2021-01-05,1952.699951171875,1952.699951171875,1941.300048828125,1941.699951171875,113
5103,2021-01-06,1906.9000244140625,1959.9000244140625,1901.5,1952.0,331
5104,2021-01-07,1912.300048828125,1926.699951171875,1912.0,1922.5999755859375,122
5105,2021-01-08,1834.0999755859375,1908.0,1834.0999755859375,1908.0,60
5106,2021-01-11,1849.5999755859375,1849.5999755859375,1826.5,1826.5,20
5107,2021-01-12,1842.9000244140625,1859.699951171875,1839.4000244140625,1849.0,176
5108,2021-01-13,1853.5999755859375,1858.5999755859375,1853.5999755859375,1858.0,189
5109,2021-01-14,1850.300048828125,1850.699951171875,1836.699951171875,1836.699951171875,149
5110,2021-01-15,1829.300048828125,1829.4000244140625,1825.0,1829.4000244140625,31
5111,2021-01-19,1839.5,1842.9000244140625,1802.0,1802.0,13
5112,2021-01-20,1865.9000244140625,1866.5999755859375,1844.4000244140625,1847.800048828125,16
5113,2021-01-21,1865.300048828125,1868.0,1865.300048828125,1865.300048828125,6
5114,2021-01-22,1855.699951171875,1855.699951171875,1852.699951171875,1854.9000244140625,8
5115,2021-01-25,1854.9000244140625,1864.699951171875,1851.800048828125,1864.699951171875,26
5116,2021-01-26,1850.699951171875,1855.800048828125,1850.699951171875,1855.800048828125,59
5117,2021-01-27,1844.9000244140625,1844.9000244140625,1844.9000244140625,1844.9000244140625,195540
5118,2021-01-28,1837.9000244140625,1862.9000244140625,1831.5,1843.4000244140625,27283
5119,2021-01-29,1847.300048828125,1876.0,1838.699951171875,1842.0,1634
5120,2021-02-01,1860.800048828125,1871.9000244140625,1850.0,1866.5999755859375,1494
5121,2021-02-02,1830.5,1861.300048828125,1827.5999755859375,1859.5999755859375,1293
5122,2021-02-03,1832.199951171875,1842.4000244140625,1829.800048828125,1834.800048828125,1195
5123,2021-02-04,1788.9000244140625,1832.199951171875,1782.800048828125,1832.199951171875,2375
5124,2021-02-05,1810.9000244140625,1813.5,1790.9000244140625,1794.300048828125,1278
5125,2021-02-08,1831.9000244140625,1836.699951171875,1809.0,1816.300048828125,254
5126,2021-02-09,1835.300048828125,1843.300048828125,1830.699951171875,1841.9000244140625,184
5127,2021-02-10,1840.5999755859375,1851.0999755859375,1837.0,1842.5999755859375,543
5128,2021-02-11,1824.9000244140625,1845.0,1820.9000244140625,1840.5,602
5129,2021-02-12,1821.5999755859375,1827.5,1809.199951171875,1825.0,259
5130,2021-02-16,1797.199951171875,1823.4000244140625,1787.300048828125,1820.9000244140625,1141
5131,2021-02-17,1771.0999755859375,1789.699951171875,1768.800048828125,1785.800048828125,614
5132,2021-02-18,1773.4000244140625,1784.5999755859375,1766.0,1776.0999755859375,587
5133,2021-02-19,1775.800048828125,1787.5999755859375,1764.300048828125,1764.300048828125,118
5134,2021-02-22,1806.699951171875,1807.800048828125,1784.0,1784.0,165
5135,2021-02-23,1804.4000244140625,1811.300048828125,1796.4000244140625,1809.5999755859375,569
5136,2021-02-24,1796.4000244140625,1805.800048828125,1796.4000244140625,1805.800048828125,1500
5137,2021-02-25,1774.4000244140625,1802.0,1766.699951171875,1801.5,1049
5138,2021-02-26,1728.0999755859375,1768.199951171875,1718.800048828125,1768.0999755859375,1593
5139,2021-03-01,1722.5,1747.0,1720.300048828125,1737.0999755859375,407
5140,2021-03-02,1733.0999755859375,1733.0999755859375,1708.699951171875,1709.4000244140625,867
5141,2021-03-03,1715.300048828125,1732.4000244140625,1703.5,1730.0,501
5142,2021-03-04,1700.199951171875,1717.4000244140625,1700.199951171875,1706.5,521
5143,2021-03-05,1698.0,1701.0,1685.0,1690.5999755859375,302
5144,2021-03-08,1677.699951171875,1705.4000244140625,1673.699951171875,1704.699951171875,1290
5145,2021-03-09,1716.5999755859375,1717.5,1685.199951171875,1686.199951171875,335
5146,2021-03-10,1721.5,1722.9000244140625,1711.0,1713.5999755859375,412
5147,2021-03-11,1722.300048828125,1737.5,1720.199951171875,1725.5999755859375,18
5148,2021-03-12,1719.5,1722.5,1699.0,1715.9000244140625,80
5149,2021-03-15,1728.9000244140625,1731.9000244140625,1722.800048828125,1729.5,147
5150,2021-03-16,1730.5999755859375,1733.9000244140625,1726.0,1732.300048828125,729
5151,2021-03-17,1726.800048828125,1750.0999755859375,1725.5999755859375,1735.300048828125,488
5152,2021-03-18,1732.199951171875,1750.300048828125,1721.800048828125,1745.800048828125,138
5153,2021-03-19,1741.4000244140625,1742.199951171875,1733.5999755859375,1742.199951171875,13
5154,2021-03-22,1737.800048828125,1737.800048828125,1737.800048828125,1737.800048828125,51
5155,2021-03-23,1724.699951171875,1724.699951171875,1724.699951171875,1724.699951171875,6
5156,2021-03-24,1732.9000244140625,1732.9000244140625,1727.5,1727.5,26
5157,2021-03-25,1724.9000244140625,1733.199951171875,1724.5,1732.699951171875,15
5158,2021-03-26,1732.199951171875,1732.199951171875,1721.300048828125,1721.300048828125,33
5159,2021-03-29,1712.0999755859375,1712.0999755859375,1712.0999755859375,1712.0999755859375,135457
5160,2021-03-30,1683.9000244140625,1712.5999755859375,1676.5,1711.0,25316
5161,2021-03-31,1713.800048828125,1713.800048828125,1676.5,1683.699951171875,762
5162,2021-04-01,1726.5,1728.800048828125,1706.4000244140625,1706.800048828125,720
5163,2021-04-05,1727.0,1729.699951171875,1721.9000244140625,1727.9000244140625,275
5164,2021-04-06,1741.5,1744.800048828125,1726.9000244140625,1726.9000244140625,890
5165,2021-04-07,1740.0999755859375,1742.699951171875,1733.699951171875,1742.699951171875,557
5166,2021-04-08,1756.800048828125,1758.0,1734.5999755859375,1736.0,1298
5167,2021-04-09,1743.300048828125,1750.800048828125,1733.300048828125,1750.800048828125,484
5168,2021-04-12,1731.199951171875,1740.800048828125,1726.699951171875,1740.800048828125,40
5169,2021-04-13,1746.199951171875,1746.9000244140625,1722.0999755859375,1733.800048828125,367
5170,2021-04-14,1734.9000244140625,1745.9000244140625,1732.699951171875,1741.300048828125,1037
5171,2021-04-15,1765.4000244140625,1767.9000244140625,1740.0999755859375,1740.0999755859375,368
5172,2021-04-16,1779.0,1779.5,1770.0999755859375,1770.4000244140625,625
5173,2021-04-19,1769.4000244140625,1788.5,1769.4000244140625,1782.0999755859375,144
5174,2021-04-20,1777.300048828125,1777.300048828125,1765.5,1769.300048828125,1464
5175,2021-04-21,1792.300048828125,1794.0999755859375,1777.699951171875,1783.0,250
5176,2021-04-22,1781.199951171875,1794.199951171875,1779.5,1794.199951171875,159
5177,2021-04-23,1777.0,1794.5,1772.0,1786.0999755859375,332
5178,2021-04-26,1779.199951171875,1779.699951171875,1770.800048828125,1778.0,549
5179,2021-04-27,1778.0,1782.0,1777.699951171875,1780.0,117
5180,2021-04-28,1773.199951171875,1774.0,1764.5999755859375,1768.199951171875,756
5181,2021-04-29,1768.0999755859375,1789.0,1758.5999755859375,1781.0,196
5182,2021-04-30,1767.300048828125,1771.800048828125,1763.9000244140625,1771.800048828125,18
5183,2021-05-03,1791.4000244140625,1793.0,1788.5,1788.5,18
5184,2021-05-04,1775.800048828125,1788.5,1774.800048828125,1788.199951171875,182
5185,2021-05-05,1784.0999755859375,1784.0999755859375,1779.199951171875,1781.5,57
5186,2021-05-06,1815.5,1815.5,1787.5999755859375,1788.9000244140625,13
5187,2021-05-07,1831.0999755859375,1842.9000244140625,1831.0999755859375,1842.9000244140625,2
5188,2021-05-10,1837.5,1845.5999755859375,1835.4000244140625,1835.5999755859375,13
5189,2021-05-11,1835.9000244140625,1838.0999755859375,1831.5999755859375,1837.199951171875,420
5190,2021-05-12,1822.5999755859375,1825.199951171875,1821.699951171875,1825.199951171875,3
5191,2021-05-13,1823.800048828125,1826.800048828125,1814.0999755859375,1814.699951171875,100
5192,2021-05-14,1837.9000244140625,1842.9000244140625,1824.5,1824.5,41
5193,2021-05-17,1867.5,1867.5,1847.199951171875,1849.9000244140625,13
5194,2021-05-18,1867.800048828125,1870.5,1867.800048828125,1870.5,3
5195,2021-05-19,1881.300048828125,1884.9000244140625,1863.5999755859375,1866.4000244140625,348
5196,2021-05-20,1881.800048828125,1885.0,1864.800048828125,1865.5,85
5197,2021-05-21,1876.699951171875,1876.699951171875,1872.0999755859375,1872.0999755859375,5
5198,2021-05-24,1884.5999755859375,1884.5999755859375,1882.0999755859375,1882.0999755859375,39
5199,2021-05-25,1898.0999755859375,1898.0999755859375,1882.5,1882.5,56
5200,2021-05-26,1901.300048828125,1901.300048828125,1901.300048828125,1901.300048828125,170526
5201,2021-05-27,1895.699951171875,1903.9000244140625,1888.199951171875,1896.800048828125,35794
5202,2021-05-28,1902.5,1905.4000244140625,1881.9000244140625,1897.5,2415
5203,2021-06-01,1902.9000244140625,1916.199951171875,1892.800048828125,1905.0999755859375,640
5204,2021-06-02,1907.5,1908.800048828125,1896.0,1899.199951171875,1267
5205,2021-06-03,1871.199951171875,1908.800048828125,1865.0,1908.800048828125,1021
5206,2021-06-04,1889.800048828125,1895.5,1854.0,1869.300048828125,367
5207,2021-06-07,1896.800048828125,1899.699951171875,1883.199951171875,1890.5,87
5208,2021-06-08,1892.199951171875,1902.9000244140625,1890.0,1896.5,930
5209,2021-06-09,1893.199951171875,1897.699951171875,1889.199951171875,1894.9000244140625,148
5210,2021-06-10,1894.199951171875,1899.800048828125,1871.5,1887.699951171875,186
5211,2021-06-11,1877.4000244140625,1902.300048828125,1875.199951171875,1900.9000244140625,349
5212,2021-06-14,1864.0,1866.5999755859375,1846.5,1866.199951171875,41
5213,2021-06-15,1854.5,1867.199951171875,1854.4000244140625,1866.4000244140625,78
5214,2021-06-16,1859.5,1860.0999755859375,1809.199951171875,1859.4000244140625,117
5215,2021-06-17,1773.800048828125,1823.300048828125,1769.5999755859375,1811.800048828125,1135
5216,2021-06-18,1767.9000244140625,1792.4000244140625,1767.9000244140625,1775.699951171875,354
5217,2021-06-21,1781.800048828125,1785.199951171875,1766.800048828125,1768.800048828125,38
5218,2021-06-22,1776.300048828125,1786.9000244140625,1775.9000244140625,1783.4000244140625,101
5219,2021-06-23,1782.300048828125,1793.199951171875,1780.5999755859375,1780.699951171875,136
5220,2021-06-24,1775.5999755859375,1786.4000244140625,1775.5999755859375,1778.9000244140625,78
5221,2021-06-25,1776.5999755859375,1788.0,1775.199951171875,1777.699951171875,35
5222,2021-06-28,1779.5999755859375,1779.5999755859375,1779.5999755859375,1779.5999755859375,888
5223,2021-06-29,1762.800048828125,1777.0999755859375,1752.0999755859375,1776.800048828125,419
5224,2021-06-30,1770.800048828125,1770.800048828125,1759.199951171875,1761.0999755859375,51
5225,2021-07-01,1775.9000244140625,1781.199951171875,1768.800048828125,1775.699951171875,44
5226,2021-07-02,1782.5999755859375,1787.9000244140625,1778.300048828125,1778.699951171875,23
5227,2021-07-06,1793.5,1809.800048828125,1786.699951171875,1786.699951171875,332
5228,2021-07-07,1801.5,1808.4000244140625,1797.199951171875,1798.699951171875,244
5229,2021-07-08,1799.5999755859375,1818.5,1797.0,1797.0,148
5230,2021-07-09,1810.0,1810.0999755859375,1798.800048828125,1803.5999755859375,218
5231,2021-07-12,1805.5,1805.5,1799.5,1802.5999755859375,147
5232,2021-07-13,1809.4000244140625,1812.0,1800.5999755859375,1808.0999755859375,78
5233,2021-07-14,1824.300048828125,1829.0,1813.0999755859375,1813.0999755859375,707
5234,2021-07-15,1828.4000244140625,1833.0,1823.4000244140625,1831.5999755859375,99
5235,2021-07-16,1814.5,1831.4000244140625,1814.5,1830.0999755859375,78
5236,2021-07-19,1808.699951171875,1813.4000244140625,1803.300048828125,1803.300048828125,33
5237,2021-07-20,1810.9000244140625,1824.0,1810.9000244140625,1812.9000244140625,128
5238,2021-07-21,1802.9000244140625,1807.0,1800.0,1807.0,135
5239,2021-07-22,1805.0,1805.0,1793.5999755859375,1793.5999755859375,2
5240,2021-07-23,1801.4000244140625,1801.4000244140625,1800.0,1800.0,1
5241,2021-07-26,1798.699951171875,1802.5,1797.199951171875,1802.5,17
5242,2021-07-27,1799.5,1803.699951171875,1799.5,1803.699951171875,1
5243,2021-07-28,1799.5,1799.5,1799.5,1799.5,209783
5244,2021-07-29,1831.199951171875,1832.5999755859375,1806.0999755859375,1806.5999755859375,30496
5245,2021-07-30,1812.5999755859375,1830.5,1808.9000244140625,1828.0,3100
5246,2021-08-02,1818.0999755859375,1818.699951171875,1804.800048828125,1812.4000244140625,1334
5247,2021-08-03,1810.0999755859375,1813.5,1806.0,1812.300048828125,3341
5248,2021-08-04,1810.5,1831.300048828125,1806.300048828125,1809.300048828125,2860
5249,2021-08-05,1805.0999755859375,1813.699951171875,1796.0,1810.800048828125,588
5250,2021-08-06,1760.0,1800.0999755859375,1758.4000244140625,1799.800048828125,859
5251,2021-08-09,1723.4000244140625,1753.800048828125,1692.5999755859375,1753.5,1621
5252,2021-08-10,1728.800048828125,1735.199951171875,1720.0999755859375,1728.5999755859375,1363
5253,2021-08-11,1750.4000244140625,1752.199951171875,1727.300048828125,1727.300048828125,542
5254,2021-08-12,1749.0,1752.4000244140625,1745.5,1749.699951171875,739
5255,2021-08-13,1775.199951171875,1777.300048828125,1757.4000244140625,1758.300048828125,436
5256,2021-08-16,1786.9000244140625,1787.800048828125,1771.9000244140625,1776.9000244140625,219
5257,2021-08-17,1785.0,1794.199951171875,1780.0,1787.699951171875,200
5258,2021-08-18,1781.5999755859375,1791.5,1779.0,1787.800048828125,263
5259,2021-08-19,1780.199951171875,1789.300048828125,1775.5,1780.0,245
5260,2021-08-20,1781.0,1787.5,1778.199951171875,1784.0999755859375,235
5261,2021-08-23,1803.199951171875,1804.800048828125,1776.800048828125,1776.800048828125,32
5262,2021-08-24,1805.5999755859375,1805.5999755859375,1801.0,1801.0,22
5263,2021-08-25,1788.199951171875,1792.9000244140625,1784.0,1792.0,812
5264,2021-08-26,1792.199951171875,1792.199951171875,1781.0,1787.4000244140625,61
5265,2021-08-27,1816.5999755859375,1816.5999755859375,1803.0999755859375,1803.4000244140625,1219
5266,2021-08-30,1809.0,1820.300048828125,1807.800048828125,1818.199951171875,684
5267,2021-08-31,1815.0,1815.9000244140625,1801.0999755859375,1815.9000244140625,82
5268,2021-09-01,1813.0999755859375,1815.9000244140625,1809.5,1813.5,114
5269,2021-09-02,1808.699951171875,1813.9000244140625,1806.800048828125,1813.199951171875,26
5270,2021-09-03,1830.9000244140625,1833.9000244140625,1818.9000244140625,1820.9000244140625,53
5271,2021-09-07,1795.9000244140625,1825.699951171875,1792.699951171875,1825.699951171875,48
5272,2021-09-08,1790.699951171875,1790.699951171875,1781.699951171875,1781.699951171875,69
5273,2021-09-09,1797.4000244140625,1798.699951171875,1787.9000244140625,1798.699951171875,49
5274,2021-09-10,1789.5999755859375,1789.5999755859375,1789.5999755859375,1789.5999755859375,0
5275,2021-09-13,1792.0,1796.0,1784.0,1789.800048828125,533
5276,2021-09-14,1804.699951171875,1806.199951171875,1783.0,1791.4000244140625,764
5277,2021-09-15,1792.4000244140625,1803.699951171875,1792.4000244140625,1803.699951171875,59
5278,2021-09-16,1754.5999755859375,1792.9000244140625,1743.9000244140625,1792.9000244140625,1645
5279,2021-09-17,1749.4000244140625,1763.0,1749.4000244140625,1758.800048828125,581
5280,2021-09-20,1761.800048828125,1761.800048828125,1750.9000244140625,1751.800048828125,185
5281,2021-09-21,1776.0,1776.0,1759.0,1762.199951171875,106
5282,2021-09-22,1776.699951171875,1784.300048828125,1767.0,1776.699951171875,17
5283,2021-09-23,1747.699951171875,1766.800048828125,1738.199951171875,1766.800048828125,31
5284,2021-09-24,1749.699951171875,1749.699951171875,1745.0,1749.699951171875,76
5285,2021-09-27,1750.0,1754.4000244140625,1747.5,1751.699951171875,808
5286,2021-09-28,1735.800048828125,1741.699951171875,1726.800048828125,1739.5999755859375,15748
5287,2021-09-29,1721.5,1744.0999755859375,1721.4000244140625,1732.4000244140625,6634
5288,2021-09-30,1755.300048828125,1760.300048828125,1724.5,1725.5,997
5289,2021-10-01,1757.0,1762.5999755859375,1748.5,1754.300048828125,2220
5290,2021-10-04,1766.199951171875,1768.9000244140625,1749.5,1764.5,417
5291,2021-10-05,1759.5999755859375,1764.300048828125,1749.0,1764.300048828125,98
5292,2021-10-06,1760.5,1762.9000244140625,1744.699951171875,1759.300048828125,56
5293,2021-10-07,1757.9000244140625,1762.4000244140625,1752.800048828125,1762.4000244140625,336
5294,2021-10-08,1756.300048828125,1780.0,1754.199951171875,1757.0,254
5295,2021-10-11,1754.5999755859375,1757.800048828125,1752.199951171875,1756.5999755859375,128
5296,2021-10-12,1758.300048828125,1768.0,1749.800048828125,1751.9000244140625,139
5297,2021-10-13,1793.699951171875,1794.5,1760.800048828125,1760.800048828125,150
5298,2021-10-14,1796.699951171875,1799.9000244140625,1792.0,1792.199951171875,337
5299,2021-10-15,1767.199951171875,1795.4000244140625,1766.5999755859375,1794.5,874
5300,2021-10-18,1764.800048828125,1770.0999755859375,1759.5,1761.5999755859375,266
5301,2021-10-19,1769.699951171875,1785.0,1767.5,1777.5999755859375,51
5302,2021-10-20,1784.0999755859375,1785.5999755859375,1774.0,1774.5999755859375,127
5303,2021-10-21,1781.199951171875,1785.699951171875,1781.0,1782.0,146
5304,2021-10-22,1795.5,1806.9000244140625,1784.0,1787.0999755859375,532
5305,2021-10-25,1806.0,1809.0,1794.0,1794.300048828125,140
5306,2021-10-26,1792.699951171875,1808.800048828125,1788.5999755859375,1808.800048828125,359
5307,2021-10-27,1797.9000244140625,1798.0999755859375,1791.5,1791.5,543
5308,2021-10-28,1801.5999755859375,1807.300048828125,1795.5,1795.5,452
5309,2021-10-29,1783.0,1797.0,1774.5999755859375,1793.0999755859375,583
5310,2021-11-01,1795.0999755859375,1795.0999755859375,1786.699951171875,1787.5,142
5311,2021-11-02,1788.699951171875,1795.5,1787.699951171875,1790.5,213
5312,2021-11-03,1763.5999755859375,1768.0,1761.800048828125,1768.0,108
5313,2021-11-04,1793.0,1798.199951171875,1776.199951171875,1776.5999755859375,103
5314,2021-11-05,1816.4000244140625,1817.0999755859375,1794.9000244140625,1794.9000244140625,239
5315,2021-11-08,1827.4000244140625,1827.4000244140625,1816.9000244140625,1817.0,261
5316,2021-11-09,1830.199951171875,1832.699951171875,1820.699951171875,1826.0999755859375,170
5317,2021-11-10,1847.5999755859375,1865.0,1824.9000244140625,1825.800048828125,795
5318,2021-11-11,1863.199951171875,1866.5,1853.9000244140625,1853.9000244140625,292
5319,2021-11-12,1867.9000244140625,1867.9000244140625,1847.5999755859375,1860.800048828125,210
5320,2021-11-15,1866.0999755859375,1866.9000244140625,1864.5,1864.5,87
5321,2021-11-16,1853.5999755859375,1853.5999755859375,1853.5999755859375,1853.5999755859375,1
5322,2021-11-17,1869.699951171875,1869.699951171875,1862.5999755859375,1862.5999755859375,2
5323,2021-11-18,1861.0,1861.0,1861.0,1861.0,9
5324,2021-11-19,1851.199951171875,1851.199951171875,1851.199951171875,1851.199951171875,21
5325,2021-11-22,1806.0,1841.5999755859375,1805.699951171875,1841.5999755859375,14
5326,2021-11-23,1783.5,1795.5,1783.5,1795.5,264
5327,2021-11-24,1784.0999755859375,1793.0,1781.4000244140625,1793.0,188
5328,2021-11-26,1785.300048828125,1791.4000244140625,1785.300048828125,1791.0999755859375,186800
5329,2021-11-29,1782.300048828125,1798.9000244140625,1779.0999755859375,1791.699951171875,26926
5330,2021-11-30,1773.5999755859375,1808.0999755859375,1768.699951171875,1783.9000244140625,4903
5331,2021-12-01,1781.5999755859375,1790.5,1772.300048828125,1774.800048828125,1128
5332,2021-12-02,1760.699951171875,1780.9000244140625,1760.5999755859375,1780.9000244140625,1557
5333,2021-12-03,1782.0,1785.0999755859375,1766.5,1767.5,694
5334,2021-12-06,1777.5,1783.0,1777.199951171875,1780.199951171875,381
5335,2021-12-07,1782.5999755859375,1786.0999755859375,1772.300048828125,1779.5,308
5336,2021-12-08,1783.4000244140625,1789.9000244140625,1779.0,1789.9000244140625,1383
5337,2021-12-09,1774.5999755859375,1783.5,1771.800048828125,1783.5,455
5338,2021-12-10,1782.9000244140625,1785.4000244140625,1769.0999755859375,1773.800048828125,545
5339,2021-12-13,1786.300048828125,1787.0999755859375,1783.800048828125,1784.4000244140625,206
5340,2021-12-14,1770.4000244140625,1787.0,1769.0,1787.0,322
5341,2021-12-15,1762.5999755859375,1778.699951171875,1753.9000244140625,1767.4000244140625,283
5342,2021-12-16,1796.5999755859375,1798.0999755859375,1781.0,1781.0,21
5343,2021-12-17,1803.800048828125,1812.9000244140625,1803.800048828125,1804.0,654
5344,2021-12-20,1793.699951171875,1799.800048828125,1792.0,1796.800048828125,226
5345,2021-12-21,1787.9000244140625,1796.5,1787.9000244140625,1791.4000244140625,575
5346,2021-12-22,1801.5999755859375,1805.199951171875,1785.5,1786.0,567
5347,2021-12-23,1811.199951171875,1811.199951171875,1800.800048828125,1806.0,193
5348,2021-12-27,1808.0999755859375,1812.0999755859375,1807.0,1810.0,150
5349,2021-12-28,1810.199951171875,1818.0,1805.5,1812.0,146
5350,2021-12-29,1805.0999755859375,1805.0999755859375,1791.4000244140625,1803.199951171875,623
5351,2021-12-30,1812.699951171875,1816.0,1796.0,1801.699951171875,306
5352,2021-12-31,1827.5,1827.800048828125,1821.4000244140625,1825.0999755859375,80
5353,2022-01-03,1799.4000244140625,1830.0999755859375,1798.800048828125,1830.0999755859375,116
5354,2022-01-04,1814.0,1815.300048828125,1800.0,1800.5,38
5355,2022-01-05,1824.5999755859375,1824.5999755859375,1813.0999755859375,1813.0999755859375,8
5356,2022-01-06,1788.699951171875,1791.300048828125,1787.0999755859375,1787.0999755859375,30
5357,2022-01-07,1797.0,1797.0,1784.4000244140625,1791.800048828125,17
5358,2022-01-10,1798.4000244140625,1798.699951171875,1790.4000244140625,1794.9000244140625,534
5359,2022-01-11,1818.5999755859375,1822.5,1803.0,1803.9000244140625,743
5360,2022-01-12,1827.199951171875,1827.199951171875,1816.9000244140625,1819.0,1547
5361,2022-01-13,1821.199951171875,1823.0,1815.4000244140625,1819.800048828125,40
5362,2022-01-14,1816.5,1822.0,1816.5,1821.5,816
5363,2022-01-18,1812.300048828125,1820.0999755859375,1812.300048828125,1816.800048828125,900
5364,2022-01-19,1843.0999755859375,1843.0999755859375,1817.4000244140625,1817.4000244140625,4
5365,2022-01-20,1842.5,1843.0,1838.199951171875,1840.5999755859375,20
5366,2022-01-21,1831.800048828125,1842.4000244140625,1828.9000244140625,1838.0,19
5367,2022-01-24,1841.699951171875,1842.0999755859375,1837.9000244140625,1837.9000244140625,8
5368,2022-01-25,1852.699951171875,1852.699951171875,1842.0,1843.0,11
5369,2022-01-26,1829.9000244140625,1829.9000244140625,1829.9000244140625,1829.9000244140625,55
5370,2022-01-27,1793.300048828125,1793.300048828125,1793.300048828125,1793.300048828125,196036
5371,2022-01-28,1784.9000244140625,1798.4000244140625,1778.800048828125,1797.5,28521
5372,2022-01-31,1795.0,1798.5,1785.0999755859375,1788.5,1735
5373,2022-02-01,1800.300048828125,1806.0999755859375,1797.0999755859375,1797.199951171875,223
5374,2022-02-02,1809.199951171875,1810.0999755859375,1795.0999755859375,1797.800048828125,1690
5375,2022-02-03,1803.0,1808.0999755859375,1787.9000244140625,1805.800048828125,466
5376,2022-02-04,1806.5999755859375,1813.699951171875,1792.5,1806.0,571
5377,2022-02-07,1820.5999755859375,1821.300048828125,1809.0999755859375,1812.199951171875,601
5378,2022-02-08,1826.5999755859375,1827.5999755859375,1815.0,1818.9000244140625,108
5379,2022-02-09,1835.199951171875,1835.199951171875,1825.300048828125,1825.4000244140625,683
5380,2022-02-10,1836.199951171875,1842.0999755859375,1820.800048828125,1833.300048828125,365
5381,2022-02-11,1840.800048828125,1864.800048828125,1822.0,1822.0,181
5382,2022-02-14,1868.0,1870.5999755859375,1854.5999755859375,1861.800048828125,79
5383,2022-02-15,1854.800048828125,1879.699951171875,1847.4000244140625,1872.5999755859375,86
5384,2022-02-16,1870.199951171875,1870.199951171875,1856.300048828125,1858.699951171875,34
5385,2022-02-17,1900.699951171875,1900.699951171875,1876.199951171875,1876.300048828125,393
5386,2022-02-18,1898.5999755859375,1899.4000244140625,1890.699951171875,1899.4000244140625,51
5387,2022-02-22,1906.0999755859375,1912.0,1890.800048828125,1908.0999755859375,173
5388,2022-02-23,1909.199951171875,1910.5999755859375,1895.699951171875,1896.5999755859375,73
5389,2022-02-24,1925.0999755859375,1972.5,1911.699951171875,1911.9000244140625,2706
5390,2022-02-25,1886.5,1920.0,1883.5999755859375,1906.9000244140625,586
5391,2022-02-28,1899.4000244140625,1928.4000244140625,1894.199951171875,1928.300048828125,390
5392,2022-03-01,1942.4000244140625,1942.4000244140625,1903.800048828125,1908.300048828125,547
5393,2022-03-02,1920.9000244140625,1948.199951171875,1919.800048828125,1945.5999755859375,109
5394,2022-03-03,1934.4000244140625,1940.300048828125,1924.800048828125,1930.5,122
5395,2022-03-04,1965.0999755859375,1970.9000244140625,1935.5999755859375,1937.0,47
5396,2022-03-07,1993.9000244140625,2001.0999755859375,1963.0,1989.0,2516
5397,2022-03-08,2040.0999755859375,2072.0,1998.0,1999.4000244140625,1813
5398,2022-03-09,1985.9000244140625,2063.0,1980.800048828125,2053.60009765625,1022
5399,2022-03-10,1998.0999755859375,2010.5,1978.0999755859375,1978.0999755859375,670
5400,2022-03-11,1982.699951171875,1996.0,1959.9000244140625,1985.0,865
5401,2022-03-14,1959.5999755859375,1977.699951171875,1959.5999755859375,1976.5,145
5402,2022-03-15,1928.5,1939.9000244140625,1910.699951171875,1939.800048828125,71
5403,2022-03-16,1908.0,1922.4000244140625,1907.199951171875,1922.4000244140625,104
5404,2022-03-17,1942.0999755859375,1947.199951171875,1933.9000244140625,1933.9000244140625,39
5405,2022-03-18,1928.199951171875,1939.300048828125,1928.199951171875,1934.5,28
5406,2022-03-21,1928.5999755859375,1928.5999755859375,1925.0,1925.4000244140625,5
5407,2022-03-22,1920.699951171875,1920.699951171875,1920.699951171875,1920.699951171875,26
5408,2022-03-23,1936.5999755859375,1936.5999755859375,1936.5999755859375,1936.5999755859375,204
5409,2022-03-24,1961.5999755859375,1964.0,1961.5999755859375,1963.5999755859375,8
5410,2022-03-25,1953.800048828125,1953.800048828125,1953.800048828125,1953.800048828125,83
5411,2022-03-28,1939.5999755859375,1939.5999755859375,1932.5999755859375,1932.5999755859375,7
5412,2022-03-29,1912.0,1912.0,1893.5,1893.5,128051
5413,2022-03-30,1933.5,1937.0,1914.5,1918.4000244140625,17765
5414,2022-03-31,1949.199951171875,1949.9000244140625,1919.0999755859375,1933.5,3617
5415,2022-04-01,1919.0999755859375,1938.0,1917.0,1935.0,1016
5416,2022-04-04,1929.199951171875,1936.0999755859375,1915.5999755859375,1921.199951171875,371
5417,2022-04-05,1922.9000244140625,1943.5,1918.4000244140625,1927.0999755859375,412
5418,2022-04-06,1918.4000244140625,1931.800048828125,1916.699951171875,1916.699951171875,138
5419,2022-04-07,1933.800048828125,1934.800048828125,1919.5,1919.5,311
5420,2022-04-08,1941.5999755859375,1947.699951171875,1928.800048828125,1928.800048828125,153
5421,2022-04-11,1944.300048828125,1968.4000244140625,1941.800048828125,1946.5999755859375,163
5422,2022-04-12,1972.0999755859375,1977.0999755859375,1950.5999755859375,1952.5,246
5423,2022-04-13,1981.0,1981.0,1969.5,1969.5,204
5424,2022-04-14,1970.9000244140625,1978.699951171875,1963.0,1977.199951171875,101
5425,2022-04-18,1982.9000244140625,1997.0999755859375,1972.800048828125,1973.4000244140625,196
5426,2022-04-19,1955.699951171875,1978.300048828125,1945.699951171875,1973.800048828125,130
5427,2022-04-20,1952.300048828125,1953.5999755859375,1945.5,1945.5,621
5428,2022-04-21,1944.9000244140625,1944.9000244140625,1942.5,1942.5,4
5429,2022-04-22,1931.0,1950.4000244140625,1930.199951171875,1949.5999755859375,178
5430,2022-04-25,1893.199951171875,1925.0,1889.300048828125,1925.0,748
5431,2022-04-26,1901.4000244140625,1909.0999755859375,1894.0,1900.5,302
5432,2022-04-27,1885.9000244140625,1900.5999755859375,1882.199951171875,1897.800048828125,1786
5433,2022-04-28,1888.699951171875,1893.0,1872.9000244140625,1883.800048828125,513
5434,2022-04-29,1909.300048828125,1918.199951171875,1902.4000244140625,1902.699951171875,132
5435,2022-05-02,1861.800048828125,1896.800048828125,1853.0,1896.699951171875,385
5436,2022-05-03,1868.800048828125,1868.800048828125,1868.800048828125,1868.800048828125,466
5437,2022-05-04,1867.0,1867.0,1867.0,1867.0,1
5438,2022-05-05,1874.0,1904.300048828125,1874.0,1897.0,80
5439,2022-05-06,1881.199951171875,1890.300048828125,1871.5,1874.699951171875,214
5440,2022-05-09,1857.0999755859375,1867.5,1854.0,1866.5999755859375,304
5441,2022-05-10,1839.9000244140625,1839.9000244140625,1839.9000244140625,1839.9000244140625,1540
5442,2022-05-11,1852.5999755859375,1852.5999755859375,1841.0,1841.5,892
5443,2022-05-12,1823.800048828125,1851.9000244140625,1822.199951171875,1849.800048828125,153
5444,2022-05-13,1807.4000244140625,1825.0,1807.4000244140625,1825.0,335
5445,2022-05-16,1813.5,1813.5,1787.0,1790.5,34
5446,2022-05-17,1818.199951171875,1828.5999755859375,1816.699951171875,1824.9000244140625,121
5447,2022-05-18,1815.9000244140625,1819.699951171875,1805.0,1815.0,311
5448,2022-05-19,1841.199951171875,1841.199951171875,1810.699951171875,1810.9000244140625,138
5449,2022-05-20,1841.800048828125,1841.800048828125,1836.300048828125,1839.0999755859375,110
5450,2022-05-23,1847.800048828125,1863.0,1845.800048828125,1846.300048828125,216
5451,2022-05-24,1865.0999755859375,1867.0,1852.5,1852.5,33
5452,2022-05-25,1846.199951171875,1846.199951171875,1846.199951171875,1846.199951171875,0
5453,2022-05-26,1847.4000244140625,1847.4000244140625,1840.4000244140625,1840.4000244140625,123355
5454,2022-05-27,1851.300048828125,1860.699951171875,1845.9000244140625,1848.300048828125,30091
5455,2022-05-31,1842.699951171875,1862.0999755859375,1832.800048828125,1850.300048828125,4073
5456,2022-06-01,1843.300048828125,1847.9000244140625,1825.300048828125,1831.0,1623
5457,2022-06-02,1866.5,1868.699951171875,1842.0999755859375,1845.4000244140625,551
5458,2022-06-03,1845.4000244140625,1871.800048828125,1845.4000244140625,1867.5999755859375,53
5459,2022-06-06,1839.199951171875,1854.0999755859375,1839.199951171875,1849.0,142
5460,2022-06-07,1847.5,1851.5999755859375,1835.0,1836.9000244140625,1168
5461,2022-06-08,1851.9000244140625,1855.0,1844.4000244140625,1844.800048828125,218
5462,2022-06-09,1848.800048828125,1850.0999755859375,1837.9000244140625,1846.0999755859375,159
5463,2022-06-10,1871.5,1875.5999755859375,1823.9000244140625,1842.699951171875,1490
5464,2022-06-13,1828.0,1873.800048828125,1818.699951171875,1873.800048828125,127
5465,2022-06-14,1809.5,1825.5,1805.300048828125,1825.0,536
5466,2022-06-15,1815.300048828125,1839.0,1810.800048828125,1814.0999755859375,108
5467,2022-06-16,1845.699951171875,1850.5999755859375,1814.9000244140625,1819.199951171875,136
5468,2022-06-17,1835.5999755859375,1853.699951171875,1833.5999755859375,1853.699951171875,170
5469,2022-06-21,1834.5999755859375,1838.5999755859375,1830.0999755859375,1835.300048828125,216
5470,2022-06-22,1834.300048828125,1842.699951171875,1821.5999755859375,1829.5,115
5471,2022-06-23,1825.699951171875,1841.199951171875,1825.699951171875,1835.5,9
5472,2022-06-24,1826.5,1826.5,1815.800048828125,1820.5,61
5473,2022-06-27,1820.9000244140625,1830.699951171875,1819.9000244140625,1830.5,77
5474,2022-06-28,1817.5,1826.0,1817.5,1824.199951171875,391
5475,2022-06-29,1813.699951171875,1830.300048828125,1812.800048828125,1818.300048828125,173
5476,2022-06-30,1804.0999755859375,1817.300048828125,1801.0,1809.5999755859375,328
5477,2022-07-01,1798.9000244140625,1806.0999755859375,1791.5999755859375,1795.5,77
5478,2022-07-05,1761.800048828125,1805.4000244140625,1761.800048828125,1805.4000244140625,64
5479,2022-07-06,1734.9000244140625,1768.0,1734.0,1762.5,1729
5480,2022-07-07,1737.9000244140625,1745.199951171875,1737.0,1745.199951171875,1869
5481,2022-07-08,1740.5999755859375,1749.300048828125,1732.0999755859375,1738.0999755859375,370
5482,2022-07-11,1730.0,1736.699951171875,1730.0,1732.5,75
5483,2022-07-12,1723.300048828125,1735.5,1723.300048828125,1734.199951171875,451
5484,2022-07-13,1734.199951171875,1734.199951171875,1710.0,1710.0,368
5485,2022-07-14,1704.5,1710.5,1704.5,1710.300048828125,1289
5486,2022-07-15,1702.4000244140625,1709.699951171875,1701.0999755859375,1705.4000244140625,721
5487,2022-07-18,1709.199951171875,1712.4000244140625,1709.199951171875,1712.199951171875,264
5488,2022-07-19,1710.0,1714.4000244140625,1706.0999755859375,1712.300048828125,1684
5489,2022-07-20,1699.5,1708.5,1699.5,1707.0999755859375,130
5490,2022-07-21,1712.699951171875,1715.5,1679.800048828125,1687.0,183
5491,2022-07-22,1727.0999755859375,1735.0,1713.0,1713.300048828125,61
5492,2022-07-25,1719.0,1732.0,1719.0,1727.0,67
5493,2022-07-26,1717.699951171875,1718.0,1717.699951171875,1718.0,1
5494,2022-07-27,1719.0999755859375,1719.0999755859375,1719.0999755859375,1719.0999755859375,144865
5495,2022-07-28,1750.300048828125,1755.0,1732.0,1732.300048828125,37236
5496,2022-07-29,1762.9000244140625,1765.699951171875,1750.0,1754.0,3485
5497,2022-08-01,1769.0,1772.5,1756.0999755859375,1763.9000244140625,705
5498,2022-08-02,1771.0999755859375,1786.5999755859375,1759.4000244140625,1772.0999755859375,1078
5499,2022-08-03,1758.0,1770.5,1753.0,1756.699951171875,399
5500,2022-08-04,1788.5,1792.0999755859375,1767.699951171875,1769.4000244140625,285
5501,2022-08-05,1772.9000244140625,1791.4000244140625,1764.199951171875,1791.199951171875,645
5502,2022-08-08,1786.800048828125,1786.800048828125,1771.800048828125,1771.800048828125,127
5503,2022-08-09,1794.0,1796.0999755859375,1789.0,1790.0,249
5504,2022-08-10,1795.5999755859375,1804.9000244140625,1787.800048828125,1804.4000244140625,601
5505,2022-08-11,1789.699951171875,1794.300048828125,1785.699951171875,1794.300048828125,1235
5506,2022-08-12,1798.5999755859375,1800.4000244140625,1784.300048828125,1786.300048828125,187
5507,2022-08-15,1781.4000244140625,1799.0,1774.699951171875,1799.0,64
5508,2022-08-16,1773.199951171875,1777.4000244140625,1771.4000244140625,1777.4000244140625,308
5509,2022-08-17,1760.300048828125,1769.699951171875,1760.0,1769.699951171875,23
5510,2022-08-18,1755.300048828125,1762.9000244140625,1753.4000244140625,1762.9000244140625,321
5511,2022-08-19,1747.5999755859375,1754.300048828125,1747.5,1753.699951171875,49
5512,2022-08-22,1734.0,1740.5,1726.5,1740.5,347
5513,2022-08-23,1746.800048828125,1748.9000244140625,1731.9000244140625,1738.0,509
5514,2022-08-24,1747.800048828125,1751.800048828125,1743.5999755859375,1745.0,187
5515,2022-08-25,1757.699951171875,1761.800048828125,1755.0,1761.5999755859375,172
5516,2022-08-26,1736.0999755859375,1755.0,1736.0999755859375,1754.0,202
5517,2022-08-29,1736.5999755859375,1741.199951171875,1732.0999755859375,1732.4000244140625,950
5518,2022-08-30,1723.199951171875,1739.0,1720.699951171875,1736.4000244140625,385
5519,2022-08-31,1712.800048828125,1720.9000244140625,1708.5,1718.300048828125,2133
5520,2022-09-01,1696.5999755859375,1707.9000244140625,1693.9000244140625,1707.9000244140625,683
5521,2022-09-02,1709.800048828125,1715.699951171875,1703.0999755859375,1703.4000244140625,182
5522,2022-09-06,1700.4000244140625,1717.4000244140625,1699.699951171875,1709.699951171875,697
5523,2022-09-07,1715.300048828125,1715.300048828125,1694.699951171875,1694.800048828125,651
5524,2022-09-08,1708.0,1718.199951171875,1705.300048828125,1718.199951171875,1193
5525,2022-09-09,1716.199951171875,1720.0,1712.800048828125,1719.199951171875,635
5526,2022-09-12,1728.0999755859375,1728.0999755859375,1727.4000244140625,1727.4000244140625,68
5527,2022-09-13,1705.0,1720.5,1697.300048828125,1720.5,432
5528,2022-09-14,1696.5,1701.800048828125,1696.5,1698.699951171875,532
5529,2022-09-15,1665.4000244140625,1686.0,1662.300048828125,1685.5,1125
5530,2022-09-16,1671.699951171875,1674.9000244140625,1651.699951171875,1660.4000244140625,464
5531,2022-09-19,1666.199951171875,1669.4000244140625,1658.5,1661.800048828125,580
5532,2022-09-20,1659.699951171875,1659.699951171875,1659.699951171875,1659.699951171875,2830
5533,2022-09-21,1664.5999755859375,1680.0999755859375,1664.5999755859375,1665.5,2337
5534,2022-09-22,1670.800048828125,1670.800048828125,1668.300048828125,1668.300048828125,973
5535,2022-09-23,1645.300048828125,1667.0,1645.300048828125,1667.0,1224
5536,2022-09-26,1623.300048828125,1623.300048828125,1623.300048828125,1623.300048828125,1205
5537,2022-09-27,1626.699951171875,1636.5999755859375,1626.699951171875,1632.199951171875,888
5538,2022-09-28,1660.4000244140625,1660.4000244140625,1620.4000244140625,1620.4000244140625,18311
5539,2022-09-29,1658.5,1662.5999755859375,1640.0,1657.0,6028
5540,2022-09-30,1662.4000244140625,1672.699951171875,1658.0,1661.699951171875,548
5541,2022-10-03,1692.9000244140625,1700.0,1661.9000244140625,1667.199951171875,410
5542,2022-10-04,1721.0999755859375,1728.0,1696.0,1701.199951171875,291
5543,2022-10-05,1711.4000244140625,1726.5999755859375,1703.0,1724.0999755859375,418
5544,2022-10-06,1711.699951171875,1723.300048828125,1709.0999755859375,1721.0,133
5545,2022-10-07,1700.5,1710.0999755859375,1693.699951171875,1710.0999755859375,179
5546,2022-10-10,1667.300048828125,1693.4000244140625,1667.0,1693.4000244140625,195
5547,2022-10-11,1678.699951171875,1678.699951171875,1661.0,1661.800048828125,167
5548,2022-10-12,1670.300048828125,1672.699951171875,1668.0,1668.0,149
5549,2022-10-13,1670.0,1675.300048828125,1641.5,1675.199951171875,729
5550,2022-10-14,1641.699951171875,1667.0,1640.0,1665.300048828125,82
5551,2022-10-17,1657.0,1657.0,1646.800048828125,1650.199951171875,238
5552,2022-10-18,1649.0,1655.199951171875,1649.0,1651.4000244140625,597
5553,2022-10-19,1627.5,1637.5,1627.5,1637.5,84
5554,2022-10-20,1630.800048828125,1641.4000244140625,1622.800048828125,1622.800048828125,477
5555,2022-10-21,1651.0,1653.9000244140625,1634.0999755859375,1634.0999755859375,224
5556,2022-10-24,1648.699951171875,1662.699951171875,1648.699951171875,1662.699951171875,29
5557,2022-10-25,1652.800048828125,1652.800048828125,1637.300048828125,1648.199951171875,880
5558,2022-10-26,1664.0,1667.0,1649.800048828125,1649.800048828125,89
5559,2022-10-27,1660.699951171875,1660.699951171875,1660.699951171875,1660.699951171875,2298
5560,2022-10-28,1639.5999755859375,1661.0,1638.699951171875,1661.0,626
5561,2022-10-31,1635.9000244140625,1641.800048828125,1633.4000244140625,1641.800048828125,522
5562,2022-11-01,1645.0,1653.699951171875,1630.800048828125,1630.800048828125,985
5563,2022-11-02,1645.699951171875,1664.699951171875,1634.0,1650.800048828125,612
5564,2022-11-03,1627.300048828125,1629.199951171875,1615.0999755859375,1629.199951171875,1427
5565,2022-11-04,1672.5,1674.5,1629.0,1630.199951171875,159
5566,2022-11-07,1676.5,1677.9000244140625,1672.9000244140625,1676.9000244140625,42
5567,2022-11-08,1712.0999755859375,1712.0999755859375,1703.199951171875,1703.199951171875,23
5568,2022-11-09,1710.0999755859375,1720.199951171875,1706.0,1707.4000244140625,497
5569,2022-11-10,1750.300048828125,1750.300048828125,1708.199951171875,1708.199951171875,325
5570,2022-11-11,1766.0,1766.0,1757.5999755859375,1763.800048828125,257
5571,2022-11-14,1773.5999755859375,1773.5999755859375,1761.5999755859375,1762.0,358
5572,2022-11-15,1773.800048828125,1773.800048828125,1769.9000244140625,1770.800048828125,57
5573,2022-11-16,1773.0,1778.9000244140625,1773.0,1776.5999755859375,303
5574,2022-11-17,1760.800048828125,1763.0,1756.0,1763.0,18
5575,2022-11-18,1751.9000244140625,1763.300048828125,1747.5999755859375,1763.300048828125,414
5576,2022-11-21,1737.4000244140625,1744.9000244140625,1736.0999755859375,1739.0,544
5577,2022-11-22,1738.300048828125,1741.699951171875,1738.300048828125,1741.699951171875,15
5578,2022-11-23,1744.9000244140625,1750.9000244140625,1736.5,1736.5,39
5579,2022-11-25,1753.300048828125,1757.9000244140625,1749.199951171875,1753.0,216
5580,2022-11-28,1740.0999755859375,1741.300048828125,1740.0999755859375,1741.300048828125,132767
5581,2022-11-29,1748.4000244140625,1758.199951171875,1737.9000244140625,1739.5,19416
5582,2022-11-30,1746.0,1769.4000244140625,1745.0999755859375,1748.0999755859375,3339
5583,2022-12-01,1801.0999755859375,1803.699951171875,1768.699951171875,1768.699951171875,1053
5584,2022-12-02,1795.9000244140625,1802.300048828125,1779.4000244140625,1802.0,1725
5585,2022-12-05,1767.4000244140625,1808.0,1764.300048828125,1795.699951171875,1713
5586,2022-12-06,1769.300048828125,1779.4000244140625,1767.9000244140625,1768.5999755859375,105
5587,2022-12-07,1785.5,1790.300048828125,1769.300048828125,1769.300048828125,422
5588,2022-12-08,1788.699951171875,1790.9000244140625,1782.0,1782.0,713
5589,2022-12-09,1798.0999755859375,1804.300048828125,1791.0999755859375,1794.9000244140625,125
5590,2022-12-12,1780.5,1793.9000244140625,1777.699951171875,1787.300048828125,85
5591,2022-12-13,1813.9000244140625,1819.800048828125,1780.5,1780.699951171875,205
5592,2022-12-14,1807.5,1812.800048828125,1797.9000244140625,1810.800048828125,1074
5593,2022-12-15,1777.199951171875,1801.0,1774.800048828125,1801.0,421
5594,2022-12-16,1790.0,1791.4000244140625,1777.9000244140625,1777.9000244140625,206
5595,2022-12-19,1787.699951171875,1796.300048828125,1785.5999755859375,1791.5999755859375,79
5596,2022-12-20,1815.9000244140625,1821.4000244140625,1786.5,1786.5,51
5597,2022-12-21,1815.9000244140625,1821.4000244140625,1814.4000244140625,1817.4000244140625,35
5598,2022-12-22,1787.0,1818.0999755859375,1785.0,1818.0999755859375,411
5599,2022-12-23,1795.9000244140625,1802.800048828125,1794.0999755859375,1794.300048828125,49
5600,2022-12-27,1814.800048828125,1826.300048828125,1803.4000244140625,1803.4000244140625,69
5601,2022-12-28,1807.9000244140625,1807.9000244140625,1803.0999755859375,1803.199951171875,434
5602,2022-12-29,1819.5,1819.5,1805.800048828125,1805.800048828125,277
5603,2022-12-30,1819.699951171875,1822.300048828125,1816.800048828125,1817.0,95
5604,2023-01-03,1839.699951171875,1839.699951171875,1836.199951171875,1836.199951171875,29
5605,2023-01-04,1852.800048828125,1859.0999755859375,1845.5999755859375,1845.5999755859375,25
5606,2023-01-05,1834.800048828125,1855.199951171875,1834.800048828125,1855.199951171875,24
5607,2023-01-06,1864.199951171875,1868.199951171875,1835.300048828125,1838.4000244140625,26
5608,2023-01-09,1872.699951171875,1880.0,1867.0,1867.0,62
5609,2023-01-10,1871.5999755859375,1878.0999755859375,1871.5999755859375,1877.800048828125,101
5610,2023-01-11,1874.5999755859375,1877.800048828125,1873.0999755859375,1873.0999755859375,1236
5611,2023-01-12,1895.5,1897.4000244140625,1877.199951171875,1877.199951171875,59
5612,2023-01-13,1918.4000244140625,1920.9000244140625,1898.300048828125,1899.0,512
5613,2023-01-17,1907.199951171875,1920.0999755859375,1905.199951171875,1920.0999755859375,706
5614,2023-01-18,1904.4000244140625,1911.0999755859375,1903.0999755859375,1911.0999755859375,1027
5615,2023-01-19,1922.0999755859375,1931.800048828125,1922.0999755859375,1922.0999755859375,371
5616,2023-01-20,1926.4000244140625,1928.5,1921.4000244140625,1922.0999755859375,1346
5617,2023-01-23,1927.0999755859375,1927.0999755859375,1915.0,1926.5,218
5618,2023-01-24,1933.9000244140625,1936.800048828125,1931.800048828125,1931.800048828125,201
5619,2023-01-25,1941.199951171875,1941.199951171875,1939.800048828125,1941.199951171875,7
5620,2023-01-26,1929.0999755859375,1937.0999755859375,1927.0999755859375,1936.5999755859375,131
5621,2023-01-27,1928.5999755859375,1928.5999755859375,1928.5999755859375,1928.5999755859375,150902
5622,2023-01-30,1922.9000244140625,1933.5999755859375,1920.300048828125,1928.300048828125,27220
5623,2023-01-31,1929.5,1930.4000244140625,1900.5999755859375,1923.0,1910
5624,2023-02-01,1927.800048828125,1955.0,1922.0,1927.199951171875,2290
5625,2023-02-02,1916.300048828125,1959.0999755859375,1911.300048828125,1952.300048828125,748
5626,2023-02-03,1862.9000244140625,1917.0,1861.5,1912.4000244140625,992
5627,2023-02-06,1866.199951171875,1880.0,1863.4000244140625,1865.5999755859375,424
5628,2023-02-07,1871.699951171875,1875.699951171875,1868.0,1870.0,297
5629,2023-02-08,1877.4000244140625,1880.4000244140625,1872.0999755859375,1872.0999755859375,230
5630,2023-02-09,1866.199951171875,1884.5999755859375,1859.800048828125,1875.300048828125,223
5631,2023-02-10,1862.800048828125,1863.5,1852.4000244140625,1861.5999755859375,27
5632,2023-02-13,1851.9000244140625,1861.0,1850.0,1859.0,569
5633,2023-02-14,1854.0,1862.0,1846.199951171875,1854.0999755859375,656
5634,2023-02-15,1834.199951171875,1842.0,1828.199951171875,1842.0,368
5635,2023-02-16,1842.0,1843.699951171875,1827.199951171875,1838.5999755859375,222
5636,2023-02-17,1840.4000244140625,1842.199951171875,1818.4000244140625,1827.4000244140625,35
5637,2023-02-21,1833.0,1843.0,1833.0,1842.5999755859375,862
5638,2023-02-22,1832.0,1836.199951171875,1825.0999755859375,1835.699951171875,278
5639,2023-02-23,1818.0,1827.5,1818.0,1826.4000244140625,291
5640,2023-02-24,1808.800048828125,1808.800048828125,1808.800048828125,1808.800048828125,404
5641,2023-02-27,1817.0,1817.5,1808.9000244140625,1811.5999755859375,829
5642,2023-02-28,1828.9000244140625,1830.0,1808.0999755859375,1808.0999755859375,618
5643,2023-03-01,1837.699951171875,1841.699951171875,1827.0999755859375,1827.0999755859375,211
5644,2023-03-02,1833.5,1836.300048828125,1830.0,1830.0,154
5645,2023-03-03,1847.699951171875,1855.4000244140625,1837.300048828125,1837.300048828125,61
5646,2023-03-06,1847.9000244140625,1853.800048828125,1844.199951171875,1853.300048828125,5
5647,2023-03-07,1813.9000244140625,1840.9000244140625,1813.9000244140625,1840.9000244140625,450
5648,2023-03-08,1812.699951171875,1812.9000244140625,1811.5,1811.5999755859375,75
5649,2023-03-09,1829.300048828125,1829.300048828125,1815.5999755859375,1816.4000244140625,332
5650,2023-03-10,1862.0,1868.5,1852.0,1852.300048828125,248
5651,2023-03-13,1911.699951171875,1913.0999755859375,1875.0999755859375,1890.800048828125,503
5652,2023-03-14,1906.199951171875,1912.199951171875,1901.0999755859375,1912.199951171875,107
5653,2023-03-15,1926.5999755859375,1926.5999755859375,1898.5,1903.9000244140625,564
5654,2023-03-16,1919.0,1931.699951171875,1909.9000244140625,1909.9000244140625,394
5655,2023-03-17,1969.800048828125,1985.0999755859375,1946.0,1946.0,82
5656,2023-03-20,1979.199951171875,2003.9000244140625,1968.9000244140625,1988.300048828125,389
5657,2023-03-21,1938.0,1973.800048828125,1938.0,1973.800048828125,47
5658,2023-03-22,1946.800048828125,1974.0,1946.800048828125,1946.800048828125,50
5659,2023-03-23,1993.800048828125,1994.5999755859375,1990.5,1990.5,33
5660,2023-03-24,1982.0999755859375,1995.4000244140625,1982.0999755859375,1991.699951171875,19
5661,2023-03-27,1952.4000244140625,1957.199951171875,1952.4000244140625,1957.199951171875,877
5662,2023-03-28,1972.4000244140625,1972.4000244140625,1972.4000244140625,1972.4000244140625,21
5663,2023-03-29,1966.0999755859375,1966.0999755859375,1966.0999755859375,1966.0999755859375,88563
5664,2023-03-30,1980.300048828125,1984.4000244140625,1954.9000244140625,1965.9000244140625,10119
5665,2023-03-31,1969.0,1986.800048828125,1968.0,1981.300048828125,957
5666,2023-04-03,1983.9000244140625,1991.699951171875,1950.0,1968.0999755859375,737
5667,2023-04-04,2022.199951171875,2027.0999755859375,1979.0,1984.5999755859375,811
5668,2023-04-05,2020.9000244140625,2033.800048828125,2013.5999755859375,2022.0999755859375,525
5669,2023-04-06,2011.9000244140625,2023.300048828125,2005.0,2022.199951171875,0
5670,2023-04-10,1989.0999755859375,2006.5999755859375,1984.0,2000.0,652
5671,2023-04-11,2004.800048828125,2006.5,1991.4000244140625,1991.4000244140625,68
5672,2023-04-12,2010.9000244140625,2025.699951171875,2005.199951171875,2005.199951171875,172
5673,2023-04-13,2041.300048828125,2048.60009765625,2015.5999755859375,2015.5999755859375,1043
5674,2023-04-14,2002.199951171875,2047.800048828125,1995.0,2041.0,718
5675,2023-04-17,1994.199951171875,2007.5999755859375,1983.199951171875,2002.699951171875,554
5676,2023-04-18,2007.4000244140625,2007.4000244140625,1996.9000244140625,1996.9000244140625,72
5677,2023-04-19,1995.199951171875,2006.4000244140625,1969.800048828125,2005.699951171875,61
5678,2023-04-20,2007.5999755859375,2007.5999755859375,1998.0,1998.0,164
5679,2023-04-21,1979.5,1996.199951171875,1974.0999755859375,1996.199951171875,132
5680,2023-04-24,1989.0999755859375,1989.800048828125,1977.4000244140625,1981.300048828125,145
5681,2023-04-25,1994.0,1999.0999755859375,1982.300048828125,1995.699951171875,306
5682,2023-04-26,1985.699951171875,1998.800048828125,1985.5999755859375,1997.800048828125,615
5683,2023-04-27,1989.9000244140625,2002.300048828125,1979.9000244140625,1990.5999755859375,355
5684,2023-04-28,1990.0999755859375,1990.0999755859375,1977.699951171875,1986.9000244140625,152
5685,2023-05-01,1983.4000244140625,2005.0,1976.9000244140625,1980.0999755859375,210
5686,2023-05-02,2014.300048828125,2018.0,1994.699951171875,1994.699951171875,1896
5687,2023-05-03,2028.5999755859375,2035.0999755859375,2015.199951171875,2017.0999755859375,1349
5688,2023-05-04,2048.0,2072.0,2040.0,2045.0,930
5689,2023-05-05,2017.4000244140625,2046.4000244140625,2004.300048828125,2046.4000244140625,59
5690,2023-05-08,2026.300048828125,2026.300048828125,2022.5,2022.5,3
5691,2023-05-09,2036.199951171875,2037.300048828125,2025.9000244140625,2026.5999755859375,241
5692,2023-05-10,2030.5,2044.300048828125,2029.5,2032.300048828125,248
5693,2023-05-11,2014.699951171875,2038.300048828125,2014.0,2034.0999755859375,90
5694,2023-05-12,2014.5,2014.5,2014.5,2014.5,115
5695,2023-05-15,2018.0,2018.0,2013.800048828125,2013.800048828125,3
5696,2023-05-16,1988.4000244140625,1988.4000244140625,1988.4000244140625,1988.4000244140625,49
5697,2023-05-17,1980.699951171875,1983.5999755859375,1980.699951171875,1983.5999755859375,13
5698,2023-05-18,1956.5,1956.800048828125,1956.5,1956.5,23
5699,2023-05-19,1978.699951171875,1978.699951171875,1960.0,1960.0,106
5700,2023-05-22,1974.800048828125,1980.5,1974.800048828125,1980.5,8
5701,2023-05-23,1972.4000244140625,1972.4000244140625,1972.4000244140625,1972.4000244140625,1
5702,2023-05-24,1962.800048828125,1975.4000244140625,1962.800048828125,1975.4000244140625,189
5703,2023-05-25,1943.0999755859375,1943.0999755859375,1943.0999755859375,1943.0999755859375,1
5704,2023-05-26,1944.0999755859375,1948.4000244140625,1944.0999755859375,1948.199951171875,166036
5705,2023-05-30,1958.0,1962.5999755859375,1931.0,1942.699951171875,37838
5706,2023-05-31,1963.9000244140625,1973.0,1953.0,1958.199951171875,5959
5707,2023-06-01,1978.0,1983.0,1954.300048828125,1963.199951171875,750
5708,2023-06-02,1952.4000244140625,1982.5,1947.4000244140625,1977.0999755859375,356
5709,2023-06-05,1958.0,1961.9000244140625,1937.800048828125,1947.5,713
5710,2023-06-06,1965.5,1965.5,1958.800048828125,1960.800048828125,164
5711,2023-06-07,1942.699951171875,1968.4000244140625,1940.699951171875,1959.0,139
5712,2023-06-08,1963.5999755859375,1969.0,1943.0999755859375,1943.199951171875,433
5713,2023-06-09,1962.199951171875,1969.800048828125,1960.300048828125,1965.0999755859375,49
5714,2023-06-12,1955.300048828125,1963.5,1951.4000244140625,1959.699951171875,212
5715,2023-06-13,1944.5999755859375,1967.5,1940.300048828125,1960.5999755859375,343
5716,2023-06-14,1955.300048828125,1958.199951171875,1940.300048828125,1946.199951171875,202
5717,2023-06-15,1957.800048828125,1958.800048828125,1926.0,1941.699951171875,329
5718,2023-06-16,1958.4000244140625,1962.9000244140625,1953.5,1961.4000244140625,119
5719,2023-06-20,1935.5,1958.5999755859375,1931.300048828125,1958.5999755859375,193
5720,2023-06-21,1933.300048828125,1936.800048828125,1920.0,1935.5999755859375,557
5721,2023-06-22,1912.699951171875,1921.0,1912.0999755859375,1920.0,237
5722,2023-06-23,1919.0999755859375,1932.5,1918.699951171875,1918.699951171875,105
5723,2023-06-26,1923.699951171875,1928.5,1922.5,1922.9000244140625,71
5724,2023-06-27,1914.0,1929.4000244140625,1914.0,1927.0,49
5725,2023-06-28,1912.300048828125,1912.300048828125,1912.300048828125,1912.300048828125,628
5726,2023-06-29,1909.199951171875,1909.9000244140625,1892.5,1909.9000244140625,289
5727,2023-06-30,1921.0999755859375,1921.0999755859375,1900.5999755859375,1908.5999755859375,445
5728,2023-07-03,1921.699951171875,1929.5,1917.9000244140625,1917.9000244140625,41
5729,2023-07-05,1919.5999755859375,1933.9000244140625,1914.699951171875,1923.5,193
5730,2023-07-06,1908.699951171875,1910.199951171875,1903.199951171875,1909.300048828125,81
5731,2023-07-07,1926.199951171875,1934.0999755859375,1913.4000244140625,1913.4000244140625,61
5732,2023-07-10,1925.0,1926.0999755859375,1912.300048828125,1923.5999755859375,269
5733,2023-07-11,1931.300048828125,1937.0,1924.199951171875,1925.0,142
5734,2023-07-12,1956.199951171875,1958.0,1932.199951171875,1932.300048828125,132
5735,2023-07-13,1959.199951171875,1961.0999755859375,1953.0,1961.0999755859375,121
5736,2023-07-14,1960.0999755859375,1960.5999755859375,1952.699951171875,1958.4000244140625,94
5737,2023-07-17,1952.4000244140625,1956.5,1946.5999755859375,1954.0,29
5738,2023-07-18,1977.199951171875,1978.4000244140625,1963.4000244140625,1968.800048828125,83
5739,2023-07-19,1977.5,1977.5,1973.0,1977.0,35
5740,2023-07-20,1968.300048828125,1973.699951171875,1965.5999755859375,1973.699951171875,638
5741,2023-07-21,1964.300048828125,1964.300048828125,1961.800048828125,1961.800048828125,50
5742,2023-07-24,1960.300048828125,1965.5,1960.300048828125,1965.300048828125,2
5743,2023-07-25,1962.0999755859375,1962.5,1953.0,1953.0,19
5744,2023-07-26,1968.9000244140625,1972.0,1966.199951171875,1966.199951171875,51
5745,2023-07-27,1945.4000244140625,1945.4000244140625,1945.4000244140625,1945.4000244140625,194253
5746,2023-07-28,1960.4000244140625,1962.199951171875,1944.199951171875,1945.5,23155
5747,2023-07-31,1970.5,1971.5999755859375,1950.0,1959.199951171875,1025
5748,2023-08-01,1940.699951171875,1965.4000244140625,1940.699951171875,1964.9000244140625,688
5749,2023-08-02,1937.4000244140625,1953.5999755859375,1933.199951171875,1948.4000244140625,652
5750,2023-08-03,1932.0,1936.5,1928.0,1934.199951171875,773
5751,2023-08-04,1939.5999755859375,1945.0,1920.0,1934.9000244140625,290
5752,2023-08-07,1933.5,1941.0,1929.800048828125,1941.0,376
5753,2023-08-08,1924.0999755859375,1933.199951171875,1923.0,1931.699951171875,555
5754,2023-08-09,1915.4000244140625,1928.800048828125,1913.699951171875,1925.4000244140625,451
5755,2023-08-10,1914.4000244140625,1927.800048828125,1911.4000244140625,1921.0999755859375,178
5756,2023-08-11,1912.9000244140625,1916.5999755859375,1911.800048828125,1913.0,57
5757,2023-08-14,1910.5999755859375,1912.5999755859375,1903.300048828125,1909.300048828125,46
5758,2023-08-15,1902.5,1907.699951171875,1895.0,1906.0,73
5759,2023-08-16,1896.0999755859375,1904.5,1890.300048828125,1904.5,22
5760,2023-08-17,1884.0999755859375,1902.4000244140625,1884.0,1893.699951171875,245
5761,2023-08-18,1886.0999755859375,1891.800048828125,1886.0999755859375,1891.800048828125,19
5762,2023-08-21,1893.300048828125,1893.5999755859375,1893.300048828125,1893.5999755859375,876
5763,2023-08-22,1896.4000244140625,1896.800048828125,1892.800048828125,1894.5999755859375,46
5764,2023-08-23,1918.5,1918.5,1909.5999755859375,1909.5999755859375,547
5765,2023-08-24,1918.199951171875,1920.800048828125,1918.199951171875,1920.0,337
5766,2023-08-25,1911.0999755859375,1919.800048828125,1911.0999755859375,1919.800048828125,195
5767,2023-08-28,1917.9000244140625,1921.5,1915.5,1915.5,99
5768,2023-08-29,1936.5,1936.5,1916.9000244140625,1917.9000244140625,1674
5769,2023-08-30,1944.300048828125,1946.4000244140625,1934.5999755859375,1936.0,396
5770,2023-08-31,1938.199951171875,1944.4000244140625,1938.199951171875,1944.4000244140625,491
5771,2023-09-01,1939.800048828125,1950.0,1936.5999755859375,1950.0,167
5772,2023-09-05,1926.199951171875,1934.4000244140625,1924.699951171875,1934.4000244140625,113
5773,2023-09-06,1918.0999755859375,1925.300048828125,1916.300048828125,1924.0999755859375,24
5774,2023-09-07,1917.5,1921.5,1917.5,1917.5999755859375,41
5775,2023-09-08,1918.4000244140625,1924.699951171875,1918.4000244140625,1924.0,105
5776,2023-09-11,1923.300048828125,1928.300048828125,1921.800048828125,1923.0,50
5777,2023-09-12,1911.300048828125,1920.800048828125,1911.300048828125,1920.800048828125,365
5778,2023-09-13,1909.0999755859375,1914.5999755859375,1908.9000244140625,1910.300048828125,15
5779,2023-09-14,1910.0,1910.0,1903.0,1903.0,169
5780,2023-09-15,1923.699951171875,1927.300048828125,1923.5,1923.5,8
5781,2023-09-18,1931.5,1931.5,1926.4000244140625,1928.199951171875,19
5782,2023-09-19,1932.0,1934.0,1932.0,1934.0,6
5783,2023-09-20,1945.5999755859375,1945.5999755859375,1929.199951171875,1945.5999755859375,119
5784,2023-09-21,1919.199951171875,1924.0,1919.199951171875,1924.0,9
5785,2023-09-22,1925.4000244140625,1925.4000244140625,1925.4000244140625,1925.4000244140625,1
5786,2023-09-25,1916.5999755859375,1916.5999755859375,1916.5999755859375,1916.5999755859375,114
5787,2023-09-26,1900.4000244140625,1905.0999755859375,1900.4000244140625,1905.0,161
5788,2023-09-27,1871.5999755859375,1871.5999755859375,1871.5999755859375,1871.5999755859375,12251
5789,2023-09-28,1860.4000244140625,1878.199951171875,1856.699951171875,1875.5,4654
5790,2023-09-29,1848.0999755859375,1872.300048828125,1846.0,1864.300048828125,1605
5791,2023-10-02,1830.0,1845.9000244140625,1826.699951171875,1844.0999755859375,2309
5792,2023-10-03,1824.5999755859375,1830.9000244140625,1816.800048828125,1825.0,310
5793,2023-10-04,1818.5,1828.199951171875,1816.4000244140625,1821.800048828125,357
5794,2023-10-05,1816.5999755859375,1826.300048828125,1815.5999755859375,1826.300048828125,393
5795,2023-10-06,1830.199951171875,1831.800048828125,1809.4000244140625,1819.0,390
5796,2023-10-09,1849.5,1861.5,1842.5,1842.5,232
5797,2023-10-10,1861.0,1861.4000244140625,1852.800048828125,1857.0,236
5798,2023-10-11,1872.800048828125,1874.5999755859375,1869.0999755859375,1869.5,65
5799,2023-10-12,1869.300048828125,1881.199951171875,1867.0,1874.699951171875,46
5800,2023-10-13,1927.4000244140625,1930.0999755859375,1877.5,1877.5,43
5801,2023-10-16,1921.0999755859375,1921.0999755859375,1910.300048828125,1910.4000244140625,53
5802,2023-10-17,1922.699951171875,1925.800048828125,1914.300048828125,1914.300048828125,103
5803,2023-10-18,1955.300048828125,1957.9000244140625,1935.0,1935.0,67
5804,2023-10-19,1968.4000244140625,1977.699951171875,1945.699951171875,1950.0999755859375,1945
5805,2023-10-20,1982.5,1988.5999755859375,1980.4000244140625,1981.0999755859375,557
5806,2023-10-23,1976.300048828125,1978.9000244140625,1972.9000244140625,1976.199951171875,127
5807,2023-10-24,1975.0,1975.0,1970.300048828125,1970.300048828125,10
5808,2023-10-25,1984.0999755859375,1985.300048828125,1971.199951171875,1971.199951171875,97
5809,2023-10-26,1987.199951171875,1988.199951171875,1980.4000244140625,1988.199951171875,521
5810,2023-10-27,1988.5999755859375,1988.5999755859375,1988.5999755859375,1988.5999755859375,372
5811,2023-10-30,1996.199951171875,2004.0999755859375,1992.5,2004.0999755859375,157
5812,2023-10-31,1985.199951171875,2001.0,1983.699951171875,1996.5,84
5813,2023-11-01,1978.800048828125,1990.5,1977.800048828125,1990.5,41
5814,2023-11-02,1985.5999755859375,1990.300048828125,1979.5,1989.0999755859375,39
5815,2023-11-03,1991.5,1991.5,1989.0,1989.0,12
5816,2023-11-06,1981.5999755859375,1981.5999755859375,1977.4000244140625,1981.5999755859375,130
5817,2023-11-07,1966.800048828125,1966.800048828125,1960.699951171875,1966.5,20
5818,2023-11-08,1951.5,1967.800048828125,1947.699951171875,1967.800048828125,43
5819,2023-11-09,1964.199951171875,1964.199951171875,1945.300048828125,1951.699951171875,10
5820,2023-11-10,1932.5999755859375,1959.5999755859375,1932.5999755859375,1959.5999755859375,375
5821,2023-11-13,1945.5,1947.199951171875,1934.0,1939.9000244140625,191
5822,2023-11-14,1961.800048828125,1965.800048828125,1961.800048828125,1965.800048828125,2
5823,2023-11-15,1960.0999755859375,1962.800048828125,1960.0,1962.800048828125,6
5824,2023-11-16,1983.9000244140625,1983.9000244140625,1964.5999755859375,1965.300048828125,39
5825,2023-11-17,1981.5999755859375,1984.0,1979.800048828125,1982.5,32
5826,2023-11-20,1977.699951171875,1979.4000244140625,1969.699951171875,1978.699951171875,182
5827,2023-11-21,1999.300048828125,2005.5,1988.5,1990.699951171875,16
5828,2023-11-22,1991.4000244140625,1999.4000244140625,1991.0,1999.0999755859375,6075
5829,2023-11-24,2002.199951171875,2002.199951171875,1991.5,1991.9000244140625,63
5830,2023-11-27,2011.800048828125,2011.800048828125,2011.699951171875,2011.699951171875,228
5831,2023-11-28,2039.699951171875,2042.699951171875,2039.699951171875,2040.5999755859375,174665
5832,2023-11-29,2047.0999755859375,2052.10009765625,2036.0,2041.699951171875,15290
5833,2023-11-30,2038.0999755859375,2047.0999755859375,2033.0999755859375,2046.0999755859375,2506
5834,2023-12-01,2071.0,2073.199951171875,2036.0,2038.300048828125,614
5835,2023-12-04,2024.0999755859375,2130.199951171875,2021.0,2075.300048828125,1071
5836,2023-12-05,2018.5,2037.0,2010.199951171875,2035.0999755859375,289
5837,2023-12-06,2030.5,2035.800048828125,2019.0,2019.9000244140625,417
5838,2023-12-07,2029.9000244140625,2034.9000244140625,2024.0,2029.199951171875,67
5839,2023-12-08,1998.300048828125,2033.0999755859375,1995.0,2031.699951171875,449
5840,2023-12-11,1978.0,2004.199951171875,1977.199951171875,2004.0999755859375,651
5841,2023-12-12,1977.800048828125,1994.199951171875,1977.800048828125,1984.199951171875,95
5842,2023-12-13,1982.300048828125,2024.800048828125,1975.0,1978.5,2252
5843,2023-12-14,2030.199951171875,2040.0999755859375,2024.300048828125,2024.699951171875,236
5844,2023-12-15,2021.0999755859375,2043.4000244140625,2018.300048828125,2032.5999755859375,261
5845,2023-12-18,2026.300048828125,2032.800048828125,2024.0,2024.300048828125,100
5846,2023-12-19,2038.4000244140625,2042.699951171875,2025.199951171875,2025.199951171875,498
5847,2023-12-20,2034.5,2037.0999755859375,2030.300048828125,2037.0999755859375,258
5848,2023-12-21,2039.0999755859375,2044.5,2033.0,2035.800048828125,228
5849,2023-12-22,2057.10009765625,2068.699951171875,2052.199951171875,2055.699951171875,202
5850,2023-12-26,2058.199951171875,2060.800048828125,2054.199951171875,2060.0,64
5851,2023-12-27,2081.89990234375,2081.89990234375,2064.800048828125,2067.300048828125,586
5852,2023-12-28,2073.89990234375,2087.300048828125,2066.5,2081.60009765625,338
5853,2023-12-29,2062.39990234375,2068.89990234375,2062.10009765625,2068.0,47
5854,2024-01-02,2064.39990234375,2073.699951171875,2057.10009765625,2063.5,61
5855,2024-01-03,2034.199951171875,2044.0,2034.199951171875,2034.199951171875,54
5856,2024-01-04,2042.300048828125,2044.5,2038.0,2041.5999755859375,88
5857,2024-01-05,2042.4000244140625,2048.10009765625,2042.4000244140625,2044.5,12
5858,2024-01-08,2026.5999755859375,2033.699951171875,2019.0999755859375,2019.0999755859375,10
5859,2024-01-09,2026.4000244140625,2035.800048828125,2026.4000244140625,2035.800048828125,27
5860,2024-01-10,2021.699951171875,2035.5999755859375,2021.699951171875,2029.0,538
5861,2024-01-11,2014.300048828125,2025.0999755859375,2014.300048828125,2025.0999755859375,97
5862,2024-01-12,2046.699951171875,2057.0,2031.0999755859375,2031.0999755859375,390
5863,2024-01-16,2026.0,2054.800048828125,2026.0,2051.699951171875,46
5864,2024-01-17,2002.5999755859375,2026.5,2002.5999755859375,2026.5,764
5865,2024-01-18,2018.5999755859375,2018.5999755859375,2009.5,2012.800048828125,1474
5866,2024-01-19,2026.5,2036.0,2019.5,2023.199951171875,50
5867,2024-01-22,2019.800048828125,2021.300048828125,2019.800048828125,2021.300048828125,12
5868,2024-01-23,2023.699951171875,2030.300048828125,2022.5,2030.300048828125,15
5869,2024-01-24,2013.9000244140625,2033.199951171875,2013.9000244140625,2023.199951171875,253
5870,2024-01-25,2016.9000244140625,2022.4000244140625,2012.0999755859375,2012.0999755859375,548
5871,2024-01-26,2016.800048828125,2022.4000244140625,2016.800048828125,2021.699951171875,49
5872,2024-01-29,2025.199951171875,2025.199951171875,2025.199951171875,2025.199951171875,150708
5873,2024-01-30,2031.5,2048.5,2028.0999755859375,2032.5,26907
5874,2024-01-31,2048.39990234375,2055.0,2030.0,2035.4000244140625,2007
5875,2024-02-01,2053.0,2064.5,2029.0,2040.199951171875,947
5876,2024-02-02,2036.0999755859375,2055.89990234375,2027.699951171875,2054.800048828125,888
5877,2024-02-05,2025.699951171875,2040.800048828125,2013.800048828125,2038.9000244140625,412
5878,2024-02-06,2034.5,2037.300048828125,2025.9000244140625,2025.9000244140625,249
5879,2024-02-07,2035.199951171875,2039.5,2032.699951171875,2032.800048828125,71
5880,2024-02-08,2032.199951171875,2036.699951171875,2020.300048828125,2028.0,341
5881,2024-02-09,2023.300048828125,2032.0,2020.0,2032.0,62
5882,2024-02-12,2018.199951171875,2025.5,2011.5999755859375,2025.5,317
5883,2024-02-13,1992.9000244140625,2025.800048828125,1990.0,2025.0999755859375,198
5884,2024-02-14,1990.300048828125,1993.5,1984.800048828125,1990.300048828125,1916
5885,2024-02-15,2002.0999755859375,2007.199951171875,1993.5999755859375,1993.5999755859375,286
5886,2024-02-16,2011.5,2011.5,1996.5,2005.0,32
5887,2024-02-20,2027.5,2029.0,2015.5999755859375,2015.5999755859375,1326
5888,2024-02-21,2022.300048828125,2028.199951171875,2022.300048828125,2028.199951171875,15
5889,2024-02-22,2019.699951171875,2033.199951171875,2019.699951171875,2033.199951171875,964
5890,2024-02-23,2038.5999755859375,2038.5999755859375,2014.9000244140625,2026.0,22
5891,2024-02-26,2028.5,2035.4000244140625,2024.800048828125,2034.0999755859375,143
5892,2024-02-27,2034.0,2035.9000244140625,2034.0,2035.9000244140625,964
5893,2024-02-28,2033.0,2037.0,2024.800048828125,2029.5,581
5894,2024-02-29,2045.699951171875,2049.800048828125,2034.300048828125,2034.300048828125,706
5895,2024-03-01,2086.89990234375,2086.89990234375,2041.800048828125,2043.0999755859375,1210
5896,2024-03-04,2117.699951171875,2119.800048828125,2080.699951171875,2083.60009765625,805
5897,2024-03-05,2133.5,2133.5,2111.39990234375,2114.89990234375,1287
5898,2024-03-06,2150.300048828125,2150.300048828125,2125.5,2125.5,443
5899,2024-03-07,2158.0,2163.0,2147.0,2147.0,152
5900,2024-03-08,2178.60009765625,2194.89990234375,2166.300048828125,2167.300048828125,259
5901,2024-03-11,2182.5,2184.0,2177.199951171875,2181.0,738
5902,2024-03-12,2160.39990234375,2182.699951171875,2160.39990234375,2182.5,550
5903,2024-03-13,2175.39990234375,2175.39990234375,2162.5,2162.5,20
5904,2024-03-14,2163.0,2163.0,2162.300048828125,2163.0,515
5905,2024-03-15,2157.300048828125,2161.699951171875,2157.300048828125,2161.699951171875,100
5906,2024-03-18,2160.699951171875,2160.699951171875,2146.199951171875,2146.199951171875,21
5907,2024-03-19,2156.300048828125,2156.300048828125,2156.10009765625,2156.10009765625,12
5908,2024-03-20,2157.89990234375,2185.89990234375,2150.89990234375,2157.300048828125,17
5909,2024-03-21,2182.39990234375,2211.60009765625,2182.39990234375,2207.0,63
5910,2024-03-22,2158.10009765625,2179.60009765625,2157.5,2179.199951171875,19
5911,2024-03-25,2174.800048828125,2179.39990234375,2166.199951171875,2166.199951171875,79
5912,2024-03-26,2175.60009765625,2182.699951171875,2175.60009765625,2182.699951171875,202373
5913,2024-03-27,2190.60009765625,2196.199951171875,2172.10009765625,2179.39990234375,31200
5914,2024-03-28,2217.39990234375,2234.10009765625,2187.10009765625,2193.60009765625,2040
5915,2024-04-01,2236.5,2264.199951171875,2230.0,2235.699951171875,400
5916,2024-04-02,2261.0,2279.199951171875,2247.60009765625,2252.0,435
5917,2024-04-03,2294.39990234375,2298.800048828125,2267.89990234375,2281.699951171875,285
5918,2024-04-04,2288.800048828125,2302.89990234375,2280.0,2301.699951171875,251
5919,2024-04-05,2325.699951171875,2328.39990234375,2267.39990234375,2289.199951171875,344
5920,2024-04-08,2331.699951171875,2341.800048828125,2319.0,2325.60009765625,202
5921,2024-04-09,2343.5,2364.699951171875,2337.800048828125,2337.800048828125,211
5922,2024-04-10,2329.60009765625,2358.10009765625,2327.699951171875,2346.60009765625,377
5923,2024-04-11,2354.800048828125,2376.300048828125,2330.60009765625,2341.5,283
5924,2024-04-12,2356.199951171875,2429.0,2334.300048828125,2377.300048828125,584
5925,2024-04-15,2365.800048828125,2384.699951171875,2326.0,2362.10009765625,1801
5926,2024-04-16,2390.800048828125,2390.800048828125,2371.39990234375,2384.0,41
5927,2024-04-17,2371.699951171875,2391.39990234375,2369.300048828125,2384.199951171875,37
5928,2024-04-18,2382.300048828125,2384.39990234375,2368.39990234375,2368.39990234375,128
5929,2024-04-19,2398.39990234375,2399.800048828125,2377.300048828125,2379.300048828125,160
5930,2024-04-22,2332.199951171875,2383.300048828125,2326.89990234375,2383.300048828125,53
5931,2024-04-23,2327.699951171875,2330.800048828125,2294.199951171875,2327.699951171875,171
5932,2024-04-24,2324.5,2328.699951171875,2314.60009765625,2321.300048828125,95
5933,2024-04-25,2329.800048828125,2329.800048828125,2305.0,2315.0,1024
5934,2024-04-26,2334.800048828125,2347.89990234375,2332.800048828125,2347.89990234375,717
5935,2024-04-29,2345.39990234375,2345.5,2327.89990234375,2334.800048828125,405
5936,2024-04-30,2291.39990234375,2322.5,2291.39990234375,2322.5,113
5937,2024-05-01,2299.89990234375,2327.300048828125,2283.800048828125,2287.699951171875,42
5938,2024-05-02,2299.199951171875,2324.699951171875,2292.300048828125,2321.699951171875,56
5939,2024-05-03,2299.0,2301.0,2277.60009765625,2300.0,194
5940,2024-05-06,2321.60009765625,2325.5,2314.199951171875,2322.800048828125,9
5941,2024-05-07,2315.199951171875,2324.300048828125,2315.199951171875,2324.300048828125,25
5942,2024-05-08,2313.60009765625,2313.60009765625,2313.60009765625,2313.60009765625,4
5943,2024-05-09,2332.10009765625,2339.5,2310.699951171875,2310.699951171875,5
5944,2024-05-10,2367.300048828125,2367.300048828125,2367.300048828125,2367.300048828125,126
5945,2024-05-13,2336.10009765625,2358.300048828125,2336.10009765625,2358.300048828125,14
5946,2024-05-14,2353.39990234375,2358.0,2336.0,2336.0,6
5947,2024-05-15,2388.699951171875,2388.699951171875,2356.0,2361.60009765625,29
5948,2024-05-16,2380.0,2392.199951171875,2380.0,2389.5,7
5949,2024-05-17,2412.199951171875,2415.800048828125,2380.699951171875,2380.699951171875,213
5950,2024-05-20,2433.89990234375,2435.800048828125,2409.699951171875,2415.800048828125,40
5951,2024-05-21,2421.699951171875,2429.5,2421.0,2429.5,6
5952,2024-05-22,2389.199951171875,2417.60009765625,2375.800048828125,2417.5,180
5953,2024-05-23,2335.0,2371.199951171875,2335.0,2371.199951171875,365
5954,2024-05-24,2332.5,2345.39990234375,2332.5,2342.60009765625,25
5955,2024-05-28,2355.199951171875,2359.699951171875,2336.89990234375,2336.89990234375,26
5956,2024-05-29,2340.300048828125,2340.300048828125,2340.300048828125,2340.300048828125,119317
5957,2024-05-30,2342.89990234375,2349.5,2320.800048828125,2336.89990234375,32587
5958,2024-05-31,2322.89990234375,2354.0,2319.0,2344.10009765625,941
5959,2024-06-03,2346.60009765625,2347.5,2312.0,2322.60009765625,781
5960,2024-06-04,2325.5,2347.699951171875,2313.89990234375,2347.5,890
5961,2024-06-05,2354.10009765625,2354.300048828125,2326.199951171875,2326.39990234375,295
5962,2024-06-06,2370.300048828125,2375.800048828125,2355.0,2355.0,179
5963,2024-06-07,2305.199951171875,2385.10009765625,2285.39990234375,2379.89990234375,269
5964,2024-06-10,2307.699951171875,2309.300048828125,2290.5,2290.60009765625,69
5965,2024-06-11,2307.5,2314.10009765625,2300.0,2300.0,871
5966,2024-06-12,2336.0,2338.699951171875,2310.300048828125,2314.89990234375,132
5967,2024-06-13,2300.199951171875,2317.699951171875,2296.199951171875,2309.39990234375,298
5968,2024-06-14,2331.39990234375,2331.39990234375,2305.800048828125,2307.0,948
5969,2024-06-17,2312.39990234375,2320.199951171875,2309.60009765625,2320.199951171875,110
5970,2024-06-18,2330.39990234375,2330.39990234375,2311.800048828125,2311.800048828125,43
5971,2024-06-20,2353.800048828125,2354.0,2328.300048828125,2328.89990234375,183
5972,2024-06-21,2316.39990234375,2331.199951171875,2316.39990234375,2331.199951171875,76
5973,2024-06-24,2330.0,2332.89990234375,2322.699951171875,2323.300048828125,99
5974,2024-06-25,2316.60009765625,2333.0,2316.60009765625,2324.39990234375,105
5975,2024-06-26,2299.199951171875,2314.39990234375,2298.0,2307.89990234375,986
5976,2024-06-27,2324.5,2329.0,2295.0,2296.800048828125,1532
5977,2024-06-28,2327.699951171875,2338.300048828125,2319.0,2325.39990234375,92
5978,2024-07-01,2327.60009765625,2329.699951171875,2321.699951171875,2323.800048828125,237
5979,2024-07-02,2323.0,2334.60009765625,2323.0,2330.699951171875,30
5980,2024-07-03,2359.800048828125,2361.60009765625,2330.89990234375,2330.89990234375,59
5981,2024-07-05,2388.5,2388.5,2354.89990234375,2354.89990234375,72
5982,2024-07-08,2355.199951171875,2383.800048828125,2352.800048828125,2381.699951171875,64
5983,2024-07-09,2360.10009765625,2363.699951171875,2360.10009765625,2363.10009765625,9
5984,2024-07-10,2372.199951171875,2377.0,2365.800048828125,2366.300048828125,19
5985,2024-07-11,2415.0,2416.699951171875,2378.699951171875,2378.699951171875,72
5986,2024-07-12,2414.0,2414.0,2391.300048828125,2399.800048828125,355
5987,2024-07-15,2422.89990234375,2436.0,2422.89990234375,2430.0,540
5988,2024-07-16,2462.39990234375,2462.39990234375,2427.39990234375,2427.39990234375,93
5989,2024-07-17,2454.800048828125,2473.10009765625,2454.800048828125,2472.89990234375,10
5990,2024-07-18,2451.800048828125,2466.0,2451.800048828125,2466.0,2
5991,2024-07-19,2395.5,2419.199951171875,2395.5,2418.800048828125,15
5992,2024-07-22,2392.0,2402.10009765625,2392.0,2402.10009765625,18
5993,2024-07-23,2404.60009765625,2404.60009765625,2388.699951171875,2395.800048828125,41
5994,2024-07-24,2413.300048828125,2421.0,2411.60009765625,2421.0,6
5995,2024-07-25,2351.89990234375,2365.5,2351.89990234375,2365.5,31
5996,2024-07-26,2380.0,2386.89990234375,2368.699951171875,2368.699951171875,95
5997,2024-07-29,2377.300048828125,2377.300048828125,2377.300048828125,2377.300048828125,126409
5998,2024-07-30,2405.0,2409.300048828125,2373.800048828125,2380.89990234375,25944
5999,2024-07-31,2426.5,2447.60009765625,2402.800048828125,2407.10009765625,1313
6000,2024-08-01,2435.0,2455.10009765625,2430.39990234375,2446.699951171875,690
6001,2024-08-02,2425.699951171875,2477.0,2416.0,2444.0,550
6002,2024-08-05,2401.699951171875,2449.800048828125,2367.39990234375,2442.0,334
6003,2024-08-06,2389.10009765625,2421.800048828125,2380.0,2414.5,163
6004,2024-08-07,2390.5,2401.0,2384.5,2392.199951171875,130
6005,2024-08-08,2422.199951171875,2422.800048828125,2384.300048828125,2384.300048828125,201
6006,2024-08-09,2432.10009765625,2432.10009765625,2418.5,2422.300048828125,611
6007,2024-08-12,2462.39990234375,2469.800048828125,2432.0,2432.699951171875,566
6008,2024-08-13,2466.699951171875,2470.0,2456.5,2461.0,510
6009,2024-08-14,2439.39990234375,2472.10009765625,2439.39990234375,2468.0,274
6010,2024-08-15,2453.10009765625,2467.699951171875,2431.199951171875,2451.800048828125,285
6011,2024-08-16,2498.60009765625,2508.0,2451.39990234375,2453.5,197
6012,2024-08-19,2501.800048828125,2508.5,2487.199951171875,2508.5,88
6013,2024-08-20,2511.300048828125,2527.300048828125,2500.699951171875,2503.5,187
6014,2024-08-21,2508.39990234375,2515.39990234375,2503.89990234375,2511.0,96
6015,2024-08-22,2478.89990234375,2504.10009765625,2471.10009765625,2504.10009765625,210
6016,2024-08-23,2508.39990234375,2508.39990234375,2486.5,2486.5,94
6017,2024-08-26,2517.699951171875,2523.10009765625,2509.10009765625,2509.89990234375,290
6018,2024-08-27,2516.0,2523.10009765625,2506.89990234375,2515.199951171875,100
6019,2024-08-28,2501.0,2501.0,2501.0,2501.0,2353
6020,2024-08-29,2525.699951171875,2525.699951171875,2503.89990234375,2504.10009765625,3966
6021,2024-08-30,2493.800048828125,2525.39990234375,2493.800048828125,2519.5,208
6022,2024-09-03,2489.89990234375,2501.800048828125,2476.300048828125,2501.60009765625,206
6023,2024-09-04,2493.39990234375,2493.39990234375,2483.5,2490.89990234375,470
6024,2024-09-05,2511.39990234375,2513.300048828125,2493.39990234375,2493.699951171875,54
6025,2024-09-06,2493.5,2517.89990234375,2483.699951171875,2510.300048828125,96
6026,2024-09-09,2501.800048828125,2504.699951171875,2491.300048828125,2491.300048828125,96
6027,2024-09-10,2512.300048828125,2512.300048828125,2512.300048828125,2512.300048828125,5
6028,2024-09-11,2512.10009765625,2525.800048828125,2502.300048828125,2525.800048828125,90
6029,2024-09-12,2551.199951171875,2557.0,2523.39990234375,2529.10009765625,132
6030,2024-09-13,2581.300048828125,2581.800048828125,2565.0,2568.800048828125,31
6031,2024-09-16,2580.39990234375,2580.39990234375,2580.39990234375,2580.39990234375,28
6032,2024-09-17,2564.300048828125,2581.800048828125,2564.300048828125,2581.199951171875,22
6033,2024-09-18,2570.699951171875,2570.699951171875,2549.199951171875,2570.699951171875,25
6034,2024-09-19,2588.0,2588.0,2566.0,2566.0,99
6035,2024-09-20,2619.89990234375,2621.800048828125,2590.39990234375,2590.39990234375,17
6036,2024-09-23,2626.5,2626.5,2626.5,2626.5,9
6037,2024-09-24,2651.199951171875,2662.300048828125,2625.5,2636.800048828125,35
6038,2024-09-25,2659.199951171875,2664.199951171875,2649.300048828125,2656.300048828125,175
6039,2024-09-26,2669.89990234375,2669.89990234375,2660.800048828125,2662.300048828125,17216
6040,2024-09-27,2644.300048828125,2672.10009765625,2641.699951171875,2670.0,4228
6041,2024-09-30,2636.10009765625,2662.10009765625,2623.199951171875,2660.89990234375,973
6042,2024-10-01,2667.300048828125,2670.89990234375,2631.39990234375,2631.39990234375,153
6043,2024-10-02,2647.10009765625,2657.199951171875,2640.0,2650.60009765625,72
6044,2024-10-03,2657.10009765625,2657.10009765625,2640.0,2642.800048828125,354
6045,2024-10-04,2645.800048828125,2667.0,2639.0,2656.0,114
6046,2024-10-07,2644.800048828125,2657.39990234375,2639.0,2648.699951171875,284
6047,2024-10-08,2615.0,2639.0,2609.300048828125,2639.0,687
6048,2024-10-09,2606.0,2607.699951171875,2603.0,2603.0,152
6049,2024-10-10,2620.60009765625,2628.300048828125,2602.5,2602.5,320
6050,2024-10-11,2657.60009765625,2658.10009765625,2638.199951171875,2638.300048828125,12
6051,2024-10-14,2647.800048828125,2655.300048828125,2647.800048828125,2655.0,40
6052,2024-10-15,2661.39990234375,2661.39990234375,2661.39990234375,2661.39990234375,39
6053,2024-10-16,2674.0,2674.0,2674.0,2674.0,6
6054,2024-10-17,2691.0,2691.699951171875,2677.199951171875,2677.39990234375,30
6055,2024-10-18,2713.699951171875,2719.60009765625,2713.699951171875,2713.699951171875,29
6056,2024-10-21,2723.10009765625,2738.39990234375,2719.5,2721.89990234375,52
6057,2024-10-22,2744.199951171875,2746.0,2728.60009765625,2731.699951171875,93
6058,2024-10-23,2714.39990234375,2742.5,2714.199951171875,2742.5,18
6059,2024-10-24,2734.89990234375,2736.10009765625,2729.0,2729.0,27
6060,2024-10-25,2740.89990234375,2742.39990234375,2725.5,2725.5,29
6061,2024-10-28,2742.89990234375,2742.89990234375,2729.5,2736.10009765625,56
6062,2024-10-29,2768.39990234375,2768.39990234375,2768.39990234375,2768.39990234375,848
6063,2024-10-30,2788.5,2789.0,2774.60009765625,2774.60009765625,231
6064,2024-10-31,2738.300048828125,2787.5,2733.5,2787.39990234375,849
6065,2024-11-01,2738.60009765625,2756.0,2734.199951171875,2745.5,109
6066,2024-11-04,2736.10009765625,2737.10009765625,2736.10009765625,2736.5,16
6067,2024-11-05,2740.300048828125,2743.89990234375,2740.300048828125,2743.0,23
6068,2024-11-06,2667.60009765625,2734.5,2659.39990234375,2734.5,427
6069,2024-11-07,2698.39990234375,2699.10009765625,2662.5,2662.5,676
6070,2024-11-08,2687.5,2694.60009765625,2682.89990234375,2688.5,1038
6071,2024-11-11,2611.199951171875,2671.699951171875,2611.199951171875,2671.699951171875,20
6072,2024-11-12,2600.0,2605.5,2592.800048828125,2605.5,118
6073,2024-11-13,2580.800048828125,2611.800048828125,2580.800048828125,2611.10009765625,53
6074,2024-11-14,2568.199951171875,2576.199951171875,2554.199951171875,2555.10009765625,27
6075,2024-11-15,2565.699951171875,2565.699951171875,2565.699951171875,2565.699951171875,20
6076,2024-11-18,2610.60009765625,2610.699951171875,2589.39990234375,2591.699951171875,136
6077,2024-11-19,2627.10009765625,2627.699951171875,2619.300048828125,2621.89990234375,87
6078,2024-11-20,2648.199951171875,2648.199951171875,2638.5,2638.5,27
6079,2024-11-21,2672.10009765625,2672.10009765625,2655.699951171875,2659.300048828125,33
6080,2024-11-22,2709.89990234375,2710.5,2685.60009765625,2687.5,41
6081,2024-11-25,2616.800048828125,2689.39990234375,2616.800048828125,2689.39990234375,94
6082,2024-11-26,2620.300048828125,2625.60009765625,2620.300048828125,2625.60009765625,177858
6083,2024-11-27,2639.89990234375,2657.89990234375,2627.199951171875,2633.5,61653
6084,2024-11-29,2657.0,2664.300048828125,2620.699951171875,2636.39990234375,3861
6085,2024-12-02,2634.89990234375,2649.800048828125,2621.699951171875,2649.0,695
6086,2024-12-03,2644.699951171875,2654.699951171875,2636.0,2639.0,1062
6087,2024-12-04,2653.800048828125,2658.300048828125,2637.0,2639.199951171875,249
6088,2024-12-05,2626.60009765625,2655.0,2625.699951171875,2652.39990234375,573
6089,2024-12-06,2638.60009765625,2643.10009765625,2617.5,2620.199951171875,571
6090,2024-12-09,2664.89990234375,2677.10009765625,2630.800048828125,2632.10009765625,935
6091,2024-12-10,2697.60009765625,2698.199951171875,2661.0,2662.300048828125,437
6092,2024-12-11,2733.800048828125,2733.800048828125,2693.10009765625,2701.800048828125,3387
6093,2024-12-12,2687.5,2725.10009765625,2677.39990234375,2725.10009765625,2365
6094,2024-12-13,2656.0,2689.300048828125,2647.89990234375,2688.199951171875,1125
6095,2024-12-16,2651.39990234375,2663.300048828125,2651.0,2658.300048828125,877
6096,2024-12-17,2644.39990234375,2652.300048828125,2632.5,2651.800048828125,705
6097,2024-12-18,2636.5,2647.10009765625,2590.199951171875,2644.300048828125,566
6098,2024-12-19,2592.199951171875,2610.300048828125,2582.10009765625,2582.10009765625,238
6099,2024-12-20,2628.699951171875,2631.60009765625,2604.89990234375,2605.300048828125,592
6100,2024-12-23,2612.300048828125,2627.699951171875,2611.10009765625,2620.0,451
6101,2024-12-24,2620.0,2620.0,2609.5,2613.0,35
6102,2024-12-26,2638.800048828125,2638.800048828125,2627.89990234375,2628.5,84
6103,2024-12-27,2617.199951171875,2617.699951171875,2616.39990234375,2617.699951171875,642
6104,2024-12-30,2606.10009765625,2626.89990234375,2597.0,2620.699951171875,794
6105,2024-12-31,2629.199951171875,2629.199951171875,2604.89990234375,2608.39990234375,401
6106,2025-01-02,2658.89990234375,2663.10009765625,2633.0,2633.0,1728
6107,2025-01-03,2645.0,2658.699951171875,2641.800048828125,2658.699951171875,591
6108,2025-01-06,2638.39990234375,2647.0,2617.300048828125,2645.5,960
6109,2025-01-07,2656.699951171875,2657.5,2653.0,2653.39990234375,643
6110,2025-01-08,2664.5,2676.89990234375,2653.5,2655.5,999
6111,2025-01-09,2683.800048828125,2686.300048828125,2667.89990234375,2669.699951171875,1139
6112,2025-01-10,2708.5,2720.10009765625,2683.699951171875,2686.10009765625,403
6113,2025-01-13,2673.5,2711.199951171875,2673.5,2711.10009765625,765
6114,2025-01-14,2677.5,2688.300048828125,2670.800048828125,2673.60009765625,794
6115,2025-01-15,2712.5,2712.5,2690.800048828125,2690.800048828125,930
6116,2025-01-16,2746.39990234375,2749.800048828125,2731.699951171875,2731.699951171875,1721
6117,2025-01-17,2744.300048828125,2751.60009765625,2725.5,2736.0,1214
6118,2025-01-21,2755.0,2755.0,2724.800048828125,2746.0,1439
6119,2025-01-22,2767.60009765625,2768.800048828125,2753.5,2754.5,2079
6120,2025-01-23,2763.10009765625,2765.0,2745.39990234375,2760.0,2201
6121,2025-01-24,2777.300048828125,2792.0,2759.800048828125,2759.800048828125,1593
6122,2025-01-27,2737.5,2762.199951171875,2737.5,2761.10009765625,984
6123,2025-01-28,2766.800048828125,2766.800048828125,2738.0,2738.0,2307
6124,2025-01-29,2769.10009765625,2769.10009765625,2769.10009765625,2769.10009765625,125692
6125,2025-01-30,2823.0,2829.5,2770.0,2772.5,40141
6126,2025-01-31,2812.5,2838.0,2804.0,2829.0,3443
6127,2025-02-03,2833.89990234375,2848.39990234375,2780.89990234375,2818.199951171875,2649
6128,2025-02-04,2853.300048828125,2853.300048828125,2816.10009765625,2827.60009765625,2187
6129,2025-02-05,2871.60009765625,2880.5,2848.0,2850.0,4519
6130,2025-02-06,2856.0,2871.699951171875,2836.300048828125,2865.199951171875,3116
6131,2025-02-07,2867.300048828125,2889.5,2857.800048828125,2859.89990234375,1822
6132,2025-02-10,2914.300048828125,2916.10009765625,2863.800048828125,2864.199951171875,2237
6133,2025-02-11,2912.5,2945.39990234375,2890.0,2925.5,2554
6134,2025-02-12,2909.0,2912.300048828125,2868.60009765625,2902.0,2504
6135,2025-02-13,2925.89990234375,2937.699951171875,2910.60009765625,2911.300048828125,4670
6136,2025-02-14,2883.60009765625,2944.39990234375,2874.800048828125,2937.300048828125,1992
6137,2025-02-18,2931.60009765625,2936.39990234375,2873.800048828125,2879.199951171875,4010
6138,2025-02-19,2919.39990234375,2946.0,2917.10009765625,2938.699951171875,2630
6139,2025-02-20,2940.0,2955.800048828125,2924.199951171875,2949.10009765625,656
6140,2025-02-21,2937.60009765625,2940.0,2917.300048828125,2938.800048828125,570
6141,2025-02-24,2947.89990234375,2957.89990234375,2933.10009765625,2933.10009765625,415
6142,2025-02-25,2904.5,2943.199951171875,2890.0,2938.699951171875,1854
6143,2025-02-26,2916.800048828125,2917.0,2913.0,2913.5,2050
6144,2025-02-27,2883.199951171875,2922.800048828125,2870.39990234375,2918.5,3215
6145,2025-02-28,2836.800048828125,2877.10009765625,2834.10009765625,2877.10009765625,990
6146,2025-03-03,2890.199951171875,2891.800048828125,2863.39990234375,2872.699951171875,423
6147,2025-03-04,2909.60009765625,2927.89990234375,2886.10009765625,2886.10009765625,885
6148,2025-03-05,2915.300048828125,2922.0,2893.0,2916.699951171875,551
6149,2025-03-06,2916.60009765625,2918.60009765625,2903.800048828125,2904.0,870
6150,2025-03-07,2904.699951171875,2927.300048828125,2900.5,2900.89990234375,531
6151,2025-03-10,2891.0,2915.10009765625,2880.199951171875,2910.10009765625,55
6152,2025-03-11,2912.89990234375,2916.699951171875,2880.39990234375,2884.39990234375,197
6153,2025-03-12,2939.10009765625,2939.10009765625,2910.0,2912.0,213
6154,2025-03-13,2984.300048828125,2988.0,2935.199951171875,2937.10009765625,2366
6155,2025-03-14,2994.5,3004.800048828125,2986.0,2994.39990234375,1800
6156,2025-03-17,3000.0,3001.5,2989.0,2991.0,214
6157,2025-03-18,3035.10009765625,3039.199951171875,3004.39990234375,3006.39990234375,428
6158,2025-03-19,3035.89990234375,3050.89990234375,3030.89990234375,3035.199951171875,175
6159,2025-03-20,3040.0,3047.300048828125,3034.39990234375,3047.300048828125,185
6160,2025-03-21,3018.199951171875,3037.5,3000.89990234375,3034.5,151
6161,2025-03-24,3013.10009765625,3024.300048828125,3006.0,3024.300048828125,137
6162,2025-03-25,3023.699951171875,3028.800048828125,3023.699951171875,3026.39990234375,74
6163,2025-03-26,3020.89990234375,3033.199951171875,3019.5,3033.199951171875,83
6164,2025-03-27,3060.199951171875,3065.0,3025.5,3025.5,124359
6165,2025-03-28,3086.5,3094.89990234375,3066.800048828125,3069.699951171875,31206
6166,2025-03-31,3122.800048828125,3132.5,3086.0,3091.0,3438
6167,2025-04-01,3118.89990234375,3149.5,3104.0,3129.699951171875,1721
6168,2025-04-02,3139.89990234375,3168.60009765625,3117.39990234375,3120.699951171875,5946
6169,2025-04-03,3097.0,3166.89990234375,3052.0,3150.0,5516
6170,2025-04-04,3012.0,3127.699951171875,3011.0,3110.5,3247
6171,2025-04-07,2951.300048828125,3050.800048828125,2949.699951171875,3016.39990234375,4424
6172,2025-04-08,2968.39990234375,3014.5,2968.39990234375,2994.0,3213
6173,2025-04-09,3056.5,3090.39990234375,2965.800048828125,2965.800048828125,2175
6174,2025-04-10,3155.199951171875,3167.0,3072.10009765625,3073.89990234375,3456
6175,2025-04-11,3222.199951171875,3235.0,3182.10009765625,3182.10009765625,862
6176,2025-04-14,3204.800048828125,3228.800048828125,3194.5,3215.5,263
6177,2025-04-15,3218.699951171875,3218.699951171875,3214.0,3216.0,390
6178,2025-04-16,3326.60009765625,3334.89990234375,3238.300048828125,3238.300048828125,1874
6179,2025-04-17,3308.699951171875,3345.0,3287.800048828125,3345.0,824
6180,2025-04-21,3406.199951171875,3418.5,3342.199951171875,3342.199951171875,824
6181,2025-04-22,3456.39990234375,3509.89990234375,3423.89990234375,3435.10009765625,239983
